customer_id,signup_date,age_group,country,company_size,acquisition_channel,customer_type
C00001,2026-03-27,25-34,India,Individual,Google Ads,Individual
C00002,2025-12-08,35-44,Singapore,Individual,Organic,Individual
C00003,2025-11-14,45-54,Canada,Small,Partner,Individual
C00004,2025-04-11,25-34,India,Medium,Referral,Business
C00005,2026-03-01,35-44,India,Medium,Google Ads,Individual
C00006,2025-09-26,25-34,United States,Individual,Google Ads,Individual
C00007,2025-05-05,25-34,India,Individual,Google Ads,Business
C00008,2025-12-17,35-44,Australia,Individual,Organic,Business
C00009,2025-08-30,35-44,Australia,Medium,Partner,Individual
C00010,2025-04-26,25-34,India,Individual,Google Ads,Business
C00011,2025-06-24,25-34,United Kingdom,Individual,Organic,Business
C00012,2025-11-23,35-44,United Kingdom,Individual,Organic,Business
C00013,2025-07-07,25-34,Canada,Small,Partner,Individual
C00014,2026-02-27,35-44,Australia,Medium,Organic,Business
C00015,2025-10-18,45-54,India,Small,Organic,Business
C00016,2025-01-07,25-34,India,Medium,Referral,Business
C00017,2025-05-02,25-34,India,Small,Organic,Business
C00018,2025-07-31,18-24,India,Individual,Organic,Individual
C00019,2026-03-03,45-54,United States,Large,Meta Ads,Individual
C00020,2025-10-07,45-54,India,Large,Referral,Individual
C00021,2025-01-28,18-24,India,Large,Meta Ads,Business
C00022,2025-12-14,25-34,United States,Small,Organic,Business
C00023,2025-01-27,25-34,United States,Individual,Partner,Individual
C00024,2026-03-07,35-44,India,Individual,Google Ads,Individual
C00025,2025-12-22,35-44,Australia,Individual,Referral,Business
C00026,2026-04-30,35-44,India,Small,Partner,Business
C00027,2026-04-16,45-54,United Kingdom,Small,Google Ads,Individual
C00028,2025-01-04,25-34,Canada,Individual,Referral,Individual
C00029,2025-12-12,45-54,India,Medium,Meta Ads,Individual
C00030,2025-03-06,25-34,United States,Individual,Meta Ads,Individual
C00031,2025-05-18,18-24,India,Individual,Meta Ads,Individual
C00032,2025-11-23,45-54,Singapore,Individual,Meta Ads,Business
C00033,2026-05-02,25-34,India,Medium,Google Ads,Individual
C00034,2025-05-11,35-44,Canada,Individual,Referral,Business
C00035,2026-01-09,25-34,India,Small,Organic,Business
C00036,2025-04-29,55+,Australia,Small,Referral,Business
C00037,2025-08-19,25-34,India,Individual,Organic,Individual
C00038,2025-11-20,25-34,Singapore,Medium,Google Ads,Business
C00039,2025-01-05,55+,United States,Small,Email,Individual
C00040,2025-09-29,45-54,Canada,Medium,Referral,Individual
C00041,2026-04-08,25-34,United States,Small,Organic,Business
C00042,2026-05-02,45-54,India,Individual,Referral,Business
C00043,2025-05-08,35-44,Singapore,Small,Email,Individual
C00044,2026-05-10,55+,United States,Small,Google Ads,Business
C00045,2025-01-06,35-44,India,Individual,Organic,Individual
C00046,2025-08-30,25-34,Canada,Medium,Partner,Business
C00047,2025-01-24,25-34,India,Individual,Google Ads,Business
C00048,2026-04-04,25-34,India,Large,Organic,Individual
C00049,2026-03-16,18-24,United States,Individual,Organic,Business
C00050,2026-04-20,25-34,United States,Individual,Partner,Individual
C00051,2025-05-23,25-34,Singapore,Individual,Referral,Business
C00052,2026-04-14,25-34,United States,Large,Google Ads,Business
C00053,2025-10-23,35-44,United States,Large,Organic,Individual
C00054,2025-03-13,35-44,India,Individual,Referral,Individual
C00055,2026-03-14,25-34,Canada,Individual,Google Ads,Business
C00056,2026-02-22,45-54,India,Individual,Google Ads,Business
C00057,2026-04-27,45-54,India,Medium,Meta Ads,Business
C00058,2025-07-30,18-24,India,Individual,Google Ads,Individual
C00059,2025-11-08,35-44,United States,Medium,Partner,Business
C00060,2025-07-05,35-44,United Kingdom,Individual,Partner,Individual
C00061,2025-03-27,55+,United Kingdom,Large,Organic,Business
C00062,2026-02-20,35-44,Australia,Individual,Google Ads,Business
C00063,2025-09-10,45-54,United States,Individual,Referral,Business
C00064,2026-04-27,25-34,United States,Medium,Referral,Business
C00065,2025-12-10,25-34,Canada,Individual,Google Ads,Individual
C00066,2025-12-07,35-44,United States,Medium,Google Ads,Individual
C00067,2026-04-13,35-44,India,Individual,Organic,Individual
C00068,2025-04-04,25-34,Australia,Large,Organic,Individual
C00069,2026-04-22,18-24,United Kingdom,Medium,Google Ads,Individual
C00070,2025-01-07,18-24,Australia,Individual,Google Ads,Individual
C00071,2026-01-21,45-54,Australia,Individual,Referral,Business
C00072,2026-01-10,45-54,India,Individual,Organic,Individual
C00073,2025-12-27,25-34,India,Medium,Meta Ads,Individual
C00074,2025-04-10,25-34,United Kingdom,Small,Organic,Business
C00075,2025-08-13,35-44,India,Individual,Meta Ads,Individual
C00076,2025-12-22,45-54,India,Medium,Google Ads,Individual
C00077,2025-09-03,25-34,Canada,Small,Google Ads,Individual
C00078,2025-12-29,18-24,India,Individual,Organic,Individual
C00079,2026-03-26,25-34,Singapore,Medium,Meta Ads,Business
C00080,2025-11-28,25-34,India,Small,Referral,Individual
C00081,2025-12-08,18-24,Singapore,Small,Referral,Individual
C00082,2025-02-07,18-24,Australia,Individual,Email,Individual
C00083,2026-05-16,25-34,India,Medium,Organic,Business
C00084,2025-12-17,25-34,India,Large,Partner,Individual
C00085,2025-10-11,18-24,India,Small,Google Ads,Business
C00086,2025-09-18,55+,United States,Individual,Meta Ads,Individual
C00087,2025-03-11,35-44,India,Large,Email,Individual
C00088,2025-04-08,18-24,United States,Individual,Organic,Individual
C00089,2025-06-25,18-24,United States,Small,Google Ads,Business
C00090,2026-05-04,45-54,India,Small,Referral,Business
C00091,2025-12-11,25-34,United States,Individual,Google Ads,Business
C00092,2026-01-01,25-34,United States,Individual,Partner,Individual
C00093,2025-08-19,25-34,United States,Small,Referral,Individual
C00094,2025-07-14,35-44,Australia,Individual,Organic,Business
C00095,2025-09-26,25-34,United Kingdom,Individual,Email,Individual
C00096,2025-05-19,25-34,Canada,Individual,Meta Ads,Individual
C00097,2026-03-20,25-34,India,Large,Organic,Business
C00098,2026-04-18,35-44,United States,Individual,Organic,Individual
C00099,2025-04-20,25-34,India,Individual,Google Ads,Individual
C00100,2025-03-28,45-54,Canada,Individual,Email,Business
C00101,2026-02-01,25-34,Canada,Large,Partner,Individual
C00102,2026-03-08,35-44,India,Small,Organic,Individual
C00103,2026-03-12,35-44,United States,Small,Referral,Business
C00104,2025-12-15,35-44,India,Small,Meta Ads,Individual
C00105,2026-05-14,35-44,Canada,Small,Meta Ads,Individual
C00106,2025-09-09,25-34,India,Medium,Google Ads,Individual
C00107,2025-12-10,25-34,India,Individual,Organic,Individual
C00108,2026-05-15,25-34,India,Individual,Organic,Business
C00109,2026-01-19,45-54,United States,Medium,Meta Ads,Business
C00110,2026-02-10,45-54,Australia,Individual,Referral,Individual
C00111,2026-01-20,45-54,India,Large,Meta Ads,Individual
C00112,2025-08-01,45-54,India,Medium,Referral,Business
C00113,2025-12-12,25-34,India,Medium,Organic,Business
C00114,2025-11-25,25-34,India,Individual,Google Ads,Individual
C00115,2026-04-30,25-34,Singapore,Small,Google Ads,Business
C00116,2026-01-06,35-44,Canada,Individual,Email,Business
C00117,2025-05-19,35-44,India,Large,Google Ads,Individual
C00118,2025-09-10,45-54,United Kingdom,Individual,Partner,Individual
C00119,2025-04-09,35-44,India,Medium,Organic,Individual
C00120,2025-11-21,18-24,Singapore,Individual,Meta Ads,Business
C00121,2025-07-25,25-34,United Kingdom,Individual,Email,Business
C00122,2025-07-02,25-34,Australia,Individual,Organic,Individual
C00123,2026-05-13,55+,Canada,Individual,Organic,Individual
C00124,2025-09-04,25-34,India,Individual,Meta Ads,Business
C00125,2025-12-25,35-44,India,Small,Email,Individual
C00126,2025-07-29,25-34,United States,Small,Organic,Individual
C00127,2026-01-01,18-24,Canada,Individual,Referral,Business
C00128,2025-01-01,45-54,India,Individual,Google Ads,Business
C00129,2025-10-25,35-44,India,Medium,Google Ads,Business
C00130,2025-11-27,25-34,United States,Individual,Organic,Individual
C00131,2026-03-31,45-54,United States,Small,Referral,Business
C00132,2025-04-07,35-44,India,Medium,Google Ads,Individual
C00133,2026-01-16,35-44,India,Small,Referral,Business
C00134,2026-01-06,25-34,India,Individual,Partner,Business
C00135,2025-05-31,45-54,India,Small,Meta Ads,Business
C00136,2026-05-06,35-44,United States,Small,Google Ads,Business
C00137,2025-03-04,45-54,India,Large,Meta Ads,Individual
C00138,2025-06-27,25-34,Singapore,Individual,Meta Ads,Business
C00139,2025-04-12,25-34,Australia,Small,Meta Ads,Business
C00140,2025-04-15,25-34,United States,Individual,Meta Ads,Individual
C00141,2025-12-08,25-34,India,Small,Meta Ads,Business
C00142,2025-08-27,25-34,India,Individual,Google Ads,Business
C00143,2025-01-28,25-34,Singapore,Medium,Google Ads,Individual
C00144,2025-04-15,18-24,India,Small,Meta Ads,Individual
C00145,2025-12-12,18-24,Singapore,Medium,Referral,Individual
C00146,2025-05-16,25-34,India,Small,Organic,Individual
C00147,2025-10-25,35-44,India,Individual,Organic,Individual
C00148,2025-04-26,18-24,United States,Small,Meta Ads,Individual
C00149,2025-03-26,25-34,United States,Small,Organic,Individual
C00150,2025-11-08,25-34,India,Individual,Google Ads,Individual
C00151,2026-03-30,25-34,United States,Individual,Google Ads,Individual
C00152,2025-09-22,45-54,India,Individual,Partner,Business
C00153,2025-11-09,18-24,India,Small,Organic,Business
C00154,2025-05-27,25-34,United Kingdom,Small,Organic,Individual
C00155,2025-04-03,45-54,United Kingdom,Small,Referral,Individual
C00156,2025-05-22,25-34,United States,Individual,Organic,Individual
C00157,2025-02-14,45-54,Canada,Individual,Google Ads,Business
C00158,2025-11-02,25-34,India,Small,Email,Business
C00159,2026-02-25,35-44,Canada,Individual,Meta Ads,Individual
C00160,2025-12-18,45-54,India,Large,Google Ads,Individual
C00161,2025-08-25,18-24,India,Individual,Google Ads,Individual
C00162,2025-01-14,35-44,United Kingdom,Medium,Referral,Individual
C00163,2025-12-31,45-54,India,Individual,Organic,Individual
C00164,2025-02-03,25-34,India,Individual,Google Ads,Individual
C00165,2026-04-23,35-44,Singapore,Individual,Referral,Individual
C00166,2026-03-25,55+,United States,Individual,Referral,Business
C00167,2025-05-16,55+,Australia,Small,Partner,Business
C00168,2026-04-06,25-34,United States,Individual,Partner,Individual
C00169,2025-10-08,45-54,United Kingdom,Medium,Organic,Individual
C00170,2025-10-31,18-24,United States,Individual,Google Ads,Business
C00171,2026-02-05,25-34,India,Medium,Google Ads,Business
C00172,2025-09-14,45-54,Australia,Individual,Meta Ads,Individual
C00173,2025-07-11,35-44,Canada,Medium,Organic,Business
C00174,2025-01-10,25-34,Singapore,Small,Google Ads,Individual
C00175,2025-11-17,18-24,India,Individual,Referral,Business
C00176,2026-03-05,35-44,India,Small,Referral,Individual
C00177,2025-12-17,45-54,India,Small,Meta Ads,Individual
C00178,2025-04-02,45-54,India,Small,Organic,Business
C00179,2026-01-14,25-34,United Kingdom,Small,Referral,Individual
C00180,2025-07-28,35-44,India,Small,Google Ads,Individual
C00181,2025-01-18,25-34,Canada,Individual,Google Ads,Business
C00182,2025-02-24,35-44,United Kingdom,Small,Referral,Individual
C00183,2025-05-15,45-54,India,Individual,Organic,Individual
C00184,2025-10-16,35-44,United Kingdom,Individual,Google Ads,Individual
C00185,2025-07-14,35-44,Canada,Individual,Organic,Individual
C00186,2025-07-09,35-44,India,Medium,Referral,Individual
C00187,2026-05-01,35-44,India,Individual,Organic,Individual
C00188,2025-12-24,35-44,India,Small,Organic,Individual
C00189,2025-07-06,45-54,India,Individual,Email,Individual
C00190,2025-05-18,25-34,Australia,Small,Partner,Business
C00191,2025-01-22,25-34,United Kingdom,Large,Meta Ads,Individual
C00192,2025-01-14,55+,India,Small,Google Ads,Individual
C00193,2025-07-22,55+,Australia,Small,Meta Ads,Business
C00194,2025-06-12,18-24,Australia,Individual,Referral,Individual
C00195,2026-02-22,18-24,United Kingdom,Individual,Email,Business
C00196,2025-03-29,45-54,India,Medium,Partner,Individual
C00197,2025-12-25,25-34,United States,Medium,Organic,Business
C00198,2025-12-17,45-54,India,Individual,Referral,Business
C00199,2025-08-31,55+,Australia,Medium,Partner,Individual
C00200,2025-07-26,45-54,United States,Small,Organic,Individual
C00201,2026-02-02,35-44,Australia,Small,Email,Individual
C00202,2026-04-20,35-44,Australia,Large,Google Ads,Individual
C00203,2025-05-10,25-34,India,Individual,Meta Ads,Individual
C00204,2025-02-24,35-44,Australia,Small,Meta Ads,Business
C00205,2025-06-05,25-34,India,Individual,Referral,Individual
C00206,2025-10-31,18-24,India,Small,Meta Ads,Individual
C00207,2025-02-08,45-54,India,Individual,Google Ads,Business
C00208,2025-06-12,45-54,Canada,Small,Google Ads,Individual
C00209,2025-08-15,25-34,India,Small,Organic,Individual
C00210,2025-01-30,45-54,United Kingdom,Small,Organic,Individual
C00211,2025-08-15,35-44,Canada,Individual,Meta Ads,Individual
C00212,2025-03-10,35-44,Canada,Small,Email,Individual
C00213,2026-03-28,25-34,India,Small,Google Ads,Individual
C00214,2025-09-16,18-24,United States,Individual,Meta Ads,Individual
C00215,2025-09-14,25-34,Australia,Medium,Partner,Business
C00216,2025-01-15,18-24,United States,Small,Google Ads,Individual
C00217,2025-06-22,25-34,United States,Small,Email,Individual
C00218,2025-07-06,35-44,United Kingdom,Individual,Referral,Individual
C00219,2025-07-19,35-44,India,Large,Referral,Individual
C00220,2026-03-18,35-44,United States,Individual,Organic,Individual
C00221,2026-01-15,25-34,India,Small,Meta Ads,Business
C00222,2025-09-24,25-34,United Kingdom,Medium,Organic,Individual
C00223,2025-10-04,25-34,India,Small,Meta Ads,Individual
C00224,2025-08-01,45-54,Singapore,Individual,Meta Ads,Individual
C00225,2026-03-20,25-34,United States,Medium,Referral,Business
C00226,2025-05-02,45-54,Australia,Individual,Meta Ads,Individual
C00227,2025-05-08,45-54,United States,Small,Organic,Individual
C00228,2026-02-02,35-44,Canada,Individual,Google Ads,Individual
C00229,2026-05-13,25-34,India,Small,Meta Ads,Individual
C00230,2026-03-08,25-34,India,Small,Organic,Business
C00231,2025-09-17,45-54,India,Medium,Meta Ads,Business
C00232,2025-12-08,18-24,Australia,Individual,Google Ads,Individual
C00233,2026-03-25,25-34,India,Individual,Organic,Individual
C00234,2025-02-16,35-44,Australia,Individual,Meta Ads,Individual
C00235,2025-09-28,35-44,United States,Medium,Google Ads,Individual
C00236,2026-04-15,18-24,United States,Individual,Google Ads,Business
C00237,2025-01-11,25-34,India,Individual,Partner,Business
C00238,2025-04-30,25-34,India,Individual,Partner,Business
C00239,2025-01-16,35-44,Singapore,Large,Meta Ads,Individual
C00240,2026-05-03,25-34,United States,Small,Referral,Business
C00241,2025-04-11,25-34,United States,Small,Meta Ads,Individual
C00242,2026-01-12,25-34,India,Individual,Meta Ads,Individual
C00243,2026-03-22,45-54,India,Large,Organic,Individual
C00244,2025-12-13,25-34,India,Medium,Partner,Business
C00245,2025-01-02,35-44,India,Small,Referral,Business
C00246,2025-02-28,18-24,India,Large,Meta Ads,Business
C00247,2025-10-26,35-44,India,Medium,Meta Ads,Individual
C00248,2026-02-07,18-24,India,Individual,Partner,Individual
C00249,2026-04-09,55+,India,Small,Meta Ads,Business
C00250,2025-09-30,45-54,India,Individual,Organic,Individual
C00251,2025-01-08,35-44,India,Large,Partner,Business
C00252,2025-01-07,45-54,India,Small,Referral,Business
C00253,2026-03-23,25-34,Australia,Medium,Organic,Business
C00254,2025-04-30,18-24,United States,Medium,Organic,Business
C00255,2025-10-27,18-24,United Kingdom,Small,Google Ads,Business
C00256,2026-04-04,25-34,India,Individual,Partner,Business
C00257,2025-09-20,45-54,India,Individual,Meta Ads,Individual
C00258,2025-03-06,25-34,United States,Small,Partner,Individual
C00259,2025-09-04,25-34,Singapore,Individual,Partner,Business
C00260,2025-11-07,25-34,India,Individual,Meta Ads,Business
C00261,2025-08-31,35-44,India,Individual,Meta Ads,Business
C00262,2025-05-27,45-54,India,Individual,Google Ads,Business
C00263,2025-05-02,55+,Singapore,Individual,Referral,Individual
C00264,2025-12-17,25-34,India,Medium,Organic,Individual
C00265,2025-07-28,35-44,United States,Medium,Meta Ads,Individual
C00266,2026-04-21,25-34,Singapore,Individual,Email,Business
C00267,2025-06-26,25-34,Canada,Individual,Referral,Individual
C00268,2025-06-22,35-44,India,Individual,Referral,Individual
C00269,2026-03-31,45-54,United States,Large,Organic,Business
C00270,2026-04-03,45-54,India,Medium,Referral,Individual
C00271,2025-11-21,45-54,United Kingdom,Small,Partner,Business
C00272,2025-12-09,18-24,Australia,Individual,Organic,Individual
C00273,2025-01-07,35-44,India,Large,Referral,Individual
C00274,2025-08-01,55+,India,Medium,Referral,Business
C00275,2026-02-26,18-24,United Kingdom,Large,Partner,Individual
C00276,2025-11-20,25-34,United States,Small,Google Ads,Individual
C00277,2025-04-03,25-34,India,Individual,Referral,Individual
C00278,2025-11-06,35-44,India,Medium,Google Ads,Business
C00279,2025-09-10,45-54,United States,Medium,Organic,Business
C00280,2026-03-26,35-44,United States,Individual,Email,Individual
C00281,2025-01-01,25-34,India,Large,Email,Individual
C00282,2025-07-26,25-34,India,Small,Meta Ads,Business
C00283,2025-07-18,45-54,United States,Small,Organic,Business
C00284,2025-06-25,25-34,India,Small,Referral,Business
C00285,2025-11-27,45-54,India,Individual,Email,Business
C00286,2026-01-24,45-54,Canada,Individual,Organic,Business
C00287,2025-09-10,45-54,India,Individual,Google Ads,Business
C00288,2025-11-04,55+,India,Small,Partner,Business
C00289,2026-02-12,55+,India,Large,Email,Individual
C00290,2025-09-10,35-44,United States,Individual,Partner,Individual
C00291,2025-03-23,35-44,United States,Individual,Google Ads,Business
C00292,2025-05-10,25-34,United Kingdom,Small,Partner,Individual
C00293,2025-05-09,18-24,United States,Individual,Referral,Business
C00294,2025-06-15,45-54,India,Individual,Google Ads,Business
C00295,2025-02-28,45-54,United States,Medium,Google Ads,Individual
C00296,2025-01-19,18-24,United Kingdom,Small,Google Ads,Individual
C00297,2026-01-04,25-34,India,Individual,Google Ads,Individual
C00298,2026-03-05,25-34,India,Individual,Meta Ads,Individual
C00299,2026-04-19,45-54,India,Medium,Meta Ads,Individual
C00300,2025-04-19,55+,India,Small,Partner,Individual
C00301,2025-01-29,25-34,Australia,Individual,Email,Business
C00302,2025-07-29,45-54,India,Large,Meta Ads,Business
C00303,2025-02-10,45-54,India,Individual,Meta Ads,Individual
C00304,2025-08-13,25-34,India,Small,Meta Ads,Individual
C00305,2025-06-05,18-24,United States,Individual,Meta Ads,Individual
C00306,2025-02-09,25-34,India,Small,Organic,Business
C00307,2025-08-14,25-34,India,Individual,Meta Ads,Individual
C00308,2025-06-30,25-34,India,Individual,Meta Ads,Business
C00309,2025-04-16,25-34,United States,Individual,Meta Ads,Individual
C00310,2025-08-07,55+,India,Individual,Partner,Individual
C00311,2025-07-21,25-34,Australia,Large,Email,Individual
C00312,2025-02-03,25-34,India,Medium,Google Ads,Individual
C00313,2025-04-09,25-34,India,Individual,Meta Ads,Individual
C00314,2025-03-11,25-34,India,Small,Meta Ads,Business
C00315,2026-01-21,25-34,United States,Large,Partner,Business
C00316,2025-03-27,18-24,India,Medium,Google Ads,Business
C00317,2025-08-06,18-24,Canada,Individual,Organic,Business
C00318,2025-06-25,35-44,Singapore,Medium,Meta Ads,Business
C00319,2025-03-23,25-34,India,Small,Organic,Individual
C00320,2025-02-19,25-34,India,Medium,Partner,Business
C00321,2025-02-16,25-34,Singapore,Small,Organic,Business
C00322,2025-08-18,35-44,India,Small,Referral,Business
C00323,2025-04-13,35-44,India,Small,Meta Ads,Business
C00324,2025-03-28,45-54,Canada,Small,Google Ads,Individual
C00325,2025-09-23,45-54,Australia,Individual,Google Ads,Individual
C00326,2025-11-03,55+,Singapore,Individual,Referral,Individual
C00327,2026-03-15,25-34,United Kingdom,Individual,Meta Ads,Individual
C00328,2026-02-07,25-34,India,Individual,Partner,Business
C00329,2026-04-13,18-24,India,Individual,Google Ads,Individual
C00330,2025-03-23,55+,India,Small,Organic,Individual
C00331,2025-08-25,35-44,India,Individual,Organic,Business
C00332,2026-03-16,18-24,India,Individual,Google Ads,Individual
C00333,2026-02-22,25-34,United Kingdom,Individual,Referral,Individual
C00334,2025-04-17,35-44,Australia,Individual,Email,Business
C00335,2026-03-31,25-34,United States,Individual,Organic,Individual
C00336,2026-04-13,25-34,India,Small,Google Ads,Business
C00337,2026-04-20,25-34,Canada,Individual,Referral,Business
C00338,2025-09-01,25-34,Australia,Individual,Email,Business
C00339,2025-02-12,45-54,India,Individual,Organic,Business
C00340,2025-01-17,25-34,India,Small,Organic,Business
C00341,2025-05-25,25-34,Singapore,Small,Partner,Business
C00342,2025-06-12,35-44,United Kingdom,Individual,Partner,Business
C00343,2026-03-21,55+,Singapore,Large,Referral,Individual
C00344,2025-06-01,25-34,Singapore,Individual,Partner,Individual
C00345,2025-11-27,25-34,United States,Large,Organic,Individual
C00346,2026-03-08,25-34,United Kingdom,Medium,Referral,Business
C00347,2025-07-23,55+,India,Medium,Referral,Business
C00348,2025-09-12,45-54,India,Individual,Google Ads,Business
C00349,2026-04-25,25-34,Singapore,Individual,Email,Business
C00350,2025-10-12,25-34,Singapore,Medium,Referral,Individual
C00351,2025-07-15,45-54,India,Small,Email,Business
C00352,2025-07-02,25-34,India,Individual,Google Ads,Individual
C00353,2025-11-09,25-34,United Kingdom,Medium,Organic,Individual
C00354,2025-02-08,35-44,India,Medium,Organic,Individual
C00355,2025-07-02,45-54,United Kingdom,Small,Meta Ads,Individual
C00356,2025-08-08,18-24,United Kingdom,Individual,Partner,Individual
C00357,2025-06-08,35-44,India,Individual,Organic,Business
C00358,2025-06-15,55+,Australia,Individual,Meta Ads,Business
C00359,2025-03-09,55+,India,Individual,Organic,Individual
C00360,2025-08-30,35-44,United Kingdom,Individual,Google Ads,Business
C00361,2025-04-15,35-44,India,Medium,Meta Ads,Individual
C00362,2025-05-02,35-44,India,Individual,Referral,Business
C00363,2025-07-28,25-34,India,Small,Google Ads,Individual
C00364,2025-10-30,25-34,United States,Small,Partner,Business
C00365,2026-03-10,45-54,India,Small,Organic,Business
C00366,2025-06-24,55+,Canada,Individual,Google Ads,Individual
C00367,2025-01-09,35-44,United States,Individual,Partner,Business
C00368,2025-09-10,25-34,India,Small,Google Ads,Business
C00369,2025-01-07,25-34,United States,Individual,Email,Individual
C00370,2026-03-05,35-44,Australia,Individual,Partner,Business
C00371,2026-02-18,25-34,India,Small,Email,Business
C00372,2026-04-18,35-44,India,Small,Organic,Business
C00373,2025-01-17,45-54,United States,Small,Email,Individual
C00374,2025-08-04,55+,Canada,Individual,Google Ads,Individual
C00375,2025-11-01,35-44,United Kingdom,Small,Partner,Business
C00376,2025-05-20,55+,United States,Medium,Meta Ads,Individual
C00377,2026-01-31,18-24,India,Medium,Google Ads,Business
C00378,2026-03-20,25-34,India,Medium,Organic,Individual
C00379,2025-01-05,25-34,India,Medium,Referral,Business
C00380,2025-07-20,25-34,India,Medium,Meta Ads,Business
C00381,2025-11-28,45-54,India,Small,Organic,Individual
C00382,2025-11-02,25-34,United States,Individual,Partner,Individual
C00383,2025-05-14,25-34,United Kingdom,Medium,Partner,Business
C00384,2026-03-06,35-44,India,Small,Meta Ads,Business
C00385,2025-08-12,35-44,Australia,Individual,Email,Business
C00386,2026-04-21,18-24,India,Individual,Meta Ads,Individual
C00387,2026-02-05,45-54,India,Medium,Partner,Individual
C00388,2026-02-26,35-44,Canada,Medium,Google Ads,Business
C00389,2025-04-08,25-34,United Kingdom,Small,Partner,Business
C00390,2025-10-19,25-34,United States,Individual,Google Ads,Individual
C00391,2025-02-28,25-34,India,Individual,Partner,Individual
C00392,2026-02-25,25-34,India,Individual,Google Ads,Business
C00393,2026-05-10,25-34,Singapore,Individual,Google Ads,Individual
C00394,2025-02-24,45-54,India,Individual,Google Ads,Individual
C00395,2026-04-25,18-24,United Kingdom,Individual,Partner,Business
C00396,2025-02-01,25-34,Singapore,Individual,Google Ads,Individual
C00397,2026-01-04,18-24,United Kingdom,Individual,Referral,Business
C00398,2026-05-10,25-34,India,Individual,Partner,Individual
C00399,2025-07-22,35-44,Canada,Individual,Google Ads,Individual
C00400,2025-06-16,18-24,Australia,Individual,Meta Ads,Individual
C00401,2025-10-30,25-34,United Kingdom,Individual,Google Ads,Individual
C00402,2026-05-16,45-54,Singapore,Small,Organic,Business
C00403,2025-12-19,45-54,Australia,Small,Organic,Business
C00404,2025-02-20,25-34,Canada,Individual,Meta Ads,Business
C00405,2026-01-08,18-24,India,Individual,Email,Individual
C00406,2025-02-04,45-54,Canada,Individual,Meta Ads,Business
C00407,2026-02-09,25-34,India,Large,Referral,Business
C00408,2025-08-26,45-54,Canada,Individual,Organic,Business
C00409,2025-07-29,25-34,India,Individual,Google Ads,Individual
C00410,2026-02-06,18-24,India,Large,Organic,Individual
C00411,2025-09-21,25-34,India,Individual,Referral,Business
C00412,2026-04-04,55+,United States,Individual,Organic,Individual
C00413,2026-03-20,25-34,United States,Small,Organic,Business
C00414,2025-09-27,35-44,United States,Individual,Referral,Business
C00415,2026-01-29,35-44,India,Large,Organic,Business
C00416,2025-05-24,25-34,India,Medium,Organic,Individual
C00417,2025-11-14,45-54,India,Medium,Google Ads,Individual
C00418,2026-05-14,35-44,India,Small,Referral,Individual
C00419,2026-02-17,18-24,United Kingdom,Small,Meta Ads,Business
C00420,2025-06-16,45-54,India,Individual,Meta Ads,Individual
C00421,2026-04-10,55+,India,Small,Partner,Business
C00422,2025-11-15,35-44,Singapore,Large,Meta Ads,Individual
C00423,2026-01-07,35-44,United Kingdom,Large,Email,Individual
C00424,2026-01-25,35-44,India,Individual,Organic,Business
C00425,2025-11-13,25-34,India,Medium,Email,Business
C00426,2026-02-18,25-34,Australia,Small,Google Ads,Individual
C00427,2025-01-22,35-44,United States,Small,Meta Ads,Individual
C00428,2025-08-17,25-34,India,Small,Meta Ads,Business
C00429,2025-08-23,18-24,India,Large,Referral,Individual
C00430,2025-10-24,25-34,United States,Medium,Referral,Individual
C00431,2025-12-07,25-34,India,Large,Referral,Business
C00432,2025-03-18,55+,United Kingdom,Individual,Organic,Business
C00433,2025-01-06,55+,Australia,Medium,Email,Business
C00434,2025-01-26,35-44,Australia,Medium,Meta Ads,Individual
C00435,2025-12-21,35-44,Canada,Medium,Partner,Business
C00436,2026-05-15,35-44,United Kingdom,Large,Email,Individual
C00437,2025-07-06,35-44,Australia,Medium,Organic,Individual
C00438,2025-08-15,25-34,India,Individual,Organic,Business
C00439,2026-04-15,25-34,Canada,Small,Organic,Individual
C00440,2025-11-02,35-44,India,Small,Organic,Individual
C00441,2025-05-12,55+,India,Individual,Organic,Individual
C00442,2025-01-16,55+,India,Individual,Meta Ads,Individual
C00443,2025-11-24,35-44,United Kingdom,Individual,Google Ads,Individual
C00444,2025-09-24,25-34,India,Small,Email,Individual
C00445,2025-01-20,25-34,India,Individual,Organic,Individual
C00446,2025-11-03,18-24,India,Small,Referral,Business
C00447,2025-01-26,25-34,Canada,Individual,Organic,Individual
C00448,2025-06-11,25-34,India,Small,Referral,Business
C00449,2025-02-17,35-44,United States,Individual,Referral,Business
C00450,2025-09-02,35-44,India,Small,Organic,Individual
C00451,2025-04-19,45-54,India,Large,Partner,Business
C00452,2025-10-31,35-44,Canada,Individual,Referral,Business
C00453,2025-02-08,35-44,India,Individual,Organic,Business
C00454,2025-09-08,35-44,India,Small,Google Ads,Business
C00455,2025-12-19,25-34,Singapore,Small,Organic,Business
C00456,2025-02-22,45-54,United Kingdom,Large,Organic,Individual
C00457,2025-03-30,45-54,India,Individual,Google Ads,Individual
C00458,2025-01-05,25-34,India,Small,Referral,Individual
C00459,2025-01-13,55+,India,Individual,Email,Individual
C00460,2025-06-03,35-44,Singapore,Small,Google Ads,Individual
C00461,2025-03-05,35-44,United Kingdom,Medium,Meta Ads,Individual
C00462,2025-05-28,25-34,United States,Individual,Partner,Business
C00463,2025-01-16,25-34,India,Medium,Organic,Individual
C00464,2025-08-17,25-34,United States,Individual,Organic,Business
C00465,2026-01-29,35-44,India,Individual,Google Ads,Individual
C00466,2026-03-16,25-34,India,Small,Partner,Individual
C00467,2025-03-07,45-54,Canada,Individual,Organic,Business
C00468,2025-02-09,18-24,Singapore,Individual,Google Ads,Business
C00469,2025-08-14,35-44,United States,Medium,Organic,Business
C00470,2025-10-24,45-54,India,Large,Organic,Business
C00471,2025-01-12,18-24,India,Individual,Partner,Business
C00472,2025-10-28,25-34,India,Medium,Referral,Individual
C00473,2026-01-08,55+,Australia,Small,Organic,Individual
C00474,2025-11-29,35-44,India,Medium,Organic,Individual
C00475,2025-07-06,45-54,India,Small,Google Ads,Business
C00476,2025-12-23,45-54,United States,Small,Partner,Individual
C00477,2026-03-23,45-54,United States,Small,Partner,Individual
C00478,2025-05-17,18-24,India,Small,Google Ads,Individual
C00479,2026-03-19,18-24,India,Large,Referral,Individual
C00480,2025-09-02,35-44,Canada,Medium,Organic,Business
C00481,2025-10-15,35-44,Canada,Small,Organic,Individual
C00482,2025-09-22,45-54,India,Medium,Referral,Individual
C00483,2025-09-13,45-54,India,Individual,Meta Ads,Business
C00484,2025-12-27,25-34,India,Medium,Google Ads,Business
C00485,2025-06-25,45-54,India,Small,Organic,Individual
C00486,2026-05-03,35-44,India,Individual,Partner,Business
C00487,2026-03-26,55+,India,Small,Organic,Individual
C00488,2025-10-10,35-44,India,Individual,Meta Ads,Individual
C00489,2025-04-11,55+,United Kingdom,Individual,Referral,Business
C00490,2025-05-28,25-34,India,Large,Referral,Individual
C00491,2025-08-29,55+,United States,Individual,Organic,Individual
C00492,2025-08-26,35-44,India,Medium,Partner,Business
C00493,2026-01-03,45-54,India,Small,Meta Ads,Business
C00494,2026-02-07,18-24,United Kingdom,Small,Google Ads,Business
C00495,2025-09-06,45-54,India,Large,Partner,Business
C00496,2025-02-10,35-44,Singapore,Large,Email,Business
C00497,2025-11-27,45-54,India,Individual,Referral,Individual
C00498,2025-12-29,45-54,United Kingdom,Small,Partner,Individual
C00499,2025-01-05,18-24,Canada,Medium,Referral,Business
C00500,2025-01-28,25-34,United Kingdom,Individual,Meta Ads,Individual
C00501,2025-01-17,25-34,India,Small,Partner,Business
C00502,2025-11-16,45-54,India,Individual,Meta Ads,Business
C00503,2026-04-19,18-24,India,Individual,Google Ads,Business
C00504,2025-03-10,18-24,United States,Individual,Google Ads,Business
C00505,2026-03-14,45-54,United States,Individual,Meta Ads,Individual
C00506,2025-05-11,35-44,India,Small,Organic,Business
C00507,2025-01-03,25-34,India,Individual,Google Ads,Business
C00508,2026-04-16,55+,India,Small,Referral,Business
C00509,2025-03-30,45-54,United States,Large,Partner,Business
C00510,2025-09-30,25-34,India,Small,Google Ads,Business
C00511,2025-02-02,25-34,Canada,Medium,Email,Individual
C00512,2025-07-01,55+,India,Individual,Meta Ads,Business
C00513,2025-02-23,25-34,India,Small,Meta Ads,Individual
C00514,2025-08-01,35-44,India,Small,Meta Ads,Individual
C00515,2025-10-15,55+,United States,Individual,Google Ads,Individual
C00516,2026-05-13,25-34,India,Individual,Google Ads,Individual
C00517,2025-12-09,35-44,India,Individual,Organic,Business
C00518,2025-06-27,25-34,United Kingdom,Small,Meta Ads,Business
C00519,2025-05-20,25-34,India,Small,Referral,Individual
C00520,2025-09-02,25-34,India,Large,Google Ads,Business
C00521,2025-10-04,35-44,United Kingdom,Individual,Google Ads,Business
C00522,2026-04-29,25-34,Singapore,Individual,Referral,Individual
C00523,2025-05-19,25-34,United States,Small,Partner,Individual
C00524,2025-10-29,25-34,United Kingdom,Small,Organic,Business
C00525,2026-03-29,25-34,India,Small,Organic,Individual
C00526,2025-05-26,45-54,United Kingdom,Small,Meta Ads,Individual
C00527,2026-01-18,45-54,Australia,Small,Partner,Individual
C00528,2025-03-24,45-54,United Kingdom,Individual,Referral,Individual
C00529,2025-05-27,35-44,Australia,Individual,Organic,Business
C00530,2025-02-18,35-44,Australia,Individual,Organic,Business
C00531,2026-03-08,35-44,Canada,Small,Organic,Individual
C00532,2025-03-05,45-54,India,Small,Google Ads,Individual
C00533,2025-07-25,18-24,United States,Small,Partner,Business
C00534,2025-02-02,45-54,Australia,Medium,Partner,Individual
C00535,2025-10-28,35-44,India,Individual,Organic,Individual
C00536,2026-05-13,25-34,Singapore,Individual,Partner,Individual
C00537,2025-03-22,25-34,India,Individual,Referral,Business
C00538,2026-01-27,25-34,India,Large,Meta Ads,Individual
C00539,2025-08-31,25-34,India,Medium,Referral,Individual
C00540,2025-08-06,35-44,Singapore,Individual,Email,Individual
C00541,2025-10-06,25-34,United States,Medium,Organic,Business
C00542,2025-02-21,45-54,Canada,Small,Referral,Individual
C00543,2025-06-09,35-44,United States,Individual,Meta Ads,Business
C00544,2026-04-28,35-44,United States,Individual,Meta Ads,Individual
C00545,2025-07-21,25-34,India,Medium,Organic,Business
C00546,2025-04-12,35-44,India,Individual,Google Ads,Business
C00547,2025-11-19,35-44,India,Small,Google Ads,Business
C00548,2025-12-22,35-44,Singapore,Individual,Partner,Business
C00549,2025-08-26,35-44,Canada,Medium,Partner,Individual
C00550,2026-03-25,18-24,Singapore,Individual,Google Ads,Business
C00551,2026-01-07,35-44,United States,Individual,Google Ads,Individual
C00552,2025-04-26,45-54,United States,Individual,Google Ads,Individual
C00553,2025-08-06,18-24,Singapore,Individual,Meta Ads,Individual
C00554,2025-05-11,35-44,Canada,Individual,Google Ads,Individual
C00555,2025-08-12,18-24,United Kingdom,Small,Partner,Business
C00556,2026-04-02,35-44,United States,Small,Organic,Individual
C00557,2025-09-30,25-34,India,Medium,Partner,Business
C00558,2025-06-09,18-24,United States,Individual,Referral,Individual
C00559,2025-06-11,25-34,India,Individual,Referral,Individual
C00560,2025-10-19,45-54,India,Small,Partner,Business
C00561,2025-12-09,25-34,Australia,Small,Google Ads,Individual
C00562,2025-12-24,55+,United States,Individual,Google Ads,Individual
C00563,2025-06-08,35-44,India,Large,Google Ads,Business
C00564,2025-12-12,35-44,Canada,Small,Google Ads,Business
C00565,2025-03-26,55+,United Kingdom,Individual,Referral,Business
C00566,2025-11-03,45-54,United States,Large,Meta Ads,Individual
C00567,2025-07-02,35-44,India,Small,Organic,Business
C00568,2025-08-07,45-54,United Kingdom,Small,Referral,Individual
C00569,2025-04-04,35-44,India,Small,Email,Business
C00570,2025-10-06,45-54,Singapore,Small,Email,Individual
C00571,2025-05-19,45-54,India,Medium,Google Ads,Individual
C00572,2026-01-12,55+,India,Individual,Email,Business
C00573,2026-03-08,45-54,United States,Individual,Partner,Business
C00574,2026-03-30,45-54,United Kingdom,Individual,Meta Ads,Business
C00575,2025-01-08,35-44,India,Small,Referral,Business
C00576,2025-03-25,55+,United States,Small,Meta Ads,Business
C00577,2025-01-19,18-24,India,Individual,Organic,Individual
C00578,2025-01-28,25-34,Australia,Individual,Partner,Individual
C00579,2025-11-09,35-44,India,Small,Meta Ads,Individual
C00580,2025-09-22,25-34,India,Small,Organic,Individual
C00581,2025-07-07,25-34,India,Medium,Google Ads,Individual
C00582,2025-01-30,25-34,India,Individual,Meta Ads,Individual
C00583,2025-12-17,25-34,United States,Individual,Partner,Business
C00584,2026-04-21,45-54,India,Individual,Partner,Business
C00585,2025-04-21,25-34,United States,Individual,Meta Ads,Individual
C00586,2026-03-20,25-34,United Kingdom,Medium,Partner,Business
C00587,2025-01-02,55+,India,Individual,Meta Ads,Individual
C00588,2025-04-10,35-44,India,Small,Referral,Individual
C00589,2025-09-23,35-44,United States,Small,Partner,Individual
C00590,2026-04-28,45-54,Canada,Individual,Google Ads,Business
C00591,2025-06-02,45-54,India,Small,Organic,Individual
C00592,2026-02-07,45-54,India,Small,Meta Ads,Individual
C00593,2026-01-29,45-54,United Kingdom,Small,Google Ads,Business
C00594,2025-05-27,35-44,United States,Individual,Partner,Business
C00595,2025-01-06,45-54,India,Medium,Google Ads,Individual
C00596,2025-05-28,35-44,India,Small,Referral,Business
C00597,2025-04-05,35-44,United States,Small,Google Ads,Individual
C00598,2025-01-13,45-54,Canada,Individual,Partner,Business
C00599,2025-01-03,25-34,India,Individual,Referral,Individual
C00600,2025-06-26,25-34,India,Individual,Email,Individual
C00601,2025-12-10,18-24,United Kingdom,Small,Google Ads,Individual
C00602,2026-05-08,18-24,Australia,Medium,Google Ads,Individual
C00603,2025-08-11,35-44,India,Medium,Organic,Business
C00604,2025-07-27,25-34,United States,Large,Organic,Individual
C00605,2025-02-13,25-34,United States,Individual,Google Ads,Individual
C00606,2025-11-25,25-34,United States,Individual,Organic,Business
C00607,2026-02-14,35-44,Australia,Individual,Meta Ads,Business
C00608,2025-01-05,18-24,India,Small,Organic,Individual
C00609,2026-02-15,35-44,United Kingdom,Medium,Organic,Individual
C00610,2025-10-09,55+,Australia,Individual,Organic,Individual
C00611,2025-12-30,35-44,United States,Individual,Partner,Individual
C00612,2025-08-27,25-34,India,Individual,Organic,Individual
C00613,2026-04-13,25-34,United States,Large,Meta Ads,Business
C00614,2026-05-14,18-24,United States,Large,Partner,Individual
C00615,2025-07-18,45-54,United States,Individual,Organic,Individual
C00616,2025-04-13,25-34,United States,Individual,Meta Ads,Individual
C00617,2026-03-17,35-44,India,Individual,Partner,Business
C00618,2026-03-01,25-34,India,Individual,Organic,Individual
C00619,2025-09-08,35-44,India,Individual,Organic,Business
C00620,2025-07-17,35-44,Canada,Small,Organic,Business
C00621,2025-06-27,18-24,Singapore,Large,Google Ads,Business
C00622,2025-04-23,25-34,India,Individual,Organic,Individual
C00623,2025-08-16,25-34,United Kingdom,Individual,Referral,Business
C00624,2026-04-01,35-44,United States,Individual,Referral,Business
C00625,2025-06-13,25-34,United States,Individual,Partner,Individual
C00626,2026-02-23,25-34,Canada,Large,Organic,Individual
C00627,2025-12-07,35-44,United States,Small,Partner,Individual
C00628,2025-11-19,25-34,Australia,Individual,Referral,Individual
C00629,2025-01-28,35-44,United Kingdom,Individual,Partner,Individual
C00630,2025-09-14,25-34,United Kingdom,Individual,Referral,Individual
C00631,2025-05-06,35-44,United States,Individual,Referral,Business
C00632,2025-05-15,35-44,India,Small,Email,Individual
C00633,2025-07-04,25-34,India,Individual,Email,Individual
C00634,2026-01-28,18-24,United Kingdom,Individual,Organic,Individual
C00635,2025-07-25,35-44,India,Medium,Meta Ads,Individual
C00636,2025-11-04,25-34,,Individual,Organic,Business
C00637,2025-09-23,18-24,India,Small,Referral,Individual
C00638,2025-04-07,35-44,India,Small,Email,Individual
C00639,2025-05-07,35-44,India,Small,Partner,Individual
C00640,2025-07-26,18-24,India,Large,Email,Individual
C00641,2025-11-13,55+,India,Individual,Referral,Business
C00642,2025-06-08,25-34,United States,Medium,Google Ads,Business
C00643,2026-01-15,35-44,Singapore,Individual,Referral,Individual
C00644,2026-03-07,55+,United States,Individual,Organic,Individual
C00645,2025-07-21,35-44,United Kingdom,Small,Email,Business
C00646,2025-04-20,25-34,India,Medium,Partner,Individual
C00647,2026-05-15,35-44,Australia,Small,Referral,Individual
C00648,2025-01-03,35-44,India,Small,Organic,Business
C00649,2025-06-10,18-24,India,Individual,Email,Individual
C00650,2026-01-13,35-44,United States,Individual,Referral,Business
C00651,2025-11-20,35-44,India,Medium,Organic,Individual
C00652,2026-03-12,45-54,United States,Medium,Partner,Individual
C00653,2026-01-01,35-44,Singapore,Individual,Referral,Individual
C00654,2025-08-01,35-44,United Kingdom,Individual,Partner,Individual
C00655,2025-08-08,25-34,United Kingdom,Individual,Email,Business
C00656,2025-03-23,45-54,Canada,Small,Organic,Business
C00657,2025-12-14,25-34,India,Small,Meta Ads,Business
C00658,2025-07-11,45-54,India,Individual,Organic,Business
C00659,2025-01-03,35-44,United Kingdom,Medium,Referral,Individual
C00660,2025-08-29,45-54,United States,Medium,Organic,Individual
C00661,2025-03-22,35-44,India,Individual,Referral,Business
C00662,2025-04-05,45-54,United States,Small,Google Ads,Individual
C00663,2025-10-13,18-24,United Kingdom,Large,Organic,Business
C00664,2025-02-07,45-54,Canada,Individual,Organic,Individual
C00665,2025-06-14,35-44,India,Small,Referral,Business
C00666,2026-01-19,45-54,Singapore,Small,Organic,Individual
C00667,2026-01-01,45-54,India,Individual,Google Ads,Individual
C00668,2025-09-14,35-44,Canada,Small,Partner,Business
C00669,2026-04-12,35-44,Singapore,Individual,Organic,Business
C00670,2025-10-22,25-34,India,Small,Email,Business
C00671,2026-04-20,25-34,Australia,Medium,Google Ads,Business
C00672,2025-04-12,25-34,United Kingdom,Small,Google Ads,Business
C00673,2025-02-07,25-34,India,Medium,Partner,Business
C00674,2025-08-02,35-44,India,Small,Google Ads,Individual
C00675,2025-09-05,35-44,United States,Small,Organic,Individual
C00676,2025-08-05,18-24,United States,Individual,Organic,Business
C00677,2025-12-08,35-44,India,Medium,Organic,Individual
C00678,2026-01-03,35-44,India,Individual,Email,Business
C00679,2025-04-25,25-34,India,Small,Organic,Individual
C00680,2025-06-30,25-34,India,Small,Organic,Individual
C00681,2025-01-10,35-44,Australia,Large,Partner,Business
C00682,2025-07-25,35-44,India,Small,Referral,Individual
C00683,2025-10-12,35-44,Australia,Individual,Meta Ads,Business
C00684,2025-05-31,35-44,India,Small,Partner,Business
C00685,2025-06-19,35-44,Canada,Medium,Organic,Individual
C00686,2026-04-22,25-34,India,Individual,Partner,Individual
C00687,2025-04-11,18-24,India,Individual,Organic,Business
C00688,2025-09-03,35-44,India,Small,Meta Ads,Business
C00689,2025-02-07,45-54,Canada,Large,Organic,Business
C00690,2025-10-03,45-54,India,Individual,Meta Ads,Business
C00691,2026-01-11,25-34,Canada,Small,Referral,Individual
C00692,2025-11-13,25-34,United States,Individual,Google Ads,Business
C00693,2026-05-07,18-24,India,Individual,Organic,Business
C00694,2025-11-07,55+,India,Small,Meta Ads,Business
C00695,2026-02-23,25-34,United States,Large,Referral,Individual
C00696,2025-07-25,25-34,India,Large,Organic,Individual
C00697,2025-05-07,45-54,United States,Small,Meta Ads,Business
C00698,2025-12-02,25-34,India,Large,Organic,Business
C00699,2025-04-25,25-34,United Kingdom,Individual,Organic,Business
C00700,2025-02-04,25-34,United States,Small,Email,Business
C00701,2026-02-28,18-24,India,Small,Organic,Business
C00702,2025-03-11,35-44,United Kingdom,Individual,Email,Business
C00703,2026-03-25,25-34,India,Small,Meta Ads,Individual
C00704,2026-04-19,55+,United States,Individual,Referral,Individual
C00705,2026-02-01,25-34,Canada,Large,Organic,Business
C00706,2026-03-27,35-44,United States,Individual,Email,Individual
C00707,2025-11-10,35-44,India,Individual,Referral,Business
C00708,2026-04-23,55+,India,Individual,Referral,Individual
C00709,2026-04-20,18-24,United States,Medium,Organic,Business
C00710,2025-01-22,25-34,Canada,Individual,Organic,Business
C00711,2025-05-04,45-54,United States,Small,Meta Ads,Business
C00712,2025-08-03,18-24,India,Large,Partner,Individual
C00713,2025-11-02,25-34,Singapore,Individual,Organic,Individual
C00714,2025-04-27,55+,United Kingdom,Individual,Meta Ads,Business
C00715,2025-09-04,25-34,United States,Individual,Organic,Individual
C00716,2025-10-28,35-44,United States,Small,Meta Ads,Business
C00717,2026-02-01,35-44,India,Small,Organic,Individual
C00718,2025-04-04,45-54,Australia,Medium,Google Ads,Business
C00719,2025-12-20,35-44,India,Small,Organic,Individual
C00720,2025-04-17,35-44,India,Individual,Partner,Individual
C00721,2026-02-06,35-44,India,Small,Google Ads,Individual
C00722,2025-10-26,35-44,Singapore,Individual,Organic,Individual
C00723,2025-09-12,55+,Canada,Large,Organic,Individual
C00724,2026-02-14,35-44,United States,Individual,Partner,Individual
C00725,2025-03-30,18-24,India,Individual,Email,Individual
C00726,2025-09-23,25-34,India,Individual,Google Ads,Business
C00727,2025-05-02,25-34,Singapore,Medium,Google Ads,Individual
C00728,2026-01-10,35-44,Singapore,Large,Organic,Individual
C00729,2025-04-25,35-44,India,Individual,Referral,Individual
C00730,2025-12-13,25-34,Australia,Individual,Google Ads,Individual
C00731,2025-11-22,45-54,India,Large,Email,Individual
C00732,2025-07-11,18-24,United States,Individual,Referral,Business
C00733,2025-02-20,18-24,India,Large,Organic,Business
C00734,2026-03-19,35-44,Canada,Individual,Organic,Business
C00735,2026-04-04,55+,Australia,Small,Google Ads,Individual
C00736,2025-06-07,55+,India,Small,Partner,Business
C00737,2026-05-06,35-44,Canada,Individual,Google Ads,Individual
C00738,2025-03-06,55+,United States,Medium,Referral,Individual
C00739,2026-04-05,25-34,Australia,Medium,Organic,Individual
C00740,2026-05-08,25-34,India,Individual,Google Ads,Individual
C00741,2025-03-05,25-34,United Kingdom,Individual,Partner,Individual
C00742,2026-03-06,35-44,Singapore,Small,Google Ads,Individual
C00743,2025-11-22,35-44,India,Large,Organic,Business
C00744,2026-02-27,45-54,India,Individual,Referral,Individual
C00745,2025-01-09,45-54,India,Individual,Meta Ads,Individual
C00746,2025-07-04,25-34,United States,Individual,Referral,Individual
C00747,2026-01-20,18-24,United Kingdom,Individual,Email,Individual
C00748,2025-06-07,18-24,United States,Individual,Organic,Individual
C00749,2026-04-05,55+,India,Medium,Email,Individual
C00750,2025-11-16,18-24,India,Individual,Google Ads,Individual
C00751,2025-06-09,25-34,Canada,Individual,Organic,Individual
C00752,2025-03-18,35-44,India,Individual,Meta Ads,Individual
C00753,2025-02-20,45-54,India,Small,Email,Individual
C00754,2025-07-11,25-34,Singapore,Individual,Organic,Individual
C00755,2026-05-13,45-54,India,Small,Google Ads,Business
C00756,2025-07-22,25-34,United States,Small,Meta Ads,Business
C00757,2025-06-16,25-34,United States,Individual,Referral,Individual
C00758,2026-04-25,45-54,India,Large,Organic,Individual
C00759,2025-08-15,45-54,Singapore,Small,Meta Ads,Individual
C00760,2026-04-28,45-54,India,Individual,Organic,Individual
C00761,2025-10-25,35-44,Canada,Small,Google Ads,Business
C00762,2025-04-14,25-34,India,Individual,Partner,Individual
C00763,2025-10-30,25-34,United States,Medium,Organic,Individual
C00764,2025-05-28,25-34,Canada,Individual,Meta Ads,Business
C00765,2026-01-21,18-24,,Medium,Meta Ads,Business
C00766,2025-04-25,18-24,Canada,Individual,Google Ads,Business
C00767,2026-03-29,45-54,Canada,Small,Google Ads,Individual
C00768,2025-05-26,45-54,India,Small,Google Ads,Individual
C00769,2025-02-23,25-34,United States,Medium,Meta Ads,Individual
C00770,2025-10-03,25-34,India,Individual,Organic,Business
C00771,2025-06-11,25-34,India,Small,Organic,Business
C00772,2025-01-30,45-54,United Kingdom,Small,Partner,Business
C00773,2025-03-05,45-54,Singapore,Individual,Email,Individual
C00774,2025-06-13,45-54,India,Large,Google Ads,Individual
C00775,2025-02-22,25-34,India,Medium,Google Ads,Business
C00776,2025-09-17,35-44,United Kingdom,Individual,Organic,Business
C00777,2025-11-11,35-44,India,Individual,Meta Ads,Business
C00778,2025-06-30,35-44,United States,Small,Google Ads,Individual
C00779,2026-03-14,35-44,United Kingdom,Individual,Email,Individual
C00780,2025-08-14,25-34,India,Medium,Organic,Business
C00781,2025-03-15,35-44,India,Medium,Referral,Individual
C00782,2025-11-23,45-54,Australia,Individual,Partner,Individual
C00783,2026-04-29,25-34,Canada,Large,Referral,Individual
C00784,2025-06-14,35-44,Canada,Individual,Organic,Individual
C00785,2025-07-06,25-34,India,Individual,Email,Business
C00786,2026-04-29,35-44,United Kingdom,Small,Google Ads,Business
C00787,2025-07-10,45-54,United States,Large,Google Ads,Individual
C00788,2025-03-29,35-44,United States,Small,Referral,Business
C00789,2025-12-02,35-44,India,Individual,Google Ads,Individual
C00790,2026-04-19,25-34,United States,Individual,Google Ads,Individual
C00791,2025-04-19,18-24,India,Large,Email,Business
C00792,2025-01-20,35-44,India,Individual,Organic,Business
C00793,2025-01-14,25-34,United States,Small,Google Ads,Individual
C00794,2026-03-18,25-34,Australia,Medium,Google Ads,Individual
C00795,2025-02-19,25-34,India,Small,Google Ads,Individual
C00796,2025-05-23,35-44,Canada,Small,Google Ads,Individual
C00797,2026-03-04,55+,United States,Small,Google Ads,Business
C00798,2025-04-10,25-34,India,Small,Email,Individual
C00799,2026-01-22,35-44,India,Individual,Referral,Individual
C00800,2025-10-02,45-54,India,Individual,Organic,Individual
C00801,2026-01-27,45-54,Canada,Medium,Google Ads,Business
C00802,2026-03-18,25-34,Australia,Medium,Google Ads,Individual
C00803,2025-02-21,25-34,United States,Medium,Partner,Individual
C00804,2025-01-26,35-44,India,Large,Referral,Individual
C00805,2026-04-25,35-44,India,Small,Partner,Individual
C00806,2025-01-16,35-44,United Kingdom,Small,Organic,Individual
C00807,2025-02-10,45-54,Canada,Medium,Organic,Individual
C00808,2025-01-13,25-34,United States,Individual,Partner,Business
C00809,2025-06-06,35-44,United States,Small,Google Ads,Individual
C00810,2025-06-29,55+,United States,Individual,Google Ads,Business
C00811,2025-06-04,25-34,India,Medium,Organic,Business
C00812,2026-01-02,18-24,India,Small,Organic,Individual
C00813,2025-05-21,45-54,United States,Individual,Organic,Individual
C00814,2025-11-11,35-44,Canada,Individual,Referral,Individual
C00815,2025-02-20,35-44,India,Small,Organic,Individual
C00816,2026-01-10,18-24,India,Small,Email,Business
C00817,2026-02-05,18-24,United States,Medium,Meta Ads,Business
C00818,2025-10-26,25-34,India,Medium,Email,Business
C00819,2026-02-03,25-34,Singapore,Individual,Referral,Individual
C00820,2025-08-12,35-44,Singapore,Individual,Organic,Individual
C00821,2025-06-03,55+,United Kingdom,Individual,Organic,Individual
C00822,2026-02-17,25-34,United Kingdom,Small,Referral,Business
C00823,2025-08-30,25-34,United States,Individual,Organic,Business
C00824,2025-08-28,45-54,India,Small,Referral,Business
C00825,2025-04-03,45-54,India,Small,Referral,Business
C00826,2025-09-10,18-24,United Kingdom,Small,Google Ads,Individual
C00827,2025-03-02,18-24,United States,Medium,Meta Ads,Business
C00828,2026-01-17,18-24,United States,Medium,Organic,Business
C00829,2025-03-25,45-54,India,Small,Referral,Business
C00830,2026-01-20,55+,Australia,Small,Email,Individual
C00831,2026-05-13,35-44,India,Small,Referral,Business
C00832,2025-06-03,25-34,India,Individual,Meta Ads,Individual
C00833,2025-03-09,35-44,United States,Small,Referral,Business
C00834,2025-07-10,25-34,India,Medium,Meta Ads,Business
C00835,2025-06-29,18-24,United Kingdom,Small,Email,Individual
C00836,2026-01-18,45-54,India,Small,Partner,Individual
C00837,2025-12-17,35-44,United States,Medium,Google Ads,Individual
C00838,2026-03-15,35-44,United States,Medium,Organic,Individual
C00839,2025-05-28,45-54,India,Individual,Meta Ads,Business
C00840,2025-09-26,25-34,India,Small,Meta Ads,Individual
C00841,2025-04-03,25-34,United States,Medium,Referral,Individual
C00842,2026-01-21,35-44,United States,Individual,Email,Individual
C00843,2025-10-12,18-24,United States,Individual,Organic,Individual
C00844,2025-08-27,18-24,India,Individual,Organic,Individual
C00845,2025-07-24,25-34,Canada,Individual,Partner,Individual
C00846,2025-01-12,35-44,India,Small,Partner,Individual
C00847,2025-07-23,35-44,Singapore,Individual,Organic,Business
C00848,2026-01-22,35-44,India,Individual,Google Ads,Individual
C00849,2025-12-11,45-54,India,Individual,Referral,Individual
C00850,2026-03-18,18-24,India,Individual,Referral,Individual
C00851,2025-06-30,18-24,India,Small,Organic,Business
C00852,2026-03-06,55+,United States,Medium,Organic,Business
C00853,2025-12-27,25-34,India,Small,Organic,Individual
C00854,2026-03-31,45-54,United Kingdom,Medium,Organic,Business
C00855,2025-07-02,35-44,India,Small,Google Ads,Individual
C00856,2025-10-02,35-44,United States,Individual,Meta Ads,Business
C00857,2025-08-15,45-54,Canada,Individual,Organic,Business
C00858,2025-05-16,25-34,Singapore,Individual,Organic,Individual
C00859,2025-09-08,35-44,India,Large,Partner,Individual
C00860,2026-04-26,25-34,India,Medium,Partner,Individual
C00861,2026-02-04,18-24,Canada,Individual,Partner,Individual
C00862,2026-04-02,35-44,Canada,Medium,Meta Ads,Business
C00863,2025-08-10,25-34,United States,Individual,Organic,Individual
C00864,2025-09-08,35-44,Australia,Individual,Email,Individual
C00865,2025-01-25,55+,United States,Individual,Partner,Individual
C00866,2025-10-28,25-34,India,Small,Referral,Business
C00867,2025-11-01,25-34,United States,Individual,Meta Ads,Individual
C00868,2025-12-29,45-54,India,Individual,Referral,Individual
C00869,2025-06-03,25-34,India,Medium,Organic,Individual
C00870,2025-10-02,25-34,Singapore,Individual,Organic,Business
C00871,2025-06-19,35-44,India,Individual,Partner,Individual
C00872,2026-03-19,55+,India,Individual,Partner,Business
C00873,2026-01-23,18-24,India,Small,Organic,Individual
C00874,2026-01-12,25-34,United States,Small,Organic,Individual
C00875,2025-12-16,25-34,Australia,Medium,Partner,Business
C00876,2025-03-31,45-54,India,Small,Meta Ads,Individual
C00877,2025-01-03,35-44,India,Medium,Email,Business
C00878,2025-07-19,55+,United Kingdom,Individual,Organic,Business
C00879,2025-04-03,45-54,Australia,Individual,Google Ads,Business
C00880,2025-12-31,35-44,India,Small,Organic,Business
C00881,2025-08-12,18-24,Singapore,Individual,Meta Ads,Business
C00882,2025-03-13,25-34,Australia,Small,Organic,Individual
C00883,2026-02-27,25-34,India,Large,Partner,Business
C00884,2025-12-17,35-44,India,Individual,Meta Ads,Individual
C00885,2025-10-11,55+,India,Individual,Organic,Business
C00886,2025-09-02,35-44,United States,Large,Meta Ads,Business
C00887,2025-01-03,55+,United States,Individual,Meta Ads,Business
C00888,2025-03-06,35-44,Canada,Individual,Organic,Individual
C00889,2026-03-10,25-34,India,Medium,Google Ads,Business
C00890,2026-04-05,35-44,India,Individual,Referral,Business
C00891,2025-10-14,35-44,India,Individual,Google Ads,Individual
C00892,2025-10-03,45-54,India,Small,Referral,Business
C00893,2026-04-23,35-44,Canada,Individual,Partner,Individual
C00894,2025-01-19,25-34,India,Small,Meta Ads,Individual
C00895,2025-07-14,25-34,Singapore,Individual,Email,Individual
C00896,2025-04-21,18-24,India,Medium,Organic,Business
C00897,2026-04-29,35-44,United Kingdom,Large,Meta Ads,Individual
C00898,2025-03-02,35-44,Canada,Small,Meta Ads,Business
C00899,2025-12-08,45-54,Canada,Small,Organic,Business
C00900,2026-03-03,25-34,United States,Individual,Google Ads,Individual
C00901,2025-02-22,35-44,United States,Large,Google Ads,Business
C00902,2026-01-02,35-44,United States,Individual,Organic,Individual
C00903,2025-09-29,35-44,United States,Small,Meta Ads,Individual
C00904,2025-03-10,18-24,India,Large,Organic,Individual
C00905,2025-03-21,45-54,Canada,Medium,Organic,Business
C00906,2025-10-31,55+,United States,Individual,Google Ads,Business
C00907,2026-01-21,25-34,India,Individual,Google Ads,Business
C00908,2026-04-11,45-54,Australia,Individual,Partner,Business
C00909,2025-12-02,35-44,United Kingdom,Small,Organic,Individual
C00910,2025-03-25,35-44,India,Individual,Meta Ads,Business
C00911,2025-10-06,25-34,India,Individual,Organic,Individual
C00912,2025-12-04,45-54,United Kingdom,Small,Google Ads,Business
C00913,2025-11-19,25-34,United States,Individual,Referral,Business
C00914,2025-11-04,18-24,India,Small,Organic,Individual
C00915,2025-08-19,25-34,India,Individual,Google Ads,Business
C00916,2026-05-05,25-34,United States,Individual,Meta Ads,Business
C00917,2025-01-19,35-44,India,Medium,Email,Individual
C00918,2026-01-09,35-44,India,Individual,Email,Individual
C00919,2025-08-06,45-54,India,Small,Partner,Individual
C00920,2025-03-07,35-44,Canada,Large,Google Ads,Individual
C00921,2025-02-19,55+,India,Medium,Email,Business
C00922,2025-09-09,18-24,Canada,Small,Organic,Business
C00923,2025-06-14,55+,India,Individual,Referral,Business
C00924,2026-04-27,35-44,Canada,Individual,Meta Ads,Individual
C00925,2025-09-04,45-54,India,Medium,Email,Business
C00926,2026-03-09,45-54,India,Small,Organic,Individual
C00927,2025-12-22,25-34,Singapore,Medium,Google Ads,Individual
C00928,2025-06-16,45-54,Singapore,Large,Partner,Individual
C00929,2026-02-18,18-24,United Kingdom,Large,Organic,Business
C00930,2025-05-29,18-24,India,Medium,Meta Ads,Business
C00931,2025-12-02,25-34,India,Small,Partner,Individual
C00932,2026-02-20,25-34,India,Medium,Organic,Individual
C00933,2026-02-24,25-34,United States,Individual,Partner,Individual
C00934,2026-01-25,55+,Singapore,Medium,Partner,Individual
C00935,2025-11-06,18-24,India,Individual,Referral,Individual
C00936,2026-01-31,45-54,Australia,Small,Google Ads,Business
C00937,2025-04-03,35-44,India,Individual,Referral,Business
C00938,2025-08-07,45-54,India,Small,Organic,Individual
C00939,2026-04-27,35-44,India,Individual,Referral,Individual
C00940,2025-08-15,35-44,United States,Medium,Email,Business
C00941,2025-04-19,45-54,India,Individual,Organic,Business
C00942,2025-05-29,25-34,United Kingdom,Individual,Google Ads,Business
C00943,2025-10-08,25-34,India,Medium,Meta Ads,Individual
C00944,2025-11-04,18-24,United States,Medium,Meta Ads,Business
C00945,2025-12-31,25-34,United States,Individual,Meta Ads,Business
C00946,2026-01-05,55+,United States,Small,Organic,Individual
C00947,2025-01-01,25-34,Australia,Individual,Meta Ads,Business
C00948,2025-09-21,18-24,United States,Small,Organic,Business
C00949,2025-06-20,55+,India,Small,Meta Ads,Business
C00950,2026-04-03,35-44,Singapore,Individual,Meta Ads,Individual
C00951,2026-01-04,35-44,United States,Individual,Organic,Business
C00952,2025-09-09,45-54,Canada,Individual,Referral,Individual
C00953,2025-12-05,35-44,India,Small,Referral,Individual
C00954,2025-11-09,45-54,Canada,Small,Partner,Business
C00955,2025-11-23,25-34,India,Individual,Google Ads,Individual
C00956,2025-01-16,18-24,United States,Medium,Organic,Individual
C00957,2026-03-22,25-34,United States,Individual,Organic,Business
C00958,2025-01-13,45-54,India,Individual,Meta Ads,Business
C00959,2025-05-02,35-44,Australia,Medium,Google Ads,Individual
C00960,2025-06-19,35-44,India,Large,Meta Ads,Individual
C00961,2026-05-13,25-34,United States,Small,Partner,Business
C00962,2025-12-20,35-44,United Kingdom,Small,Organic,Individual
C00963,2026-01-07,25-34,United Kingdom,Medium,Meta Ads,Business
C00964,2025-07-05,35-44,Singapore,Small,Meta Ads,Individual
C00965,2026-01-16,35-44,Canada,Large,Meta Ads,Individual
C00966,2025-04-04,35-44,India,Medium,Organic,Business
C00967,2026-02-19,55+,India,Small,Google Ads,Individual
C00968,2025-12-15,25-34,United Kingdom,Individual,Organic,Individual
C00969,2025-10-10,25-34,Canada,Small,Meta Ads,Business
C00970,2025-12-22,45-54,Australia,Small,Email,Business
C00971,2025-08-11,45-54,United Kingdom,Individual,Partner,Individual
C00972,2026-04-16,55+,India,Medium,Email,Business
C00973,2026-04-16,35-44,Singapore,Small,Referral,Business
C00974,2025-11-03,25-34,India,Small,Meta Ads,Individual
C00975,2025-06-14,45-54,India,Large,Google Ads,Individual
C00976,2025-11-16,18-24,Singapore,Individual,Organic,Individual
C00977,2025-08-31,55+,India,Medium,Organic,Business
C00978,2026-03-21,25-34,India,Individual,Meta Ads,Business
C00979,2025-06-14,45-54,Canada,Small,Meta Ads,Business
C00980,2026-03-14,18-24,Australia,Medium,Meta Ads,Individual
C00981,2025-10-05,25-34,India,Small,Google Ads,Individual
C00982,2026-01-23,35-44,Canada,Individual,Meta Ads,Business
C00983,2026-05-06,25-34,United Kingdom,Medium,Email,Individual
C00984,2025-02-16,45-54,India,Medium,Partner,Business
C00985,2025-08-07,35-44,Singapore,Individual,Organic,Individual
C00986,2025-07-01,35-44,United States,Individual,Email,Business
C00987,2025-03-21,18-24,India,Medium,Organic,Individual
C00988,2025-06-28,25-34,United Kingdom,Medium,Email,Business
C00989,2025-12-31,35-44,Canada,Small,Organic,Business
C00990,2026-01-09,35-44,United Kingdom,Individual,Meta Ads,Business
C00991,2025-10-02,55+,India,Small,Partner,Individual
C00992,2025-11-24,35-44,India,Large,Partner,Individual
C00993,2025-03-08,35-44,United Kingdom,Individual,Google Ads,Business
C00994,2026-03-01,25-34,India,Large,Meta Ads,Individual
C00995,2025-06-03,25-34,India,Small,Organic,Individual
C00996,2025-09-16,35-44,United Kingdom,Individual,Referral,Individual
C00997,2026-01-15,35-44,Canada,Individual,Organic,Individual
C00998,2025-05-01,25-34,India,Medium,Organic,Individual
C00999,2026-04-14,25-34,India,Individual,Organic,Individual
C01000,2025-02-16,25-34,India,Small,Organic,Individual
C01001,2025-11-05,18-24,India,Small,Partner,Individual
C01002,2026-04-28,35-44,United States,Individual,Organic,Individual
C01003,2025-09-09,45-54,United Kingdom,Individual,Google Ads,Individual
C01004,2026-04-18,18-24,Singapore,Individual,Email,Individual
C01005,2025-02-22,25-34,India,Large,Meta Ads,Individual
C01006,2025-06-05,25-34,India,Small,Referral,Business
C01007,2025-04-03,18-24,Australia,Large,Google Ads,Business
C01008,2025-05-15,55+,United Kingdom,Individual,Google Ads,Individual
C01009,2025-10-13,45-54,United Kingdom,Individual,Meta Ads,Individual
C01010,2025-07-10,55+,India,Small,Referral,Business
C01011,2025-03-15,25-34,Canada,Individual,Referral,Business
C01012,2025-03-14,18-24,India,Small,Organic,Individual
C01013,2025-05-20,55+,United States,Individual,Google Ads,Individual
C01014,2026-05-15,55+,Singapore,Individual,Organic,Individual
C01015,2026-04-12,18-24,United Kingdom,Large,Referral,Individual
C01016,2025-06-27,45-54,India,Large,Partner,Individual
C01017,2025-10-05,35-44,United Kingdom,Individual,Referral,Business
C01018,2025-11-13,45-54,Singapore,Small,Google Ads,Individual
C01019,2025-09-30,25-34,United States,Individual,Email,Individual
C01020,2025-10-12,25-34,United States,Individual,Organic,Individual
C01021,2026-04-21,18-24,India,Individual,Organic,Business
C01022,2026-05-01,18-24,India,Small,Meta Ads,Business
C01023,2026-02-04,45-54,India,Individual,Meta Ads,Individual
C01024,2025-11-07,35-44,India,Large,Google Ads,Business
C01025,2026-01-11,25-34,India,Small,Referral,Individual
C01026,2025-02-05,18-24,India,Medium,Meta Ads,Individual
C01027,2026-04-29,18-24,Australia,Small,Google Ads,Business
C01028,2025-10-19,18-24,India,Individual,Organic,Individual
C01029,2025-02-18,35-44,India,Individual,Google Ads,Individual
C01030,2025-01-15,18-24,United States,Large,Organic,Business
C01031,2026-05-11,25-34,Canada,Small,Referral,Individual
C01032,2025-02-09,25-34,United Kingdom,Individual,Organic,Individual
C01033,2025-01-15,35-44,United States,Small,Organic,Individual
C01034,2026-02-20,35-44,Singapore,Medium,Google Ads,Business
C01035,2025-11-21,35-44,India,Individual,Email,Business
C01036,2025-01-08,18-24,India,Medium,Referral,Individual
C01037,2025-09-02,45-54,United States,Small,Organic,Individual
C01038,2025-08-24,25-34,United Kingdom,Individual,Referral,Business
C01039,2025-08-20,18-24,India,Small,Organic,Individual
C01040,2025-03-05,35-44,United States,Small,Referral,Individual
C01041,2025-05-07,18-24,Singapore,Medium,Partner,Business
C01042,2025-03-27,45-54,United States,Individual,Referral,Business
C01043,2026-03-29,25-34,Australia,Small,Referral,Business
C01044,2026-05-13,35-44,Singapore,Individual,Referral,Individual
C01045,2026-02-25,55+,Australia,Individual,Email,Business
C01046,2025-02-17,25-34,India,Individual,Organic,Individual
C01047,2025-08-18,25-34,Singapore,Medium,Email,Business
C01048,2025-09-03,35-44,India,Individual,Organic,Individual
C01049,2026-01-22,35-44,United Kingdom,Small,Meta Ads,Individual
C01050,2026-05-02,45-54,United States,Medium,Organic,Individual
C01051,2025-06-12,25-34,Australia,Large,Referral,Individual
C01052,2025-09-10,55+,India,Individual,Organic,Individual
C01053,2025-10-25,45-54,Singapore,Large,Referral,Business
C01054,2026-01-29,25-34,India,Small,Meta Ads,Business
C01055,2026-01-21,45-54,India,Individual,Email,Individual
C01056,2025-05-19,18-24,United Kingdom,Individual,Referral,Individual
C01057,2025-05-26,25-34,Canada,Medium,Google Ads,Individual
C01058,2025-09-22,45-54,United States,Small,Referral,Business
C01059,2026-05-11,25-34,India,Small,Google Ads,Business
C01060,2025-09-02,45-54,India,Individual,Organic,Individual
C01061,2025-03-31,45-54,United States,Medium,Google Ads,Business
C01062,2025-10-31,45-54,India,Individual,Organic,Business
C01063,2025-04-25,25-34,India,Individual,Organic,Individual
C01064,2025-03-28,45-54,India,Medium,Meta Ads,Business
C01065,2025-03-29,35-44,India,Individual,Meta Ads,Business
C01066,2025-12-30,55+,India,Individual,Organic,Individual
C01067,2026-03-24,35-44,India,Small,Partner,Business
C01068,2026-02-21,25-34,India,Large,Organic,Individual
C01069,2025-08-02,25-34,India,Small,Organic,Individual
C01070,2025-09-23,45-54,Singapore,Individual,Partner,Individual
C01071,2026-02-23,45-54,India,Individual,Google Ads,Business
C01072,2025-07-15,55+,United States,Medium,Referral,Individual
C01073,2025-12-29,35-44,India,Individual,Google Ads,Business
C01074,2025-06-16,35-44,United States,Small,Google Ads,Individual
C01075,2025-04-08,25-34,United States,Medium,Partner,Individual
C01076,2025-12-18,45-54,India,Small,Referral,Individual
C01077,2025-09-19,55+,Australia,Individual,Google Ads,Business
C01078,2025-05-01,35-44,India,Small,Meta Ads,Individual
C01079,2026-01-15,25-34,United States,Individual,Referral,Business
C01080,2026-04-03,45-54,Australia,Small,Meta Ads,Business
C01081,2025-11-10,55+,India,Large,Google Ads,Business
C01082,2026-05-04,25-34,United Kingdom,Individual,Referral,Individual
C01083,2026-05-01,35-44,India,Individual,Referral,Business
C01084,2026-03-10,25-34,India,Small,Email,Business
C01085,2025-04-18,25-34,India,Medium,Google Ads,Business
C01086,2026-04-26,25-34,India,Medium,Email,Individual
C01087,2025-02-25,18-24,United Kingdom,Large,Organic,Individual
C01088,2025-11-28,25-34,India,Small,Referral,Individual
C01089,2025-07-10,18-24,India,Small,Organic,Business
C01090,2025-12-09,25-34,India,Small,Google Ads,Individual
C01091,2026-01-09,25-34,United States,Individual,Meta Ads,Business
C01092,2025-01-02,18-24,United Kingdom,Small,Meta Ads,Business
C01093,2025-09-04,35-44,United Kingdom,Small,Referral,Business
C01094,2026-02-02,18-24,India,Small,Referral,Individual
C01095,2025-04-09,25-34,India,Small,Organic,Individual
C01096,2025-07-29,45-54,India,Medium,Email,Individual
C01097,2026-03-20,18-24,Australia,Small,Google Ads,Individual
C01098,2026-03-01,25-34,Canada,Medium,Organic,Business
C01099,2025-08-23,45-54,Singapore,Individual,Partner,Individual
C01100,2025-03-21,35-44,United States,Medium,Google Ads,Business
C01101,2025-12-08,18-24,Singapore,Medium,Referral,Business
C01102,2026-04-04,35-44,India,Individual,Referral,Individual
C01103,2025-08-29,25-34,United Kingdom,Medium,Organic,Individual
C01104,2025-08-24,25-34,India,Medium,Organic,Business
C01105,2025-05-30,25-34,India,Small,Google Ads,Individual
C01106,2025-08-30,35-44,Singapore,Small,Partner,Individual
C01107,2025-12-14,35-44,Singapore,Individual,Meta Ads,Business
C01108,2025-06-30,35-44,United States,Individual,Meta Ads,Individual
C01109,2026-03-08,45-54,United States,Large,Partner,Business
C01110,2025-08-14,18-24,Canada,Large,Meta Ads,Individual
C01111,2025-09-24,25-34,Canada,Small,Google Ads,Individual
C01112,2025-07-02,55+,Canada,Individual,Meta Ads,Business
C01113,2025-08-25,25-34,Singapore,Small,Organic,Business
C01114,2025-10-18,45-54,India,Small,Organic,Individual
C01115,2025-12-26,18-24,India,Small,Meta Ads,Business
C01116,2025-11-19,45-54,India,Individual,Organic,Individual
C01117,2026-03-20,18-24,India,Individual,Organic,Business
C01118,2025-08-10,25-34,United States,Medium,Organic,Business
C01119,2025-10-17,45-54,United States,Small,Referral,Business
C01120,2026-04-26,35-44,United Kingdom,Individual,Meta Ads,Individual
C01121,2025-10-19,45-54,United Kingdom,Individual,Referral,Individual
C01122,2025-03-27,35-44,United Kingdom,Individual,Referral,Individual
C01123,2025-10-30,35-44,United Kingdom,Medium,Meta Ads,Individual
C01124,2025-01-29,45-54,Canada,Individual,Organic,Individual
C01125,2025-11-03,55+,India,Individual,Meta Ads,Individual
C01126,2025-12-01,45-54,India,Individual,Organic,Individual
C01127,2025-08-02,25-34,India,Individual,Organic,Business
C01128,2026-04-16,55+,India,Small,Organic,Business
C01129,2025-01-24,55+,Singapore,Individual,Referral,Individual
C01130,2026-01-08,25-34,India,Individual,Organic,Individual
C01131,2025-09-30,45-54,India,Individual,Meta Ads,Individual
C01132,2025-12-15,18-24,United States,Individual,Meta Ads,Business
C01133,2025-01-23,35-44,United States,Small,Google Ads,Individual
C01134,2025-05-21,35-44,United States,Small,Organic,Business
C01135,2026-04-11,25-34,United States,Medium,Partner,Individual
C01136,2025-02-11,35-44,Australia,Large,Meta Ads,Individual
C01137,2025-07-25,25-34,India,Medium,Organic,Business
C01138,2025-03-18,25-34,United States,Small,Partner,Individual
C01139,2025-06-08,45-54,India,Small,Referral,Business
C01140,2026-01-03,35-44,Australia,Small,Organic,Business
C01141,2025-02-09,35-44,Canada,Individual,Partner,Individual
C01142,2026-02-13,55+,Australia,Individual,Google Ads,Business
C01143,2025-03-13,18-24,India,Individual,Google Ads,Individual
C01144,2025-04-07,25-34,India,Individual,Referral,Individual
C01145,2025-07-25,45-54,India,Small,Google Ads,Individual
C01146,2025-05-07,18-24,India,Small,Partner,Business
C01147,2025-04-21,55+,Canada,Medium,Referral,Business
C01148,2025-02-09,45-54,India,Small,Referral,Business
C01149,2025-04-06,35-44,Canada,Individual,Meta Ads,Business
C01150,2025-02-20,45-54,India,Medium,Partner,Individual
C01151,2025-09-24,55+,Singapore,Individual,Referral,Business
C01152,2025-02-10,35-44,Canada,Individual,Organic,Individual
C01153,2026-05-06,25-34,India,Small,Meta Ads,Individual
C01154,2026-05-06,18-24,India,Medium,Organic,Individual
C01155,2025-02-12,45-54,Canada,Small,Organic,Business
C01156,2025-08-27,25-34,United States,Individual,Google Ads,Business
C01157,2025-05-21,25-34,Australia,Individual,Organic,Individual
C01158,2025-05-06,18-24,India,Small,Meta Ads,Individual
C01159,2025-06-28,45-54,Canada,Large,Meta Ads,Individual
C01160,2025-05-12,45-54,India,Small,Referral,Individual
C01161,2025-10-19,18-24,India,Large,Referral,Individual
C01162,2025-10-15,25-34,United States,Small,Partner,Individual
C01163,2026-01-23,35-44,United States,Individual,Organic,Individual
C01164,2025-01-06,25-34,United Kingdom,Individual,Meta Ads,Individual
C01165,2025-04-06,55+,United Kingdom,Individual,Organic,Business
C01166,2025-04-07,25-34,Australia,Individual,Google Ads,Individual
C01167,2025-04-28,35-44,India,Individual,Referral,Individual
C01168,2025-11-23,25-34,India,Individual,Meta Ads,Individual
C01169,2025-04-24,35-44,India,Individual,Organic,Business
C01170,2025-12-17,45-54,Canada,Individual,Meta Ads,Business
C01171,2025-07-20,55+,India,Small,Meta Ads,Individual
C01172,2026-01-01,25-34,United States,Individual,Organic,Individual
C01173,2025-10-07,35-44,United States,Individual,Referral,Individual
C01174,2025-07-19,25-34,United States,Individual,Organic,Individual
C01175,2025-06-25,45-54,India,Individual,Meta Ads,Individual
C01176,2025-08-08,55+,India,Individual,Google Ads,Individual
C01177,2025-06-06,45-54,India,Small,Google Ads,Individual
C01178,2025-10-02,35-44,United Kingdom,Small,Partner,Individual
C01179,2025-12-28,45-54,United States,Small,Google Ads,Individual
C01180,2025-04-22,25-34,Canada,Medium,Meta Ads,Individual
C01181,2025-08-29,35-44,Singapore,Medium,Organic,Individual
C01182,2025-03-26,45-54,India,Medium,Referral,Business
C01183,2025-11-16,25-34,India,Large,Email,Business
C01184,2025-11-28,25-34,Singapore,Medium,Referral,Business
C01185,2026-02-01,45-54,India,Individual,Organic,Individual
C01186,2026-01-30,18-24,Australia,Individual,Google Ads,Business
C01187,2025-05-15,35-44,Australia,Individual,Google Ads,Individual
C01188,2025-03-24,35-44,Singapore,Individual,Organic,Individual
C01189,2025-02-08,25-34,India,Small,Google Ads,Individual
C01190,2026-01-12,25-34,India,Individual,Meta Ads,Individual
C01191,2025-12-10,25-34,Canada,Individual,Google Ads,Individual
C01192,2026-05-05,55+,India,Individual,Partner,Business
C01193,2025-08-10,25-34,United States,Individual,Partner,Individual
C01194,2025-10-27,45-54,India,Large,Organic,Individual
C01195,2025-06-14,55+,Canada,Individual,Partner,Business
C01196,2025-02-27,25-34,Australia,Individual,Meta Ads,Individual
C01197,2025-06-23,35-44,India,Individual,Partner,Individual
C01198,2025-11-26,45-54,Singapore,Medium,Organic,Individual
C01199,2025-07-06,35-44,United Kingdom,Individual,Referral,Individual
C01200,2026-04-09,45-54,Australia,Individual,Email,Individual
C01201,2026-01-14,35-44,India,Small,Partner,Business
C01202,2025-11-26,45-54,India,Large,Organic,Individual
C01203,2025-11-21,45-54,United States,Large,Organic,Business
C01204,2026-01-05,45-54,India,Medium,Referral,Business
C01205,2025-09-01,45-54,United Kingdom,Individual,Google Ads,Individual
C01206,2025-05-10,35-44,India,Large,Google Ads,Individual
C01207,2025-05-07,25-34,United States,Individual,Meta Ads,Business
C01208,2026-03-30,45-54,United Kingdom,Individual,Referral,Individual
C01209,2025-06-27,35-44,India,Individual,Referral,Individual
C01210,2025-03-19,35-44,United Kingdom,Individual,Meta Ads,Individual
C01211,2025-06-26,45-54,India,Small,Email,Business
C01212,2025-01-27,25-34,India,Medium,Referral,Individual
C01213,2025-01-25,35-44,United Kingdom,Small,Meta Ads,Individual
C01214,2026-03-27,25-34,Canada,Medium,Meta Ads,Individual
C01215,2025-02-15,45-54,United States,Individual,Google Ads,Business
C01216,2025-09-03,18-24,India,Individual,Meta Ads,Individual
C01217,2025-05-17,25-34,India,Individual,Google Ads,Business
C01218,2026-01-18,35-44,Singapore,Large,Email,Business
C01219,2025-08-05,25-34,India,Individual,Meta Ads,Individual
C01220,2025-09-28,45-54,Australia,Individual,Meta Ads,Individual
C01221,2025-09-16,35-44,India,Individual,Organic,Individual
C01222,2025-05-25,45-54,United Kingdom,Small,Google Ads,Individual
C01223,2026-02-10,55+,United Kingdom,Individual,Google Ads,Business
C01224,2025-01-19,35-44,India,Large,Organic,Business
C01225,2025-07-26,35-44,Canada,Small,Google Ads,Individual
C01226,2025-06-08,18-24,India,Small,Partner,Individual
C01227,2025-11-03,35-44,Canada,Small,Google Ads,Individual
C01228,2025-12-27,25-34,India,Small,Email,Business
C01229,2025-12-20,25-34,India,Small,Organic,Business
C01230,2025-01-12,35-44,Canada,Medium,Organic,Individual
C01231,2026-05-07,45-54,United Kingdom,Large,Referral,Individual
C01232,2026-02-15,25-34,India,Individual,Organic,Business
C01233,2025-04-09,45-54,Australia,Small,Google Ads,Individual
C01234,2025-09-25,25-34,India,Small,Organic,Individual
C01235,2026-02-03,55+,India,Individual,Organic,Individual
C01236,2026-01-24,25-34,India,Small,Referral,Business
C01237,2025-11-25,35-44,India,Small,Email,Individual
C01238,2026-01-25,25-34,India,Individual,Organic,Individual
C01239,2025-06-12,18-24,United Kingdom,Small,Google Ads,Individual
C01240,2025-06-17,25-34,India,Small,Referral,Business
C01241,2026-01-10,35-44,Australia,Individual,Partner,Individual
C01242,2025-05-11,35-44,India,Individual,Organic,Individual
C01243,2025-11-02,25-34,India,Individual,Organic,Individual
C01244,2025-05-10,35-44,United States,Individual,Organic,Business
C01245,2025-12-16,25-34,Canada,Medium,Organic,Business
C01246,2026-01-26,25-34,India,Individual,Google Ads,Individual
C01247,2026-05-03,18-24,Singapore,Individual,Meta Ads,Business
C01248,2025-08-22,45-54,Canada,Small,Google Ads,Individual
C01249,2026-01-31,35-44,United Kingdom,Individual,Referral,Business
C01250,2025-06-03,25-34,India,Small,Meta Ads,Individual
C01251,2025-12-05,25-34,India,Large,Organic,Business
C01252,2025-04-10,25-34,India,Medium,Meta Ads,Business
C01253,2025-02-28,35-44,United States,Medium,Organic,Business
C01254,2025-02-21,18-24,India,Medium,Meta Ads,Business
C01255,2025-08-24,45-54,Singapore,Individual,Email,Business
C01256,2025-12-30,55+,United Kingdom,Individual,Referral,Individual
C01257,2025-02-10,35-44,United States,Individual,Google Ads,Business
C01258,2025-12-27,45-54,United Kingdom,Individual,Referral,Individual
C01259,2026-01-30,18-24,United Kingdom,Individual,Meta Ads,Business
C01260,2026-04-08,25-34,Canada,Small,Email,Individual
C01261,2025-09-17,35-44,United States,Individual,Meta Ads,Individual
C01262,2025-08-29,35-44,India,Individual,Organic,Business
C01263,2025-12-15,18-24,India,Small,Partner,Business
C01264,2025-02-27,18-24,Singapore,Individual,Organic,Business
C01265,2025-10-04,55+,India,Individual,Organic,Individual
C01266,2025-03-13,35-44,Singapore,Individual,Email,Individual
C01267,2025-10-06,25-34,India,Large,Meta Ads,Business
C01268,2025-03-03,25-34,India,Individual,Meta Ads,Business
C01269,2026-02-08,25-34,India,Medium,Partner,Business
C01270,2025-08-20,25-34,India,Small,Google Ads,Business
C01271,2025-04-15,25-34,India,Individual,Organic,Individual
C01272,2025-10-13,25-34,United States,Small,Partner,Individual
C01273,2026-04-08,25-34,India,Small,Referral,Individual
C01274,2026-05-03,45-54,India,Individual,Google Ads,Individual
C01275,2025-01-19,25-34,India,Individual,Organic,Business
C01276,2025-11-12,18-24,India,Small,Meta Ads,Individual
C01277,2025-10-26,25-34,India,Small,Meta Ads,Individual
C01278,2026-05-13,18-24,India,Small,Google Ads,Individual
C01279,2025-02-26,35-44,Singapore,Small,Meta Ads,Individual
C01280,2026-04-25,25-34,India,Medium,Organic,Individual
C01281,2025-01-17,35-44,India,Medium,Partner,Business
C01282,2025-10-04,35-44,India,Small,Organic,Individual
C01283,2025-09-13,55+,India,Small,Organic,Individual
C01284,2026-04-27,35-44,United Kingdom,Individual,Organic,Business
C01285,2025-02-10,25-34,India,Individual,Referral,Business
C01286,2026-01-23,45-54,India,Individual,Google Ads,Individual
C01287,2025-01-04,35-44,India,Medium,Meta Ads,Business
C01288,2026-05-09,25-34,India,Individual,Organic,Individual
C01289,2025-12-05,35-44,United States,Medium,Organic,Business
C01290,2026-01-24,35-44,United States,Small,Organic,Business
C01291,2025-01-09,35-44,India,Small,Google Ads,Business
C01292,2026-02-19,25-34,United States,Large,Organic,Individual
C01293,2025-12-17,18-24,Australia,Individual,Email,Individual
C01294,2026-05-01,25-34,India,Large,Organic,Individual
C01295,2025-03-25,35-44,Canada,Large,Partner,Individual
C01296,2026-03-13,45-54,India,Medium,Google Ads,Individual
C01297,2025-01-26,35-44,United Kingdom,Medium,Google Ads,Individual
C01298,2025-06-24,25-34,India,Individual,Meta Ads,Individual
C01299,2026-01-28,25-34,Canada,Small,Partner,Individual
C01300,2025-01-05,35-44,United Kingdom,Small,Meta Ads,Business
C01301,2025-08-03,35-44,India,Small,Email,Business
C01302,2025-03-06,35-44,Australia,Small,Meta Ads,Individual
C01303,2025-02-12,55+,United States,Individual,Email,Individual
C01304,2025-09-04,25-34,Canada,Individual,Email,Business
C01305,2026-04-17,35-44,India,Individual,Google Ads,Individual
C01306,2026-03-22,45-54,United Kingdom,Individual,Organic,Individual
C01307,2025-05-16,45-54,United Kingdom,Individual,Google Ads,Business
C01308,2026-05-01,45-54,India,Small,Google Ads,Individual
C01309,2026-03-09,18-24,United States,Individual,Google Ads,Individual
C01310,2025-10-06,25-34,India,Individual,Partner,Individual
C01311,2025-03-24,35-44,India,Medium,Referral,Business
C01312,2025-12-04,55+,United States,Individual,Google Ads,Individual
C01313,2026-01-11,18-24,Australia,Small,Google Ads,Business
C01314,2025-10-20,35-44,India,Medium,Organic,Individual
C01315,2026-04-09,35-44,India,Small,Organic,Business
C01316,2026-01-26,25-34,United States,Individual,Google Ads,Individual
C01317,2025-09-22,25-34,United States,Individual,Referral,Individual
C01318,2026-03-08,25-34,India,Individual,Meta Ads,Individual
C01319,2026-04-10,18-24,United States,Individual,Meta Ads,Business
C01320,2025-12-21,45-54,India,Large,Google Ads,Business
C01321,2025-05-13,35-44,Singapore,Individual,Partner,Individual
C01322,2025-04-07,18-24,United States,Individual,Partner,Individual
C01323,2025-06-22,25-34,United States,Small,Referral,Individual
C01324,2025-07-12,25-34,India,Large,Google Ads,Business
C01325,2026-01-25,35-44,India,Small,Organic,Business
C01326,2025-11-22,35-44,United States,Individual,Google Ads,Business
C01327,2025-11-19,55+,United Kingdom,Small,Email,Individual
C01328,2026-03-21,18-24,Canada,Individual,Google Ads,Business
C01329,2025-08-23,25-34,India,Individual,Google Ads,Business
C01330,2026-02-10,25-34,India,Individual,Organic,Business
C01331,2026-01-16,25-34,India,Small,Organic,Business
C01332,2025-08-29,18-24,India,Medium,Referral,Business
C01333,2025-03-09,18-24,Canada,Small,Meta Ads,Business
C01334,2026-04-04,25-34,Australia,Individual,Meta Ads,Business
C01335,2026-02-06,35-44,Singapore,Individual,Referral,Individual
C01336,2025-11-03,45-54,India,Individual,Organic,Individual
C01337,2025-03-26,55+,United States,Individual,Google Ads,Individual
C01338,2025-03-25,35-44,Canada,Individual,Organic,Individual
C01339,2025-03-16,45-54,Canada,Individual,Email,Business
C01340,2025-08-25,45-54,Singapore,Individual,Organic,Individual
C01341,2025-06-30,35-44,United States,Small,Organic,Individual
C01342,2026-01-14,18-24,United States,Individual,Organic,Business
C01343,2026-05-12,35-44,Canada,Medium,Google Ads,Business
C01344,2025-05-29,25-34,India,Medium,Meta Ads,Business
C01345,2025-05-22,45-54,United Kingdom,Individual,Meta Ads,Individual
C01346,2025-10-20,18-24,India,Large,Google Ads,Business
C01347,2026-04-18,35-44,United States,Large,Email,Individual
C01348,2025-10-02,35-44,United States,Individual,Google Ads,Business
C01349,2026-01-27,45-54,Australia,Small,Organic,Individual
C01350,2025-03-25,18-24,India,Large,Meta Ads,Business
C01351,2025-11-30,25-34,United States,Individual,Google Ads,Individual
C01352,2025-05-05,25-34,India,Small,Partner,Individual
C01353,2026-01-07,25-34,Canada,Small,Email,Individual
C01354,2025-10-14,25-34,United States,Small,Google Ads,Business
C01355,2026-02-02,35-44,Australia,Individual,Partner,Individual
C01356,2025-07-20,45-54,United States,Large,Partner,Business
C01357,2025-04-08,55+,United Kingdom,Small,Meta Ads,Business
C01358,2025-10-25,35-44,United States,Medium,Organic,Individual
C01359,2026-02-17,18-24,United Kingdom,Small,Google Ads,Individual
C01360,2025-05-13,35-44,Australia,Medium,Google Ads,Business
C01361,2026-03-02,45-54,Australia,Individual,Google Ads,Individual
C01362,2025-11-14,25-34,United Kingdom,Small,Meta Ads,Individual
C01363,2026-01-09,45-54,India,Small,Organic,Individual
C01364,2026-02-04,45-54,India,Individual,Meta Ads,Business
C01365,2026-04-09,45-54,India,Small,Organic,Business
C01366,2026-02-16,25-34,United States,Individual,Meta Ads,Individual
C01367,2025-10-02,45-54,United States,Small,Google Ads,Business
C01368,2025-09-09,25-34,United Kingdom,Large,Partner,Business
C01369,2026-01-11,35-44,United States,Individual,Partner,Business
C01370,2026-02-07,18-24,Singapore,Individual,Organic,Business
C01371,2026-04-14,25-34,Singapore,Individual,Google Ads,Business
C01372,2025-07-14,45-54,United Kingdom,Small,Google Ads,Individual
C01373,2026-03-29,45-54,Canada,Small,Google Ads,Business
C01374,2025-05-28,18-24,United States,Individual,Meta Ads,Individual
C01375,2026-05-14,35-44,India,Individual,Organic,Business
C01376,2026-03-10,25-34,United States,Small,Referral,Business
C01377,2025-07-03,55+,India,Small,Email,Individual
C01378,2025-04-03,45-54,United States,Medium,Meta Ads,Business
C01379,2025-06-25,25-34,United States,Small,Email,Individual
C01380,2025-04-01,25-34,India,Medium,Google Ads,Individual
C01381,2025-01-28,18-24,United Kingdom,Medium,Organic,Business
C01382,2025-11-19,45-54,United States,Large,Meta Ads,Individual
C01383,2025-05-30,25-34,Australia,Medium,Referral,Individual
C01384,2025-05-14,25-34,United States,Medium,Partner,Individual
C01385,2026-02-03,25-34,Australia,Individual,Email,Individual
C01386,2025-08-05,55+,India,Individual,Partner,Individual
C01387,2025-10-16,35-44,India,Medium,Google Ads,Individual
C01388,2025-04-09,25-34,Canada,Individual,Referral,Business
C01389,2026-04-01,45-54,United States,Medium,Organic,Individual
C01390,2025-12-18,45-54,United States,Individual,Organic,Individual
C01391,2025-06-13,25-34,United States,Small,Organic,Business
C01392,2025-05-16,35-44,United Kingdom,Individual,Referral,Individual
C01393,2026-04-08,25-34,Australia,Individual,Meta Ads,Business
C01394,2025-12-22,55+,Australia,Individual,Organic,Individual
C01395,2025-03-29,55+,United Kingdom,Medium,Google Ads,Business
C01396,2026-04-09,25-34,India,Individual,Google Ads,Business
C01397,2025-09-18,35-44,India,Medium,Organic,Business
C01398,2025-11-02,25-34,India,Medium,Referral,Individual
C01399,2025-08-16,25-34,Canada,Small,Google Ads,Individual
C01400,2025-03-18,18-24,United States,Small,Email,Individual
C01401,2025-03-21,18-24,United States,Individual,Email,Individual
C01402,2026-03-11,18-24,India,Individual,Partner,Individual
C01403,2025-04-28,25-34,India,Medium,Organic,Individual
C01404,2025-09-05,35-44,United States,Small,Organic,Individual
C01405,2025-10-16,35-44,India,Individual,Meta Ads,Individual
C01406,2025-11-15,45-54,India,Small,Organic,Individual
C01407,2025-06-14,25-34,India,Medium,Organic,Individual
C01408,2025-03-21,25-34,India,Small,Meta Ads,Business
C01409,2025-07-21,25-34,India,Medium,Meta Ads,Business
C01410,2025-12-13,35-44,India,Individual,Email,Business
C01411,2025-11-10,25-34,India,Individual,Google Ads,Individual
C01412,2025-10-26,45-54,United Kingdom,Medium,Organic,Individual
C01413,2026-01-25,25-34,United Kingdom,Individual,Meta Ads,Business
C01414,2025-01-17,25-34,United States,Small,Organic,Individual
C01415,2025-12-18,25-34,United Kingdom,Individual,Google Ads,Individual
C01416,2025-11-25,18-24,Canada,Individual,Organic,Individual
C01417,2025-04-12,35-44,Canada,Small,Partner,Individual
C01418,2025-10-10,45-54,India,Small,Organic,Individual
C01419,2026-01-28,55+,India,Large,Meta Ads,Individual
C01420,2025-09-26,35-44,Singapore,Individual,Google Ads,Individual
C01421,2026-02-01,25-34,India,Small,Partner,Business
C01422,2025-08-25,18-24,India,Individual,Partner,Individual
C01423,2025-08-26,18-24,United States,Small,Email,Individual
C01424,2025-05-24,35-44,United Kingdom,Individual,Email,Business
C01425,2025-10-31,25-34,United States,Individual,Google Ads,Business
C01426,2025-06-24,45-54,India,Medium,Email,Individual
C01427,2025-09-20,35-44,India,Individual,Partner,Individual
C01428,2025-01-28,25-34,Australia,Individual,Referral,Business
C01429,2025-09-21,55+,Australia,Individual,Organic,Individual
C01430,2025-03-30,25-34,India,Individual,Meta Ads,Individual
C01431,2025-04-21,35-44,India,Individual,Referral,Business
C01432,2025-05-31,35-44,United Kingdom,Small,Partner,Individual
C01433,2025-12-07,25-34,India,Medium,Organic,Business
C01434,2025-06-26,45-54,United Kingdom,Individual,Organic,Individual
C01435,2025-03-03,45-54,India,Individual,Referral,Business
C01436,2025-08-07,45-54,Canada,Individual,Meta Ads,Business
C01437,2025-04-27,25-34,United States,Individual,Organic,Business
C01438,2025-09-12,45-54,India,Small,Meta Ads,Business
C01439,2025-09-29,35-44,India,Small,Meta Ads,Individual
C01440,2025-05-22,45-54,Australia,Individual,Referral,Individual
C01441,2025-05-14,25-34,India,Small,Organic,Business
C01442,2025-09-05,45-54,India,Small,Google Ads,Business
C01443,2025-06-30,18-24,Canada,Medium,Organic,Individual
C01444,2025-10-30,45-54,United Kingdom,Individual,Organic,Individual
C01445,2025-04-21,25-34,India,Small,Organic,Individual
C01446,2025-07-16,25-34,Australia,Medium,Google Ads,Individual
C01447,2025-08-30,45-54,United Kingdom,Small,Google Ads,Business
C01448,2026-03-02,25-34,India,Individual,Partner,Individual
C01449,2025-11-22,45-54,India,Large,Organic,Individual
C01450,2025-03-15,35-44,United Kingdom,Individual,Google Ads,Individual
C01451,2026-02-05,45-54,India,Large,Organic,Individual
C01452,2026-03-11,45-54,India,Individual,Organic,Business
C01453,2025-07-27,35-44,Canada,Individual,Google Ads,Business
C01454,2025-11-13,25-34,Australia,Medium,Organic,Individual
C01455,2025-06-03,35-44,India,Individual,Partner,Business
C01456,2026-02-15,45-54,India,Large,Partner,Business
C01457,2025-05-19,55+,India,Individual,Organic,Individual
C01458,2026-05-11,18-24,Australia,Medium,Organic,Individual
C01459,2025-05-05,45-54,India,Medium,Google Ads,Individual
C01460,2025-11-07,35-44,United Kingdom,Large,Organic,Individual
C01461,2025-11-24,55+,United States,Medium,Email,Individual
C01462,2026-03-26,25-34,India,Large,Referral,Individual
C01463,2025-04-07,35-44,India,Individual,Referral,Individual
C01464,2025-08-30,35-44,United States,Individual,Google Ads,Business
C01465,2026-01-01,35-44,Australia,Medium,Referral,Business
C01466,2025-05-31,35-44,India,Individual,Partner,Business
C01467,2025-05-11,25-34,,Individual,Google Ads,Business
C01468,2025-06-20,35-44,India,Small,Meta Ads,Business
C01469,2026-04-16,35-44,India,Individual,Partner,Individual
C01470,2026-03-08,45-54,United Kingdom,Individual,Organic,Business
C01471,2025-04-01,55+,United States,Individual,Meta Ads,Individual
C01472,2026-03-25,45-54,United States,Small,Partner,Individual
C01473,2026-01-03,25-34,United Kingdom,Small,Organic,Individual
C01474,2025-06-29,25-34,Australia,Medium,Organic,Business
C01475,2026-02-07,45-54,United Kingdom,Individual,Meta Ads,Individual
C01476,2025-11-01,35-44,Singapore,Medium,Organic,Business
C01477,2026-01-02,35-44,United Kingdom,Medium,Email,Individual
C01478,2025-01-15,55+,United States,Individual,Google Ads,Business
C01479,2025-06-16,45-54,India,Individual,Google Ads,Individual
C01480,2026-02-26,55+,United Kingdom,Individual,Meta Ads,Business
C01481,2025-12-16,35-44,India,Individual,Email,Individual
C01482,2025-05-19,35-44,Singapore,Medium,Email,Business
C01483,2026-04-14,35-44,India,Individual,Referral,Individual
C01484,2026-04-07,45-54,United States,Medium,Email,Business
C01485,2025-11-08,45-54,United States,Individual,Partner,Individual
C01486,2025-12-19,45-54,India,Individual,Organic,Business
C01487,2025-12-28,35-44,United States,Small,Meta Ads,Individual
C01488,2026-04-15,25-34,India,Small,Organic,Business
C01489,2026-01-25,25-34,United States,Individual,Google Ads,Individual
C01490,2025-10-28,45-54,United States,Individual,Google Ads,Business
C01491,2025-09-05,18-24,India,Large,Partner,Business
C01492,2025-09-08,18-24,India,Individual,Organic,Individual
C01493,2025-09-15,25-34,United States,Individual,Referral,Individual
C01494,2026-03-14,55+,United Kingdom,Small,Email,Business
C01495,2025-03-24,18-24,Singapore,Individual,Referral,Business
C01496,2025-06-01,45-54,India,Individual,Partner,Individual
C01497,2025-01-31,35-44,United States,Individual,Partner,Individual
C01498,2025-08-14,25-34,Singapore,Individual,Organic,Business
C01499,2026-02-18,45-54,United Kingdom,Small,Meta Ads,Business
C01500,2025-07-06,25-34,India,Large,Google Ads,Business
C01501,2025-06-26,18-24,Australia,Individual,Meta Ads,Individual
C01502,2026-05-15,25-34,United States,Individual,Referral,Individual
C01503,2025-10-20,45-54,India,Individual,Organic,Business
C01504,2025-03-01,18-24,Canada,Individual,Organic,Individual
C01505,2025-04-19,35-44,India,Individual,Google Ads,Individual
C01506,2026-01-31,18-24,United Kingdom,Medium,Google Ads,Individual
C01507,2025-04-28,35-44,India,Individual,Google Ads,Individual
C01508,2026-02-24,25-34,United Kingdom,Individual,Referral,Individual
C01509,2026-04-06,25-34,United States,Individual,Organic,Individual
C01510,2025-09-15,45-54,United States,Individual,Google Ads,Individual
C01511,2025-08-10,45-54,United States,Medium,Referral,Business
C01512,2026-01-23,35-44,Canada,Small,Referral,Individual
C01513,2025-03-24,25-34,United States,Medium,Partner,Individual
C01514,2025-09-03,45-54,India,Small,Google Ads,Individual
C01515,2025-11-29,45-54,India,Individual,Organic,Individual
C01516,2026-03-15,55+,India,Small,Partner,Individual
C01517,2025-12-24,35-44,United States,Individual,Google Ads,Business
C01518,2026-02-21,35-44,India,Small,Meta Ads,Business
C01519,2025-03-01,55+,India,Small,Google Ads,Business
C01520,2025-07-06,25-34,United States,Small,Partner,Individual
C01521,2025-09-17,25-34,United States,Small,Organic,Individual
C01522,2026-01-06,25-34,India,Small,Organic,Individual
C01523,2026-03-10,25-34,United States,Individual,Meta Ads,Business
C01524,2025-04-21,25-34,India,Individual,Google Ads,Business
C01525,2025-04-19,25-34,India,Small,Google Ads,Individual
C01526,2025-07-31,25-34,Australia,Medium,Google Ads,Individual
C01527,2025-09-11,35-44,India,Small,Meta Ads,Business
C01528,2026-03-12,35-44,India,Individual,Referral,Business
C01529,2025-05-27,25-34,United States,Individual,Partner,Business
C01530,2026-03-25,25-34,India,Small,Organic,Business
C01531,2025-10-05,25-34,India,Large,Partner,Individual
C01532,2025-08-29,25-34,India,Individual,Referral,Individual
C01533,2026-04-20,45-54,India,Individual,Google Ads,Business
C01534,2026-02-02,55+,India,Individual,Referral,Business
C01535,2025-09-13,25-34,India,Medium,Meta Ads,Individual
C01536,2025-10-24,25-34,India,Individual,Partner,Business
C01537,2025-02-26,18-24,India,Individual,Google Ads,Business
C01538,2025-08-02,55+,Singapore,Medium,Organic,Individual
C01539,2026-03-05,25-34,United Kingdom,Individual,Organic,Individual
C01540,2025-12-26,35-44,India,Individual,Meta Ads,Business
C01541,2025-06-16,35-44,India,Medium,Organic,Business
C01542,2025-02-13,25-34,India,Medium,Partner,Business
C01543,2025-09-28,18-24,India,Small,Organic,Business
C01544,2025-04-14,35-44,Canada,Small,Meta Ads,Business
C01545,2025-08-12,18-24,India,Small,Google Ads,Business
C01546,2025-08-20,35-44,India,Individual,Google Ads,Business
C01547,2026-04-18,35-44,India,Small,Meta Ads,Individual
C01548,2025-03-08,45-54,India,Medium,Referral,Individual
C01549,2025-06-15,25-34,Australia,Individual,Organic,Individual
C01550,2025-03-30,18-24,United Kingdom,Individual,Referral,Business
C01551,2025-11-25,45-54,India,Individual,Google Ads,Individual
C01552,2025-08-14,25-34,India,Individual,Organic,Business
C01553,2026-05-01,25-34,India,Individual,Referral,Business
C01554,2025-01-08,45-54,India,Small,Organic,Business
C01555,2025-09-30,25-34,India,Individual,Referral,Business
C01556,2025-01-12,25-34,India,Individual,Organic,Individual
C01557,2026-04-26,25-34,United Kingdom,Individual,Organic,Individual
C01558,2025-12-24,25-34,United States,Individual,Organic,Individual
C01559,2026-02-17,25-34,United States,Individual,Referral,Individual
C01560,2025-12-24,45-54,United Kingdom,Medium,Organic,Business
C01561,2025-01-13,55+,United States,Small,Organic,Business
C01562,2025-12-10,25-34,United Kingdom,Small,Organic,Individual
C01563,2026-01-21,25-34,India,Individual,Organic,Business
C01564,2025-04-17,45-54,India,Large,Organic,Individual
C01565,2025-08-17,55+,India,Medium,Google Ads,Individual
C01566,2026-04-19,55+,India,Individual,Google Ads,Individual
C01567,2025-03-16,35-44,Australia,Large,Google Ads,Business
C01568,2026-01-18,35-44,United States,Individual,Referral,Business
C01569,2025-10-26,18-24,Australia,Large,Meta Ads,Individual
C01570,2025-12-19,55+,Australia,Individual,Organic,Business
C01571,2025-05-09,45-54,Canada,Individual,Referral,Business
C01572,2025-03-28,25-34,United States,Medium,Google Ads,Individual
C01573,2025-09-06,55+,India,Medium,Google Ads,Business
C01574,2026-03-05,25-34,United Kingdom,Medium,Organic,Individual
C01575,2026-01-30,45-54,India,Individual,Organic,Business
C01576,2025-05-09,18-24,United States,Large,Organic,Individual
C01577,2026-01-30,35-44,India,Medium,Meta Ads,Business
C01578,2025-04-07,18-24,India,Individual,Organic,Individual
C01579,2025-01-04,45-54,India,Small,Google Ads,Individual
C01580,2025-08-18,35-44,India,Large,Google Ads,Individual
C01581,2025-12-11,35-44,Singapore,Medium,Organic,Individual
C01582,2025-02-12,18-24,Australia,Small,Meta Ads,Business
C01583,2026-01-29,18-24,Singapore,Individual,Meta Ads,Individual
C01584,2025-12-20,55+,United States,Individual,Meta Ads,Individual
C01585,2026-05-14,35-44,Singapore,Large,Google Ads,Business
C01586,2025-02-27,25-34,Singapore,Individual,Referral,Business
C01587,2025-02-16,35-44,United Kingdom,Medium,Email,Individual
C01588,2025-09-09,35-44,United States,Medium,Meta Ads,Individual
C01589,2026-03-09,25-34,United States,Individual,Partner,Individual
C01590,2026-02-05,45-54,United States,Small,Partner,Business
C01591,2025-12-24,25-34,United Kingdom,Medium,Meta Ads,Individual
C01592,2026-03-15,25-34,United States,Individual,Organic,Individual
C01593,2025-07-29,55+,United States,Small,Partner,Individual
C01594,2026-05-02,18-24,United Kingdom,Individual,Meta Ads,Business
C01595,2026-03-22,35-44,United States,Small,Google Ads,Individual
C01596,2026-03-17,45-54,India,Individual,Google Ads,Business
C01597,2025-12-28,55+,Singapore,Individual,Organic,Business
C01598,2025-08-27,35-44,United Kingdom,Individual,Meta Ads,Individual
C01599,2025-10-03,35-44,India,Small,Google Ads,Individual
C01600,2026-02-18,25-34,United Kingdom,Individual,Referral,Individual
C01601,2025-01-10,35-44,India,Medium,Email,Business
C01602,2025-04-07,35-44,India,Individual,Google Ads,Business
C01603,2025-05-29,25-34,United States,Individual,Organic,Individual
C01604,2025-10-28,35-44,United Kingdom,Individual,Meta Ads,Individual
C01605,2025-08-11,35-44,India,Small,Referral,Individual
C01606,2025-05-20,35-44,United States,Individual,Referral,Business
C01607,2025-06-16,45-54,United States,Small,Partner,Individual
C01608,2025-10-15,45-54,Australia,Large,Google Ads,Business
C01609,2025-04-02,25-34,India,Medium,Google Ads,Business
C01610,2025-05-11,18-24,India,Individual,Partner,Individual
C01611,2025-11-08,25-34,United States,Individual,Organic,Individual
C01612,2025-02-21,25-34,Australia,Large,Organic,Individual
C01613,2025-01-14,25-34,United States,Small,Organic,Individual
C01614,2025-07-21,18-24,India,Individual,Meta Ads,Individual
C01615,2026-03-17,35-44,Singapore,Medium,Referral,Individual
C01616,2026-03-18,18-24,United States,Small,Referral,Business
C01617,2025-01-29,25-34,United States,Individual,Google Ads,Business
C01618,2026-03-29,55+,India,Medium,Google Ads,Individual
C01619,2026-01-30,25-34,India,Small,Referral,Business
C01620,2025-10-05,35-44,India,Individual,Email,Individual
C01621,2025-03-24,35-44,United States,Small,Organic,Individual
C01622,2025-11-26,45-54,United Kingdom,Small,Organic,Individual
C01623,2025-06-04,35-44,India,Individual,Referral,Individual
C01624,2026-02-09,35-44,India,Medium,Partner,Individual
C01625,2025-01-11,45-54,India,Small,Organic,Individual
C01626,2026-03-30,45-54,United States,Small,Organic,Individual
C01627,2026-03-01,25-34,Australia,Individual,Email,Business
C01628,2025-01-05,25-34,India,Individual,Email,Individual
C01629,2025-03-20,35-44,United States,Individual,Email,Business
C01630,2026-04-27,35-44,India,Individual,Meta Ads,Individual
C01631,2025-12-09,25-34,Canada,Small,Referral,Individual
C01632,2025-12-30,45-54,India,Small,Organic,Individual
C01633,2025-11-25,35-44,India,Medium,Organic,Individual
C01634,2025-01-19,35-44,India,Individual,Partner,Business
C01635,2025-03-01,55+,India,Individual,Referral,Individual
C01636,2026-02-22,25-34,United Kingdom,Individual,Email,Business
C01637,2025-12-10,25-34,United States,Medium,Referral,Business
C01638,2026-05-04,35-44,Canada,Individual,Organic,Business
C01639,2025-12-16,35-44,India,Medium,Email,Individual
C01640,2026-02-01,35-44,India,Individual,Organic,Business
C01641,2026-03-12,45-54,India,Individual,Partner,Business
C01642,2026-01-19,35-44,United Kingdom,Small,Organic,Individual
C01643,2025-12-06,25-34,Australia,Large,Organic,Individual
C01644,2025-12-09,45-54,India,Medium,Referral,Individual
C01645,2025-12-26,25-34,Canada,Individual,Referral,Business
C01646,2026-03-05,35-44,India,Individual,Organic,Individual
C01647,2025-08-11,25-34,Australia,Small,Google Ads,Business
C01648,2025-12-27,35-44,United States,Individual,Email,Business
C01649,2025-05-15,55+,India,Individual,Partner,Business
C01650,2025-09-21,25-34,Singapore,Large,Google Ads,Business
C01651,2026-01-04,18-24,India,Individual,Organic,Business
C01652,2025-07-16,25-34,United Kingdom,Individual,Referral,Individual
C01653,2025-12-02,35-44,India,Individual,Email,Individual
C01654,2025-07-07,55+,United Kingdom,Small,Referral,Business
C01655,2025-10-28,18-24,India,Individual,Meta Ads,Individual
C01656,2025-05-30,25-34,Australia,Small,Google Ads,Individual
C01657,2025-07-15,45-54,India,Medium,Meta Ads,Individual
C01658,2025-03-06,18-24,Australia,Individual,Referral,Individual
C01659,2025-04-18,35-44,United States,Individual,Organic,Business
C01660,2025-07-08,55+,India,Individual,Organic,Individual
C01661,2025-05-18,55+,Australia,Small,Organic,Business
C01662,2025-12-13,25-34,India,Small,Partner,Business
C01663,2026-03-23,25-34,India,Small,Organic,Individual
C01664,2025-07-07,35-44,India,Individual,Email,Business
C01665,2025-03-27,35-44,United Kingdom,Small,Organic,Individual
C01666,2026-01-16,35-44,Canada,Large,Organic,Business
C01667,2025-09-12,25-34,India,Individual,Partner,Business
C01668,2025-12-07,45-54,India,Individual,Google Ads,Business
C01669,2025-10-15,25-34,India,Individual,Google Ads,Business
C01670,2026-02-22,35-44,United States,Medium,Organic,Business
C01671,2025-10-06,35-44,India,Small,Google Ads,Individual
C01672,2025-12-29,55+,India,Individual,Google Ads,Business
C01673,2025-02-12,35-44,India,Small,Partner,Business
C01674,2025-11-08,35-44,India,Individual,Referral,Individual
C01675,2025-06-13,25-34,India,Individual,Organic,Individual
C01676,2025-12-29,45-54,United States,Large,Google Ads,Individual
C01677,2025-05-06,55+,India,Small,Referral,Business
C01678,2025-02-28,25-34,United Kingdom,Individual,Organic,Individual
C01679,2026-03-10,25-34,Canada,Individual,Organic,Business
C01680,2025-11-15,45-54,India,Medium,Google Ads,Individual
C01681,2025-06-19,18-24,Canada,Large,Partner,Business
C01682,2025-06-04,45-54,India,Individual,Referral,Business
C01683,2025-04-30,55+,Australia,Individual,Organic,Individual
C01684,2025-01-04,25-34,United Kingdom,Large,Google Ads,Individual
C01685,2025-02-22,25-34,United Kingdom,Small,Meta Ads,Individual
C01686,2025-07-19,25-34,India,Small,Meta Ads,Business
C01687,2025-11-07,35-44,India,Small,Google Ads,Individual
C01688,2025-07-30,18-24,United States,Small,Referral,Individual
C01689,2025-11-28,35-44,India,Individual,Email,Individual
C01690,2025-06-15,25-34,India,Individual,Email,Individual
C01691,2025-08-27,25-34,Singapore,Small,Referral,Business
C01692,2025-07-24,35-44,Canada,Medium,Email,Business
C01693,2025-02-05,25-34,United States,Small,Google Ads,Business
C01694,2025-06-16,35-44,United Kingdom,Small,Google Ads,Individual
C01695,2025-03-04,35-44,India,Small,Organic,Individual
C01696,2025-02-17,45-54,United States,Small,Partner,Individual
C01697,2025-07-28,45-54,United Kingdom,Individual,Email,Business
C01698,2025-08-19,18-24,India,Medium,Organic,Business
C01699,2026-01-24,25-34,Canada,Individual,Partner,Business
C01700,2026-03-07,18-24,United States,Individual,Organic,Individual
C01701,2026-02-02,45-54,United States,Large,Organic,Individual
C01702,2025-05-26,35-44,Australia,Small,Referral,Individual
C01703,2026-01-25,35-44,India,Large,Partner,Business
C01704,2025-10-09,18-24,Singapore,Small,Google Ads,Business
C01705,2025-12-02,35-44,India,Medium,Email,Individual
C01706,2025-10-07,18-24,United States,Individual,Organic,Individual
C01707,2025-12-04,45-54,United Kingdom,Medium,Google Ads,Business
C01708,2025-12-18,45-54,India,Individual,Organic,Individual
C01709,2026-01-29,18-24,India,Individual,Partner,Individual
C01710,2025-08-10,25-34,Canada,Small,Referral,Business
C01711,2025-12-04,35-44,United States,Small,Email,Business
C01712,2025-06-20,45-54,Canada,Medium,Referral,Business
C01713,2026-01-09,35-44,Canada,Small,Google Ads,Individual
C01714,2025-03-29,45-54,United States,Large,Partner,Individual
C01715,2025-06-15,35-44,Singapore,Individual,Referral,Individual
C01716,2025-02-06,35-44,United States,Small,Referral,Business
C01717,2025-11-09,35-44,India,Medium,Partner,Individual
C01718,2025-02-22,25-34,United States,Medium,Meta Ads,Individual
C01719,2025-09-01,45-54,Australia,Small,Organic,Individual
C01720,2025-04-21,25-34,India,Small,Organic,Individual
C01721,2026-01-16,45-54,India,Large,Email,Business
C01722,2026-01-13,25-34,United States,Individual,Google Ads,Business
C01723,2026-05-10,45-54,United States,Medium,Organic,Individual
C01724,2025-10-27,55+,India,Individual,Google Ads,Business
C01725,2025-06-05,25-34,United States,Medium,Email,Individual
C01726,2025-07-29,35-44,India,Small,Organic,Individual
C01727,2025-09-15,35-44,United Kingdom,Individual,Partner,Business
C01728,2025-09-03,35-44,Singapore,Medium,Referral,Individual
C01729,2026-03-21,45-54,United States,Small,Google Ads,Individual
C01730,2025-07-10,25-34,United States,Individual,Organic,Individual
C01731,2026-01-19,25-34,Singapore,Individual,Google Ads,Individual
C01732,2026-02-05,35-44,India,Small,Meta Ads,Individual
C01733,2025-04-21,35-44,India,Individual,Meta Ads,Business
C01734,2025-06-05,35-44,United Kingdom,Individual,Meta Ads,Individual
C01735,2025-07-21,35-44,India,Small,Meta Ads,Individual
C01736,2025-02-06,25-34,,Individual,Partner,Individual
C01737,2025-03-19,35-44,India,Small,Organic,Individual
C01738,2025-03-28,25-34,India,Small,Meta Ads,Individual
C01739,2026-03-19,45-54,Australia,Individual,Email,Individual
C01740,2026-04-13,35-44,Australia,Small,Referral,Individual
C01741,2025-08-07,55+,United States,Individual,Google Ads,Business
C01742,2026-02-02,25-34,Canada,Individual,Referral,Individual
C01743,2025-02-03,45-54,India,Individual,Google Ads,Business
C01744,2025-10-25,25-34,India,Medium,Email,Business
C01745,2025-08-02,25-34,Singapore,Individual,Organic,Individual
C01746,2025-03-01,25-34,Australia,Medium,Organic,Business
C01747,2025-04-04,25-34,United Kingdom,Small,Referral,Business
C01748,2025-09-23,35-44,United States,Large,Organic,Individual
C01749,2025-08-04,45-54,India,Individual,Referral,Individual
C01750,2026-04-03,25-34,India,Individual,Referral,Individual
C01751,2025-02-25,18-24,Australia,Individual,Referral,Individual
C01752,2025-01-30,45-54,India,Individual,Referral,Business
C01753,2025-11-02,25-34,United Kingdom,Individual,Referral,Business
C01754,2025-09-14,25-34,India,Individual,Meta Ads,Business
C01755,2025-02-11,35-44,United States,Individual,Google Ads,Individual
C01756,2026-01-20,25-34,United Kingdom,Individual,Meta Ads,Individual
C01757,2026-04-20,18-24,India,Small,Partner,Individual
C01758,2026-03-26,45-54,United Kingdom,Small,Meta Ads,Individual
C01759,2025-07-28,35-44,United States,Individual,Meta Ads,Individual
C01760,2025-04-25,55+,Australia,Individual,Google Ads,Business
C01761,2026-04-08,35-44,Canada,Individual,Google Ads,Business
C01762,2025-12-29,35-44,Singapore,Individual,Organic,Business
C01763,2025-01-30,35-44,India,Medium,Organic,Individual
C01764,2025-01-09,35-44,United States,Small,Referral,Business
C01765,2025-03-21,45-54,United Kingdom,Individual,Google Ads,Individual
C01766,2025-11-02,35-44,India,Individual,Google Ads,Individual
C01767,2025-01-07,45-54,India,Individual,Partner,Individual
C01768,2025-11-01,18-24,United Kingdom,Small,Referral,Individual
C01769,2025-10-25,45-54,United States,Medium,Google Ads,Individual
C01770,2025-07-22,35-44,United States,Individual,Email,Individual
C01771,2025-02-11,18-24,India,Small,Google Ads,Individual
C01772,2025-09-22,45-54,India,Small,Referral,Business
C01773,2025-06-18,18-24,India,Small,Google Ads,Individual
C01774,2025-01-11,18-24,India,Small,Partner,Business
C01775,2025-12-12,25-34,United States,Individual,Partner,Individual
C01776,2025-05-16,35-44,India,Medium,Organic,Business
C01777,2026-02-19,35-44,India,Small,Partner,Individual
C01778,2025-05-14,25-34,,Individual,Google Ads,Business
C01779,2026-05-12,35-44,India,Small,Referral,Business
C01780,2026-03-01,18-24,India,Individual,Meta Ads,Individual
C01781,2025-10-23,25-34,India,Small,Google Ads,Business
C01782,2026-03-09,25-34,India,Medium,Referral,Individual
C01783,2025-12-10,35-44,United Kingdom,Medium,Partner,Business
C01784,2026-03-15,35-44,United States,Large,Organic,Business
C01785,2025-11-26,18-24,India,Small,Referral,Individual
C01786,2025-11-30,18-24,India,Individual,Organic,Business
C01787,2025-07-01,25-34,India,Individual,Partner,Business
C01788,2025-01-22,35-44,United States,Individual,Meta Ads,Individual
C01789,2025-01-27,35-44,United States,Medium,Meta Ads,Business
C01790,2025-07-31,35-44,Australia,Individual,Meta Ads,Individual
C01791,2025-11-25,35-44,Australia,Small,Partner,Business
C01792,2026-01-11,35-44,India,Small,Google Ads,Business
C01793,2026-01-28,25-34,India,Small,Google Ads,Individual
C01794,2025-06-30,25-34,United Kingdom,Individual,Email,Individual
C01795,2026-04-12,35-44,India,Individual,Organic,Business
C01796,2026-03-28,45-54,United Kingdom,Individual,Referral,Individual
C01797,2026-01-08,18-24,India,Large,Organic,Individual
C01798,2025-07-05,18-24,India,Individual,Meta Ads,Individual
C01799,2025-04-03,55+,India,Small,Organic,Individual
C01800,2026-01-26,18-24,United Kingdom,Individual,Email,Business
C01801,2025-02-04,55+,India,Individual,Referral,Individual
C01802,2025-10-27,35-44,United States,Individual,Referral,Individual
C01803,2026-04-27,55+,United States,Individual,Organic,Individual
C01804,2025-04-18,45-54,Canada,Large,Organic,Individual
C01805,2025-05-15,18-24,United States,Medium,Referral,Individual
C01806,2026-03-26,45-54,United Kingdom,Small,Partner,Individual
C01807,2025-03-03,35-44,India,Small,Organic,Individual
C01808,2026-02-25,35-44,India,Individual,Organic,Business
C01809,2025-03-14,18-24,India,Medium,Referral,Individual
C01810,2025-10-15,25-34,United States,Individual,Google Ads,Individual
C01811,2025-11-01,45-54,India,Large,Organic,Business
C01812,2025-08-02,18-24,United States,Individual,Google Ads,Individual
C01813,2026-04-02,35-44,Australia,Small,Organic,Business
C01814,2025-03-16,18-24,United States,Individual,Meta Ads,Individual
C01815,2025-11-21,25-34,India,Individual,Partner,Business
C01816,2025-12-12,25-34,India,Medium,Google Ads,Business
C01817,2025-09-29,45-54,United States,Medium,Google Ads,Individual
C01818,2025-01-16,35-44,India,Small,Google Ads,Business
C01819,2025-02-08,25-34,Canada,Small,Email,Individual
C01820,2025-10-29,35-44,India,Small,Meta Ads,Individual
C01821,2026-04-08,25-34,India,Medium,Meta Ads,Business
C01822,2025-02-11,35-44,United Kingdom,Small,Partner,Business
C01823,2025-01-26,35-44,Canada,Large,Referral,Business
C01824,2025-04-19,35-44,India,Individual,Google Ads,Business
C01825,2025-09-19,25-34,Singapore,Medium,Meta Ads,Business
C01826,2026-03-27,35-44,India,Individual,Email,Business
C01827,2025-03-31,55+,United States,Individual,Organic,Individual
C01828,2025-11-14,35-44,India,Individual,Partner,Business
C01829,2025-08-15,45-54,Canada,Large,Google Ads,Individual
C01830,2026-04-06,55+,United Kingdom,Individual,Google Ads,Individual
C01831,2026-04-02,35-44,United Kingdom,Small,Referral,Business
C01832,2025-07-12,45-54,United States,Individual,Google Ads,Individual
C01833,2025-09-11,25-34,United Kingdom,Medium,Partner,Individual
C01834,2025-01-10,35-44,India,Individual,Organic,Individual
C01835,2026-01-17,35-44,Singapore,Individual,Partner,Business
C01836,2026-01-04,25-34,India,Large,Email,Individual
C01837,2025-12-07,25-34,India,Individual,Partner,Individual
C01838,2026-02-21,45-54,Canada,Individual,Referral,Business
C01839,2026-01-13,55+,India,Medium,Meta Ads,Individual
C01840,2025-02-09,18-24,India,Individual,Google Ads,Individual
C01841,2025-12-19,35-44,United Kingdom,Individual,Referral,Business
C01842,2025-09-30,18-24,United Kingdom,Small,Google Ads,Individual
C01843,2026-02-02,35-44,India,Individual,Google Ads,Business
C01844,2025-09-27,35-44,India,Medium,Organic,Business
C01845,2026-02-02,45-54,United States,Large,Referral,Individual
C01846,2025-10-28,35-44,India,Small,Meta Ads,Individual
C01847,2025-12-24,45-54,India,Small,Google Ads,Business
C01848,2025-07-18,55+,India,Individual,Organic,Individual
C01849,2026-02-22,35-44,India,Individual,Email,Individual
C01850,2025-04-09,25-34,United Kingdom,Individual,Google Ads,Individual
C01851,2025-08-16,35-44,India,Individual,Partner,Individual
C01852,2025-02-04,25-34,United States,Individual,Google Ads,Individual
C01853,2026-04-06,45-54,United States,Small,Organic,Business
C01854,2026-04-05,25-34,India,Small,Organic,Individual
C01855,2025-12-16,45-54,United States,Individual,Google Ads,Business
C01856,2026-02-13,25-34,Australia,Small,Google Ads,Individual
C01857,2025-08-19,25-34,United Kingdom,Individual,Organic,Business
C01858,2025-01-05,55+,India,Individual,Organic,Individual
C01859,2025-06-17,25-34,India,Medium,Partner,Business
C01860,2026-01-26,35-44,Singapore,Medium,Partner,Individual
C01861,2025-10-30,35-44,India,Medium,Meta Ads,Business
C01862,2026-01-31,55+,United Kingdom,Large,Referral,Business
C01863,2025-02-28,25-34,India,Small,Referral,Individual
C01864,2025-12-25,18-24,India,Individual,Partner,Individual
C01865,2025-03-08,35-44,United Kingdom,Medium,Referral,Individual
C01866,2025-08-03,25-34,United Kingdom,Medium,Partner,Individual
C01867,2025-02-23,25-34,Australia,Individual,Organic,Business
C01868,2026-02-06,25-34,United States,Small,Google Ads,Individual
C01869,2026-02-06,45-54,India,Small,Google Ads,Individual
C01870,2025-09-06,35-44,India,Individual,Email,Business
C01871,2025-12-22,25-34,India,Individual,Referral,Business
C01872,2025-08-30,18-24,United States,Medium,Partner,Business
C01873,2025-12-27,25-34,United States,Individual,Email,Individual
C01874,2026-01-24,25-34,India,Small,Partner,Business
C01875,2026-03-22,25-34,India,Individual,Google Ads,Individual
C01876,2025-12-18,35-44,India,Small,Organic,Individual
C01877,2025-08-26,35-44,United Kingdom,Medium,Email,Business
C01878,2025-12-14,45-54,United States,Individual,Organic,Individual
C01879,2026-02-12,25-34,India,Individual,Organic,Business
C01880,2025-04-11,35-44,India,Medium,Email,Business
C01881,2025-03-20,18-24,Australia,Individual,Referral,Individual
C01882,2025-10-05,25-34,United States,Individual,Organic,Individual
C01883,2025-06-16,45-54,United States,Medium,Organic,Individual
C01884,2026-01-19,45-54,India,Individual,Organic,Individual
C01885,2026-02-02,18-24,India,Medium,Organic,Individual
C01886,2025-07-19,25-34,India,Large,Meta Ads,Individual
C01887,2026-02-04,25-34,United States,Medium,Organic,Individual
C01888,2025-02-25,18-24,Singapore,Medium,Organic,Business
C01889,2025-11-21,25-34,India,Individual,Meta Ads,Business
C01890,2025-12-20,45-54,India,Medium,Organic,Business
C01891,2025-03-06,55+,India,Small,Google Ads,Business
C01892,2025-12-24,25-34,United States,Small,Meta Ads,Individual
C01893,2025-09-12,35-44,Canada,Small,Referral,Business
C01894,2025-08-08,18-24,United States,Medium,Referral,Business
C01895,2026-02-07,25-34,India,Individual,Referral,Individual
C01896,2025-04-25,25-34,Australia,Individual,Organic,Individual
C01897,2025-07-16,45-54,India,Small,Google Ads,Individual
C01898,2025-12-29,35-44,Canada,Small,Referral,Individual
C01899,2025-02-15,18-24,India,Individual,Referral,Business
C01900,2025-10-20,45-54,India,Individual,Organic,Business
C01901,2026-03-18,25-34,India,Small,Referral,Individual
C01902,2025-06-08,45-54,India,Medium,Organic,Business
C01903,2025-01-10,25-34,United States,Individual,Referral,Individual
C01904,2026-05-13,25-34,Singapore,Small,Google Ads,Individual
C01905,2026-01-31,25-34,United Kingdom,Individual,Organic,Individual
C01906,2025-02-16,55+,Canada,Individual,Email,Business
C01907,2025-12-12,35-44,Canada,Small,Email,Business
C01908,2025-04-20,25-34,United States,Large,Partner,Individual
C01909,2026-03-31,45-54,United States,Small,Organic,Business
C01910,2025-09-10,35-44,India,Individual,Email,Business
C01911,2026-04-11,35-44,United Kingdom,Individual,Partner,Individual
C01912,2025-01-24,35-44,United Kingdom,Medium,Google Ads,Business
C01913,2025-09-28,18-24,Australia,Individual,Google Ads,Individual
C01914,2025-07-13,18-24,United States,Small,Referral,Business
C01915,2025-07-06,18-24,Australia,Large,Organic,Business
C01916,2025-12-12,25-34,,Individual,Meta Ads,Business
C01917,2025-06-23,45-54,United Kingdom,Small,Organic,Business
C01918,2025-06-07,25-34,India,Large,Meta Ads,Individual
C01919,2026-02-20,25-34,India,Small,Referral,Business
C01920,2025-10-13,25-34,India,Individual,Google Ads,Individual
C01921,2026-04-04,25-34,Canada,Small,Meta Ads,Individual
C01922,2025-12-09,35-44,India,Individual,Google Ads,Individual
C01923,2026-02-13,25-34,India,Small,Referral,Individual
C01924,2025-06-11,45-54,Singapore,Individual,Organic,Business
C01925,2025-10-04,35-44,India,Individual,Partner,Individual
C01926,2025-12-21,25-34,India,Individual,Organic,Business
C01927,2025-07-18,25-34,United States,Individual,Google Ads,Business
C01928,2025-10-05,45-54,Singapore,Large,Google Ads,Business
C01929,2026-02-20,25-34,Australia,Medium,Partner,Business
C01930,2025-04-04,45-54,India,Medium,Meta Ads,Individual
C01931,2025-07-25,18-24,United States,Small,Organic,Individual
C01932,2025-08-02,18-24,India,Individual,Organic,Individual
C01933,2025-02-10,18-24,India,Small,Organic,Business
C01934,2026-02-20,45-54,India,Large,Organic,Business
C01935,2025-09-10,35-44,United States,Small,Meta Ads,Business
C01936,2025-03-02,55+,India,Small,Google Ads,Individual
C01937,2025-11-26,18-24,Singapore,Small,Google Ads,Business
C01938,2025-11-01,45-54,India,Large,Email,Individual
C01939,2025-04-10,35-44,Canada,Small,Referral,Business
C01940,2025-12-30,55+,Australia,Medium,Referral,Individual
C01941,2025-10-16,45-54,India,Small,Organic,Business
C01942,2026-03-15,18-24,United States,Individual,Partner,Individual
C01943,2025-06-14,25-34,India,Individual,Partner,Business
C01944,2025-07-19,25-34,India,Small,Organic,Business
C01945,2025-07-26,25-34,Australia,Medium,Meta Ads,Individual
C01946,2026-03-19,25-34,India,Individual,Organic,Business
C01947,2025-08-18,25-34,Singapore,Small,Referral,Individual
C01948,2025-05-10,45-54,India,Individual,Referral,Individual
C01949,2025-04-26,25-34,United States,Medium,Referral,Individual
C01950,2025-08-18,25-34,India,Individual,Organic,Individual
C01951,2026-01-10,18-24,Australia,Individual,Google Ads,Business
C01952,2025-01-30,55+,United States,Individual,Referral,Business
C01953,2025-01-22,25-34,Canada,Individual,Organic,Business
C01954,2025-12-12,25-34,United States,Individual,Google Ads,Individual
C01955,2026-01-15,25-34,India,Individual,Referral,Individual
C01956,2025-02-24,35-44,United Kingdom,Small,Referral,Individual
C01957,2026-01-14,25-34,Australia,Large,Partner,Individual
C01958,2026-02-12,55+,India,Medium,Meta Ads,Business
C01959,2025-04-14,35-44,India,Small,Referral,Business
C01960,2025-06-02,25-34,Canada,Individual,Google Ads,Business
C01961,2025-05-17,45-54,Australia,Individual,Google Ads,Individual
C01962,2025-06-19,18-24,United States,Small,Meta Ads,Individual
C01963,2025-05-29,18-24,Australia,Individual,Referral,Individual
C01964,2026-03-17,18-24,United Kingdom,Small,Referral,Individual
C01965,2025-06-08,35-44,India,Large,Organic,Individual
C01966,2025-03-14,45-54,Australia,Individual,Organic,Business
C01967,2025-01-01,25-34,Canada,Individual,Referral,Business
C01968,2025-01-29,18-24,India,Medium,Referral,Individual
C01969,2026-03-02,35-44,United States,Small,Partner,Business
C01970,2026-04-21,35-44,India,Small,Google Ads,Business
C01971,2025-09-02,25-34,India,Small,Referral,Individual
C01972,2025-10-07,35-44,India,Small,Referral,Individual
C01973,2026-03-04,35-44,United States,Small,Email,Business
C01974,2025-11-08,45-54,Singapore,Individual,Organic,Individual
C01975,2025-03-11,45-54,United States,Medium,Partner,Individual
C01976,2025-11-22,25-34,India,Small,Partner,Individual
C01977,2025-06-02,45-54,India,Individual,Google Ads,Individual
C01978,2025-07-17,45-54,India,Medium,Organic,Business
C01979,2025-05-03,25-34,United States,Large,Organic,Business
C01980,2025-08-13,35-44,India,Individual,Organic,Individual
C01981,2026-04-11,35-44,United States,Small,Organic,Individual
C01982,2026-04-25,25-34,United Kingdom,Individual,Meta Ads,Individual
C01983,2026-01-29,25-34,India,Small,Partner,Business
C01984,2025-01-08,25-34,Canada,Small,Meta Ads,Business
C01985,2025-09-24,25-34,Canada,Individual,Google Ads,Business
C01986,2025-11-15,25-34,United Kingdom,Individual,Email,Individual
C01987,2025-02-13,18-24,India,Individual,Referral,Individual
C01988,2025-04-28,35-44,Singapore,Small,Organic,Individual
C01989,2025-02-12,25-34,India,Individual,Organic,Individual
C01990,2025-04-22,55+,Singapore,Medium,Referral,Individual
C01991,2026-01-08,25-34,India,Small,Email,Business
C01992,2025-01-13,35-44,United States,Individual,Email,Business
C01993,2026-01-03,25-34,India,Medium,Google Ads,Business
C01994,2025-01-22,18-24,Canada,Medium,Organic,Business
C01995,2026-03-15,35-44,Australia,Individual,Meta Ads,Business
C01996,2025-09-15,45-54,India,Medium,Partner,Individual
C01997,2025-10-20,25-34,Canada,Small,Partner,Individual
C01998,2025-11-24,35-44,Australia,Medium,Meta Ads,Individual
C01999,2025-07-07,18-24,India,Individual,Organic,Business
C02000,2026-01-25,55+,India,Individual,Google Ads,Individual
C02001,2025-11-28,25-34,Singapore,Small,Organic,Individual
C02002,2025-05-26,45-54,United Kingdom,Small,Email,Business
C02003,2025-01-19,55+,Singapore,Small,Meta Ads,Business
C02004,2025-06-13,18-24,United States,Medium,Organic,Individual
C02005,2025-03-24,25-34,United Kingdom,Small,Meta Ads,Business
C02006,2025-10-26,25-34,India,Individual,Meta Ads,Individual
C02007,2026-05-02,25-34,India,Medium,Partner,Business
C02008,2026-03-07,35-44,India,Small,Google Ads,Business
C02009,2026-03-17,25-34,United Kingdom,Small,Organic,Individual
C02010,2025-06-14,25-34,India,Small,Meta Ads,Individual
C02011,2025-04-08,25-34,United Kingdom,Medium,Organic,Individual
C02012,2026-05-06,45-54,India,Individual,Partner,Business
C02013,2025-02-11,35-44,Australia,Small,Google Ads,Business
C02014,2026-01-20,25-34,India,Individual,Email,Business
C02015,2026-05-10,45-54,Australia,Small,Email,Individual
C02016,2025-01-06,45-54,United States,Small,Email,Individual
C02017,2025-06-29,45-54,India,Small,Organic,Individual
C02018,2026-04-16,35-44,Canada,Medium,Meta Ads,Individual
C02019,2025-12-09,45-54,India,Medium,Meta Ads,Individual
C02020,2025-12-02,18-24,United Kingdom,Small,Referral,Individual
C02021,2026-03-05,35-44,India,Individual,Partner,Business
C02022,2025-08-13,35-44,India,Medium,Organic,Business
C02023,2025-06-19,25-34,India,Small,Meta Ads,Individual
C02024,2025-01-25,25-34,India,Individual,Google Ads,Individual
C02025,2025-06-22,35-44,India,Large,Organic,Business
C02026,2025-05-25,55+,India,Individual,Organic,Individual
C02027,2025-11-11,25-34,United States,Small,Meta Ads,Individual
C02028,2025-05-30,25-34,India,Individual,Organic,Individual
C02029,2025-05-28,35-44,India,Individual,Partner,Business
C02030,2025-08-05,18-24,India,Small,Partner,Individual
C02031,2026-03-15,25-34,United States,Individual,Referral,Individual
C02032,2025-01-21,45-54,India,Individual,Meta Ads,Individual
C02033,2025-01-17,45-54,Canada,Individual,Email,Business
C02034,2026-02-02,35-44,Singapore,Individual,Google Ads,Business
C02035,2025-09-17,45-54,United States,Individual,Meta Ads,Business
C02036,2026-01-18,25-34,India,Small,Referral,Individual
C02037,2025-03-24,35-44,India,Medium,Organic,Individual
C02038,2026-05-13,35-44,Singapore,Medium,Google Ads,Individual
C02039,2025-10-03,25-34,Australia,Medium,Email,Individual
C02040,2025-09-04,35-44,India,Small,Organic,Business
C02041,2026-03-29,35-44,India,Individual,Google Ads,Individual
C02042,2025-05-16,35-44,India,Small,Partner,Business
C02043,2025-10-20,25-34,India,Individual,Partner,Individual
C02044,2025-05-25,35-44,Canada,Individual,Google Ads,Individual
C02045,2025-04-25,35-44,United States,Small,Meta Ads,Individual
C02046,2025-04-22,25-34,India,Individual,Organic,Individual
C02047,2025-10-19,55+,United States,Individual,Email,Individual
C02048,2025-11-08,55+,United States,Large,Organic,Individual
C02049,2026-02-05,25-34,United States,Large,Email,Individual
C02050,2025-10-04,18-24,India,Individual,Google Ads,Individual
C02051,2025-06-17,45-54,India,Medium,Email,Individual
C02052,2026-04-20,35-44,India,Individual,Meta Ads,Individual
C02053,2025-02-08,25-34,Australia,Small,Organic,Individual
C02054,2026-05-02,35-44,Singapore,Individual,Meta Ads,Individual
C02055,2025-09-25,35-44,Singapore,Medium,Organic,Individual
C02056,2025-05-16,35-44,Canada,Individual,Meta Ads,Business
C02057,2025-02-07,35-44,India,Small,Organic,Business
C02058,2025-12-08,25-34,India,Medium,Partner,Individual
C02059,2025-02-11,25-34,United States,Small,Referral,Individual
C02060,2025-06-10,45-54,India,Individual,Meta Ads,Business
C02061,2025-08-09,45-54,United States,Medium,Organic,Individual
C02062,2026-02-26,18-24,United States,Small,Meta Ads,Individual
C02063,2025-04-19,18-24,India,Medium,Google Ads,Individual
C02064,2025-04-18,55+,India,Individual,Meta Ads,Individual
C02065,2025-10-29,35-44,India,Small,Email,Individual
C02066,2025-10-08,25-34,Canada,Large,Meta Ads,Individual
C02067,2026-02-12,45-54,India,Medium,Partner,Individual
C02068,2025-10-13,35-44,India,Medium,Meta Ads,Business
C02069,2026-01-22,18-24,United States,Medium,Email,Individual
C02070,2025-03-15,25-34,United States,Small,Google Ads,Individual
C02071,2026-04-17,55+,India,Medium,Google Ads,Business
C02072,2026-02-08,25-34,India,Individual,Google Ads,Individual
C02073,2025-03-08,18-24,India,Small,Google Ads,Business
C02074,2025-11-08,45-54,United Kingdom,Small,Partner,Business
C02075,2026-04-07,25-34,India,Individual,Referral,Individual
C02076,2025-10-02,45-54,Canada,Medium,Organic,Business
C02077,2025-11-05,35-44,Singapore,Individual,Meta Ads,Individual
C02078,2025-11-08,35-44,India,Small,Google Ads,Individual
C02079,2025-09-17,35-44,United States,Individual,Google Ads,Individual
C02080,2025-05-27,25-34,India,Large,Email,Individual
C02081,2025-10-20,25-34,United Kingdom,Individual,Google Ads,Business
C02082,2026-01-01,18-24,India,Individual,Partner,Individual
C02083,2025-04-24,45-54,United Kingdom,Medium,Organic,Business
C02084,2025-02-26,25-34,United Kingdom,Medium,Organic,Individual
C02085,2025-10-23,18-24,India,Individual,Referral,Business
C02086,2025-05-07,55+,Canada,Medium,Organic,Business
C02087,2025-02-15,25-34,India,Small,Partner,Individual
C02088,2025-08-08,25-34,Canada,Individual,Google Ads,Individual
C02089,2025-08-25,35-44,United States,Small,Organic,Individual
C02090,2026-04-06,55+,Canada,Individual,Referral,Business
C02091,2025-08-01,35-44,India,Individual,Meta Ads,Business
C02092,2026-01-25,45-54,United States,Small,Organic,Individual
C02093,2025-07-01,18-24,India,Individual,Organic,Individual
C02094,2025-04-25,35-44,India,Large,Meta Ads,Business
C02095,2025-11-06,45-54,India,Individual,Google Ads,Individual
C02096,2025-11-23,35-44,United Kingdom,Individual,Google Ads,Individual
C02097,2025-01-02,35-44,United States,Small,Meta Ads,Business
C02098,2026-03-19,25-34,India,Individual,Meta Ads,Business
C02099,2025-01-07,35-44,India,Individual,Organic,Individual
C02100,2025-01-29,45-54,India,Small,Google Ads,Individual
C02101,2025-09-12,45-54,Singapore,Individual,Organic,Individual
C02102,2025-03-15,45-54,United States,Small,Meta Ads,Individual
C02103,2025-03-03,35-44,United States,Large,Meta Ads,Individual
C02104,2026-01-03,25-34,Singapore,Small,Google Ads,Individual
C02105,2026-05-10,25-34,Canada,Individual,Email,Business
C02106,2025-02-10,25-34,United States,Individual,Referral,Individual
C02107,2026-04-17,35-44,India,Individual,Partner,Business
C02108,2026-02-04,45-54,India,Small,Google Ads,Individual
C02109,2026-02-07,25-34,India,Individual,Meta Ads,Individual
C02110,2025-02-27,25-34,Australia,Small,Meta Ads,Business
C02111,2026-05-11,25-34,India,Medium,Referral,Individual
C02112,2026-02-24,25-34,India,Individual,Organic,Business
C02113,2025-03-27,18-24,United States,Small,Referral,Business
C02114,2025-05-14,18-24,India,Medium,Partner,Business
C02115,2025-05-12,25-34,United States,Medium,Referral,Individual
C02116,2026-01-20,25-34,United States,Individual,Meta Ads,Business
C02117,2025-12-05,18-24,United Kingdom,Large,Referral,Individual
C02118,2025-02-14,45-54,United States,Medium,Meta Ads,Business
C02119,2025-04-25,18-24,India,Large,Organic,Individual
C02120,2025-03-18,18-24,India,Individual,Referral,Individual
C02121,2025-06-02,25-34,India,Individual,Google Ads,Individual
C02122,2025-10-16,45-54,Australia,Large,Meta Ads,Business
C02123,2026-03-13,45-54,Singapore,Small,Organic,Individual
C02124,2025-04-23,18-24,United States,Individual,Google Ads,Business
C02125,2025-05-28,18-24,India,Small,Google Ads,Individual
C02126,2026-02-26,45-54,India,Medium,Organic,Individual
C02127,2025-09-06,25-34,India,Individual,Meta Ads,Business
C02128,2025-07-07,35-44,India,Medium,Email,Business
C02129,2025-03-20,45-54,United States,Small,Referral,Individual
C02130,2025-06-25,35-44,India,Small,Partner,Business
C02131,2026-02-02,18-24,Singapore,Small,Partner,Business
C02132,2025-08-27,55+,United States,Individual,Referral,Individual
C02133,2025-12-15,25-34,Australia,Small,Google Ads,Individual
C02134,2025-09-09,45-54,Australia,Large,Organic,Business
C02135,2025-02-06,25-34,United States,Individual,Email,Individual
C02136,2025-09-19,55+,United States,Individual,Meta Ads,Individual
C02137,2025-02-27,25-34,United Kingdom,Medium,Organic,Individual
C02138,2025-07-03,25-34,United Kingdom,Individual,Referral,Business
C02139,2026-04-18,25-34,Singapore,Medium,Organic,Individual
C02140,2025-10-13,25-34,India,Individual,Referral,Individual
C02141,2026-03-28,45-54,Canada,Small,Referral,Business
C02142,2025-04-01,35-44,United States,Individual,Organic,Business
C02143,2025-01-03,55+,United States,Large,Meta Ads,Business
C02144,2025-11-28,25-34,India,Small,Google Ads,Business
C02145,2025-04-12,35-44,India,Small,Organic,Individual
C02146,2025-06-05,25-34,Australia,Individual,Meta Ads,Business
C02147,2025-12-23,25-34,India,Small,Google Ads,Individual
C02148,2025-04-06,18-24,India,Large,Referral,Business
C02149,2025-05-03,35-44,India,Large,Meta Ads,Business
C02150,2025-09-01,45-54,Singapore,Individual,Google Ads,Business
C02151,2026-02-07,25-34,United Kingdom,Large,Partner,Individual
C02152,2025-03-05,25-34,Canada,Small,Meta Ads,Business
C02153,2025-12-08,25-34,India,Individual,Referral,Business
C02154,2025-05-16,35-44,India,Medium,Referral,Business
C02155,2025-05-18,35-44,India,Small,Meta Ads,Individual
C02156,2026-03-27,35-44,Australia,Individual,Partner,Business
C02157,2026-02-06,45-54,Canada,Individual,Organic,Individual
C02158,2025-12-04,35-44,United States,Small,Google Ads,Individual
C02159,2025-04-12,25-34,United States,Small,Google Ads,Business
C02160,2025-06-17,45-54,India,Small,Partner,Individual
C02161,2025-03-02,25-34,United Kingdom,Individual,Referral,Individual
C02162,2025-09-25,45-54,India,Medium,Meta Ads,Business
C02163,2025-03-15,18-24,India,Small,Meta Ads,Individual
C02164,2025-01-26,25-34,Australia,Small,Email,Business
C02165,2025-04-12,35-44,United States,Individual,Organic,Individual
C02166,2026-03-24,25-34,India,Individual,Organic,Individual
C02167,2025-08-04,25-34,India,Individual,Email,Business
C02168,2025-10-26,45-54,Canada,Individual,Organic,Individual
C02169,2026-02-14,35-44,Australia,Medium,Google Ads,Business
C02170,2025-04-16,18-24,Canada,Individual,Organic,Business
C02171,2025-08-22,18-24,United States,Individual,Organic,Individual
C02172,2026-04-05,35-44,Singapore,Small,Google Ads,Individual
C02173,2025-02-24,55+,India,Individual,Email,Business
C02174,2025-11-28,35-44,India,Individual,Organic,Individual
C02175,2025-05-12,35-44,Australia,Individual,Organic,Business
C02176,2025-06-05,35-44,Australia,Individual,Meta Ads,Individual
C02177,2025-12-24,25-34,India,Medium,Organic,Business
C02178,2025-09-20,18-24,Australia,Small,Organic,Individual
C02179,2025-04-01,55+,Singapore,Medium,Email,Individual
C02180,2026-01-29,45-54,United States,Small,Google Ads,Business
C02181,2025-07-19,45-54,India,Medium,Organic,Individual
C02182,2026-04-28,25-34,India,Medium,Organic,Business
C02183,2025-12-01,25-34,India,Individual,Google Ads,Individual
C02184,2025-08-11,18-24,India,Individual,Meta Ads,Individual
C02185,2025-05-10,55+,United States,Small,Organic,Business
C02186,2025-01-23,25-34,India,Individual,Google Ads,Individual
C02187,2025-01-22,25-34,India,Medium,Meta Ads,Individual
C02188,2025-05-21,35-44,United States,Individual,Meta Ads,Individual
C02189,2025-12-19,25-34,India,Small,Partner,Business
C02190,2025-06-23,55+,India,Small,Google Ads,Individual
C02191,2025-03-08,35-44,Australia,Large,Referral,Individual
C02192,2025-06-02,18-24,India,Individual,Partner,Individual
C02193,2025-03-09,18-24,India,Medium,Google Ads,Business
C02194,2025-02-20,45-54,India,Medium,Organic,Individual
C02195,2025-11-20,45-54,India,Individual,Referral,Individual
C02196,2025-04-23,45-54,United Kingdom,Individual,Meta Ads,Individual
C02197,2026-01-02,25-34,United Kingdom,Individual,Meta Ads,Business
C02198,2026-02-07,35-44,India,Small,Referral,Individual
C02199,2025-01-20,35-44,United Kingdom,Medium,Organic,Individual
C02200,2025-02-07,25-34,United Kingdom,Individual,Google Ads,Individual
C02201,2025-08-19,35-44,India,Individual,Google Ads,Business
C02202,2026-04-28,25-34,India,Individual,Referral,Business
C02203,2025-12-28,45-54,India,Individual,Organic,Individual
C02204,2025-07-01,45-54,United Kingdom,Individual,Partner,Individual
C02205,2025-04-30,18-24,United Kingdom,Small,Meta Ads,Business
C02206,2025-05-27,18-24,Australia,Small,Organic,Business
C02207,2026-01-12,45-54,United Kingdom,Individual,Partner,Individual
C02208,2025-12-26,25-34,Australia,Small,Organic,Individual
C02209,2025-12-31,35-44,India,Individual,Organic,Individual
C02210,2025-04-25,25-34,India,Individual,Organic,Business
C02211,2026-04-04,25-34,United States,Individual,Partner,Individual
C02212,2026-05-16,18-24,United States,Individual,Organic,Individual
C02213,2025-12-18,55+,United Kingdom,Medium,Referral,Individual
C02214,2025-01-18,45-54,Singapore,Small,Meta Ads,Individual
C02215,2025-06-29,45-54,United States,Small,Organic,Individual
C02216,2026-05-15,18-24,Australia,Small,Organic,Individual
C02217,2025-07-03,35-44,Canada,Large,Email,Individual
C02218,2026-02-20,25-34,India,Small,Google Ads,Business
C02219,2025-01-25,35-44,India,Medium,Organic,Business
C02220,2026-04-21,45-54,India,Small,Organic,Business
C02221,2026-04-21,25-34,United Kingdom,Individual,Meta Ads,Business
C02222,2026-03-31,45-54,United Kingdom,Medium,Email,Individual
C02223,2025-12-06,25-34,United Kingdom,Small,Referral,Individual
C02224,2026-03-04,45-54,United Kingdom,Individual,Organic,Individual
C02225,2025-07-14,25-34,India,Individual,Google Ads,Business
C02226,2025-04-30,25-34,United Kingdom,Individual,Partner,Business
C02227,2025-07-19,25-34,Australia,Large,Google Ads,Individual
C02228,2026-01-02,25-34,United States,Individual,Organic,Business
C02229,2025-07-24,35-44,India,Individual,Partner,Individual
C02230,2026-05-05,25-34,India,Individual,Email,Business
C02231,2026-02-24,25-34,India,Large,Meta Ads,Business
C02232,2025-12-29,35-44,India,Individual,Organic,Individual
C02233,2025-10-24,25-34,India,Individual,Referral,Business
C02234,2025-01-06,18-24,United Kingdom,Individual,Referral,Individual
C02235,2025-12-13,25-34,Canada,Small,Referral,Business
C02236,2025-12-11,35-44,India,Small,Organic,Individual
C02237,2026-03-07,35-44,India,Individual,Organic,Individual
C02238,2025-12-20,45-54,Singapore,Medium,Organic,Business
C02239,2025-02-12,25-34,India,Individual,Google Ads,Individual
C02240,2025-11-16,18-24,United States,Small,Referral,Business
C02241,2025-07-28,45-54,India,Individual,Google Ads,Business
C02242,2025-08-06,25-34,India,Medium,Organic,Individual
C02243,2026-05-13,25-34,United Kingdom,Medium,Meta Ads,Individual
C02244,2026-02-21,25-34,United Kingdom,Small,Organic,Individual
C02245,2025-02-10,35-44,India,Individual,Partner,Individual
C02246,2026-05-05,18-24,United States,Large,Email,Business
C02247,2026-04-22,45-54,United States,Individual,Email,Business
C02248,2025-04-14,35-44,India,Large,Google Ads,Individual
C02249,2026-01-30,35-44,United States,Individual,Organic,Individual
C02250,2026-04-02,25-34,India,Small,Email,Individual
C02251,2025-12-06,55+,United Kingdom,Small,Google Ads,Individual
C02252,2026-03-03,25-34,India,Individual,Organic,Individual
C02253,2026-04-05,18-24,United Kingdom,Individual,Email,Individual
C02254,2025-08-18,45-54,Australia,Individual,Organic,Business
C02255,2025-08-04,35-44,India,Individual,Organic,Individual
C02256,2025-09-24,25-34,India,Medium,Meta Ads,Business
C02257,2025-07-27,35-44,United Kingdom,Individual,Organic,Business
C02258,2025-01-31,35-44,Canada,Medium,Partner,Individual
C02259,2026-04-06,18-24,India,Medium,Email,Individual
C02260,2025-01-24,25-34,India,Individual,Partner,Individual
C02261,2026-04-08,45-54,Australia,Individual,Partner,Business
C02262,2026-02-01,45-54,India,Individual,Organic,Individual
C02263,2025-06-25,18-24,India,Individual,Organic,Business
C02264,2025-04-07,18-24,India,Medium,Meta Ads,Individual
C02265,2025-11-19,25-34,India,Individual,Referral,Individual
C02266,2026-01-23,25-34,India,Individual,Organic,Business
C02267,2025-08-19,18-24,United States,Individual,Google Ads,Individual
C02268,2025-03-07,35-44,India,Medium,Referral,Individual
C02269,2025-04-22,55+,Australia,Individual,Organic,Business
C02270,2025-08-16,45-54,India,Large,Meta Ads,Business
C02271,2025-02-01,35-44,India,Small,Organic,Individual
C02272,2025-03-03,18-24,India,Individual,Organic,Business
C02273,2025-10-01,18-24,India,Individual,Meta Ads,Business
C02274,2025-08-25,25-34,India,Individual,Referral,Business
C02275,2025-01-17,25-34,United Kingdom,Large,Organic,Individual
C02276,2026-02-13,35-44,India,Individual,Organic,Business
C02277,2026-03-21,45-54,United States,Individual,Referral,Individual
C02278,2025-11-24,45-54,Singapore,Individual,Organic,Business
C02279,2025-02-14,45-54,India,Small,Partner,Individual
C02280,2025-08-18,45-54,United States,Medium,Email,Individual
C02281,2025-02-12,25-34,India,Individual,Partner,Business
C02282,2025-05-02,25-34,Australia,Medium,Organic,Business
C02283,2025-06-19,45-54,Australia,Individual,Google Ads,Individual
C02284,2025-02-13,18-24,United Kingdom,Small,Google Ads,Individual
C02285,2025-12-09,35-44,India,Medium,Referral,Business
C02286,2026-03-02,45-54,United States,Small,Organic,Business
C02287,2025-05-21,45-54,India,Small,Organic,Business
C02288,2025-12-20,25-34,Singapore,Small,Referral,Individual
C02289,2026-04-23,25-34,United Kingdom,Individual,Organic,Business
C02290,2025-08-13,18-24,India,Individual,Organic,Individual
C02291,2026-01-14,25-34,United States,Individual,Organic,Individual
C02292,2026-03-20,25-34,India,Individual,Email,Individual
C02293,2025-01-07,18-24,India,Small,Email,Individual
C02294,2025-10-21,45-54,India,Individual,Organic,Business
C02295,2025-06-08,25-34,United Kingdom,Individual,Organic,Individual
C02296,2025-08-27,35-44,Canada,Large,Google Ads,Individual
C02297,2026-02-15,35-44,United States,Individual,Google Ads,Business
C02298,2025-04-03,45-54,India,Individual,Partner,Business
C02299,2026-04-04,55+,Australia,Large,Meta Ads,Individual
C02300,2025-04-06,35-44,India,Small,Google Ads,Business
C02301,2026-04-28,35-44,Australia,Medium,Meta Ads,Individual
C02302,2025-07-28,35-44,Singapore,Medium,Meta Ads,Business
C02303,2025-10-06,25-34,Canada,Large,Google Ads,Individual
C02304,2026-04-19,35-44,United States,Small,Referral,Business
C02305,2026-01-23,35-44,India,Individual,Organic,Individual
C02306,2026-01-23,25-34,India,Individual,Google Ads,Business
C02307,2025-08-08,25-34,Singapore,Large,Organic,Individual
C02308,2026-02-24,35-44,Canada,Small,Email,Individual
C02309,2025-03-21,55+,India,Small,Meta Ads,Business
C02310,2025-05-07,35-44,India,Small,Referral,Business
C02311,2026-01-19,35-44,United States,Medium,Google Ads,Individual
C02312,2026-03-17,25-34,Canada,Small,Google Ads,Business
C02313,2026-05-11,35-44,United Kingdom,Medium,Google Ads,Individual
C02314,2025-12-14,35-44,India,Small,Google Ads,Individual
C02315,2026-05-15,18-24,United States,Individual,Google Ads,Business
C02316,2025-08-01,45-54,Canada,Individual,Referral,Business
C02317,2025-02-03,35-44,Canada,Individual,Google Ads,Business
C02318,2025-08-26,45-54,India,Small,Partner,Individual
C02319,2025-06-15,35-44,India,Small,Organic,Business
C02320,2025-07-11,25-34,United States,Small,Referral,Business
C02321,2025-06-05,35-44,United States,Individual,Partner,Individual
C02322,2026-04-04,35-44,United States,Individual,Organic,Individual
C02323,2025-03-17,18-24,United States,Individual,Google Ads,Business
C02324,2026-02-06,55+,India,Individual,Referral,Business
C02325,2025-03-01,55+,India,Small,Organic,Business
C02326,2025-11-13,45-54,India,Medium,Partner,Business
C02327,2025-12-29,25-34,India,Individual,Partner,Business
C02328,2025-07-10,55+,India,Individual,Google Ads,Individual
C02329,2026-03-06,35-44,United States,Individual,Organic,Business
C02330,2025-10-13,35-44,India,Small,Referral,Individual
C02331,2025-11-29,25-34,India,Medium,Referral,Individual
C02332,2026-03-23,45-54,United Kingdom,Medium,Google Ads,Individual
C02333,2025-03-26,25-34,India,Medium,Google Ads,Individual
C02334,2025-12-19,18-24,United Kingdom,Individual,Organic,Individual
C02335,2025-05-24,35-44,Canada,Individual,Partner,Individual
C02336,2026-04-11,45-54,United States,Small,Meta Ads,Individual
C02337,2026-01-28,25-34,India,Individual,Organic,Business
C02338,2025-10-29,25-34,India,Medium,Google Ads,Business
C02339,2025-11-02,25-34,United Kingdom,Individual,Referral,Business
C02340,2025-07-28,25-34,India,Large,Google Ads,Business
C02341,2025-09-30,18-24,United States,Small,Meta Ads,Individual
C02342,2025-07-16,35-44,India,Individual,Organic,Business
C02343,2025-07-19,25-34,United Kingdom,Small,Referral,Business
C02344,2025-07-31,35-44,India,Small,Google Ads,Business
C02345,2025-11-12,45-54,Singapore,Individual,Organic,Business
C02346,2026-01-23,25-34,Canada,Small,Organic,Individual
C02347,2026-04-24,25-34,India,Small,Referral,Business
C02348,2025-04-01,35-44,India,Individual,Referral,Business
C02349,2025-11-02,18-24,United States,Small,Email,Individual
C02350,2025-10-18,25-34,India,Individual,Referral,Individual
C02351,2026-04-30,35-44,United Kingdom,Large,Meta Ads,Individual
C02352,2026-01-11,35-44,India,Individual,Organic,Individual
C02353,2026-03-09,35-44,India,Individual,Google Ads,Business
C02354,2025-03-20,18-24,United Kingdom,Individual,Google Ads,Individual
C02355,2026-02-25,25-34,India,Small,Organic,Individual
C02356,2025-05-27,25-34,India,Small,Meta Ads,Individual
C02357,2025-09-07,35-44,United Kingdom,Small,Referral,Business
C02358,2025-02-23,55+,Singapore,Small,Organic,Individual
C02359,2025-05-25,35-44,India,Large,Google Ads,Business
C02360,2026-04-21,45-54,United States,Large,Organic,Business
C02361,2026-04-30,25-34,United Kingdom,Individual,Partner,Individual
C02362,2026-05-04,25-34,India,Medium,Organic,Business
C02363,2025-01-16,35-44,India,Small,Email,Business
C02364,2026-02-03,55+,India,Individual,Referral,Business
C02365,2025-12-07,25-34,India,Small,Google Ads,Business
C02366,2025-09-02,45-54,India,Individual,Referral,Individual
C02367,2025-10-02,35-44,United States,Small,Organic,Individual
C02368,2026-01-08,25-34,Australia,Individual,Organic,Individual
C02369,2025-06-06,25-34,Singapore,Medium,Organic,Business
C02370,2026-01-15,45-54,United States,Individual,Referral,Individual
C02371,2025-12-08,25-34,India,Small,Email,Individual
C02372,2025-07-06,45-54,India,Individual,Referral,Business
C02373,2025-10-26,45-54,India,Small,Referral,Business
C02374,2025-04-05,25-34,United States,Small,Partner,Individual
C02375,2025-02-24,35-44,Singapore,Medium,Referral,Individual
C02376,2025-07-15,25-34,India,Small,Organic,Individual
C02377,2025-04-09,25-34,Singapore,Individual,Partner,Business
C02378,2025-10-22,55+,United States,Individual,Meta Ads,Business
C02379,2025-02-11,35-44,Canada,Large,Email,Individual
C02380,2026-05-07,45-54,United Kingdom,Individual,Organic,Individual
C02381,2026-03-01,45-54,United Kingdom,Individual,Organic,Business
C02382,2025-07-15,25-34,India,Large,Email,Business
C02383,2025-02-03,45-54,India,Individual,Google Ads,Individual
C02384,2025-09-14,45-54,India,Medium,Organic,Individual
C02385,2025-07-19,45-54,Australia,Large,Partner,Business
C02386,2025-05-08,25-34,United Kingdom,Small,Meta Ads,Business
C02387,2025-09-21,45-54,India,Individual,Referral,Business
C02388,2026-02-23,18-24,India,Medium,Organic,Business
C02389,2025-08-20,45-54,India,Medium,Organic,Individual
C02390,2025-01-30,25-34,India,Small,Organic,Business
C02391,2026-03-20,35-44,India,Large,Organic,Business
C02392,2026-02-09,35-44,India,Medium,Referral,Business
C02393,2025-05-06,18-24,Canada,Small,Google Ads,Individual
C02394,2025-02-17,25-34,United States,Small,Google Ads,Individual
C02395,2026-03-18,45-54,Australia,Medium,Referral,Individual
C02396,2025-03-24,35-44,India,Individual,Email,Business
C02397,2026-02-18,35-44,United States,Large,Referral,Business
C02398,2025-03-08,45-54,India,Medium,Meta Ads,Individual
C02399,2025-03-20,25-34,Canada,Large,Meta Ads,Individual
C02400,2025-05-22,25-34,India,Medium,Referral,Individual
C02401,2025-07-31,35-44,United Kingdom,Individual,Meta Ads,Business
C02402,2026-01-01,35-44,India,Small,Meta Ads,Individual
C02403,2025-12-03,45-54,United States,Individual,Google Ads,Business
C02404,2026-01-06,45-54,India,Small,Meta Ads,Individual
C02405,2025-06-10,18-24,India,Small,Organic,Individual
C02406,2025-05-26,35-44,India,Medium,Organic,Individual
C02407,2025-01-31,35-44,Canada,Individual,Meta Ads,Business
C02408,2025-12-12,25-34,Canada,Individual,Meta Ads,Individual
C02409,2026-02-27,25-34,India,Medium,Google Ads,Business
C02410,2025-07-15,45-54,United Kingdom,Small,Referral,Business
C02411,2026-02-19,25-34,Australia,Individual,Organic,Individual
C02412,2025-01-30,35-44,India,Small,Organic,Individual
C02413,2025-05-01,35-44,Singapore,Individual,Referral,Business
C02414,2025-03-01,35-44,Australia,Small,Google Ads,Business
C02415,2025-02-19,25-34,Canada,Individual,Referral,Business
C02416,2025-06-29,35-44,United Kingdom,Individual,Google Ads,Business
C02417,2025-09-08,35-44,United States,Medium,Email,Business
C02418,2025-07-31,45-54,Singapore,Individual,Partner,Individual
C02419,2026-05-03,25-34,Singapore,Small,Referral,Individual
C02420,2025-04-27,35-44,United Kingdom,Individual,Organic,Business
C02421,2025-02-04,25-34,Canada,Small,Email,Individual
C02422,2025-02-04,25-34,United States,Small,Partner,Individual
C02423,2026-01-16,25-34,United Kingdom,Individual,Organic,Business
C02424,2026-05-04,35-44,United Kingdom,Small,Google Ads,Individual
C02425,2026-03-05,45-54,India,Individual,Google Ads,Individual
C02426,2025-11-20,18-24,United Kingdom,Small,Meta Ads,Individual
C02427,2025-06-05,45-54,India,Medium,Google Ads,Individual
C02428,2025-02-12,35-44,India,Individual,Organic,Individual
C02429,2025-06-16,18-24,Singapore,Large,Referral,Business
C02430,2026-02-24,55+,India,Large,Google Ads,Individual
C02431,2026-05-03,18-24,Australia,Individual,Google Ads,Individual
C02432,2025-01-11,45-54,Canada,Large,Google Ads,Individual
C02433,2026-04-20,35-44,United Kingdom,Individual,Partner,Business
C02434,2025-05-20,35-44,India,Individual,Referral,Individual
C02435,2025-03-06,35-44,India,Large,Referral,Business
C02436,2025-10-26,18-24,Canada,Small,Referral,Individual
C02437,2025-01-22,25-34,United States,Large,Partner,Business
C02438,2025-08-06,55+,India,Large,Meta Ads,Individual
C02439,2025-09-07,18-24,India,Medium,Google Ads,Individual
C02440,2025-05-20,25-34,Australia,Individual,Email,Individual
C02441,2025-04-10,25-34,United States,Individual,Referral,Business
C02442,2026-03-01,18-24,United States,Small,Referral,Individual
C02443,2026-01-04,35-44,India,Individual,Google Ads,Individual
C02444,2025-07-09,25-34,Singapore,Medium,Meta Ads,Individual
C02445,2025-09-30,25-34,India,Large,Email,Business
C02446,2026-03-12,45-54,United States,Medium,Google Ads,Individual
C02447,2026-02-01,35-44,Singapore,Small,Referral,Individual
C02448,2026-02-15,35-44,India,Individual,Organic,Individual
C02449,2025-09-30,25-34,India,Individual,Meta Ads,Business
C02450,2025-11-23,35-44,United States,Individual,Meta Ads,Business
C02451,2026-02-10,25-34,United States,Individual,Email,Individual
C02452,2025-10-15,55+,India,Individual,Partner,Business
C02453,2025-02-25,25-34,United States,Medium,Partner,Individual
C02454,2025-10-05,35-44,Canada,Small,Organic,Individual
C02455,2025-01-14,25-34,United Kingdom,Medium,Partner,Business
C02456,2025-10-30,35-44,India,Individual,Google Ads,Individual
C02457,2026-03-26,18-24,Australia,Small,Organic,Business
C02458,2025-07-27,55+,United States,Medium,Referral,Individual
C02459,2026-04-09,25-34,India,Individual,Organic,Individual
C02460,2026-02-25,25-34,India,Individual,Referral,Individual
C02461,2026-04-08,35-44,United States,Small,Organic,Business
C02462,2026-04-08,45-54,Canada,Individual,Google Ads,Individual
C02463,2025-12-16,25-34,India,Medium,Organic,Individual
C02464,2025-12-08,45-54,India,Small,Referral,Individual
C02465,2026-01-01,18-24,India,Small,Organic,Business
C02466,2025-08-14,18-24,India,Individual,Partner,Individual
C02467,2025-04-21,45-54,India,Medium,Referral,Individual
C02468,2026-03-27,35-44,India,Individual,Organic,Business
C02469,2025-06-17,55+,India,Small,Organic,Business
C02470,2026-04-21,45-54,India,Medium,Referral,Business
C02471,2025-08-19,45-54,India,Small,Referral,Individual
C02472,2026-05-07,18-24,India,Individual,Meta Ads,Individual
C02473,2026-02-03,25-34,India,Small,Partner,Business
C02474,2025-10-23,18-24,United Kingdom,Large,Organic,Business
C02475,2025-04-05,25-34,India,Individual,Google Ads,Individual
C02476,2025-11-04,25-34,United States,Individual,Partner,Business
C02477,2025-05-20,25-34,United Kingdom,Individual,Meta Ads,Individual
C02478,2025-10-02,45-54,India,Individual,Google Ads,Individual
C02479,2026-03-11,45-54,India,Individual,Organic,Business
C02480,2025-03-02,45-54,India,Medium,Referral,Individual
C02481,2025-01-06,45-54,United Kingdom,Individual,Email,Business
C02482,2026-03-23,25-34,United Kingdom,Individual,Organic,Business
C02483,2025-09-18,35-44,India,Large,Email,Business
C02484,2026-05-11,25-34,India,Large,Partner,Business
C02485,2026-01-26,45-54,India,Small,Organic,Individual
C02486,2025-07-17,35-44,Australia,Small,Google Ads,Individual
C02487,2025-11-03,35-44,United States,Small,Partner,Individual
C02488,2026-04-22,25-34,Australia,Large,Organic,Individual
C02489,2026-01-24,45-54,Canada,Individual,Email,Individual
C02490,2025-01-28,25-34,India,Individual,Referral,Business
C02491,2026-01-18,35-44,United Kingdom,Individual,Google Ads,Business
C02492,2025-09-26,55+,Australia,Large,Organic,Business
C02493,2025-11-07,25-34,India,Individual,Email,Business
C02494,2025-02-23,25-34,United Kingdom,Small,Meta Ads,Individual
C02495,2025-10-26,35-44,India,Medium,Partner,Business
C02496,2025-12-06,45-54,United States,Large,Organic,Business
C02497,2025-07-06,25-34,India,Individual,Meta Ads,Business
C02498,2025-02-05,45-54,Singapore,Small,Partner,Business
C02499,2025-04-18,25-34,India,Medium,Meta Ads,Business
C02500,2025-10-03,35-44,,Small,Google Ads,Individual
C02501,2026-03-12,25-34,India,Small,Email,Individual
C02502,2026-01-12,25-34,India,Small,Google Ads,Individual
C02503,2025-05-06,35-44,United Kingdom,Medium,Meta Ads,Individual
C02504,2025-03-17,35-44,India,Individual,Google Ads,Business
C02505,2025-02-14,55+,India,Small,Google Ads,Business
C02506,2025-04-30,25-34,Canada,Medium,Meta Ads,Individual
C02507,2026-02-06,45-54,India,Individual,Referral,Individual
C02508,2025-02-04,25-34,India,Individual,Google Ads,Business
C02509,2025-09-29,35-44,India,Large,Organic,Business
C02510,2025-11-29,18-24,India,Large,Google Ads,Business
C02511,2026-05-03,35-44,United States,Small,Google Ads,Individual
C02512,2025-06-03,45-54,United States,Individual,Referral,Business
C02513,2026-05-01,25-34,India,Individual,Meta Ads,Business
C02514,2026-04-18,25-34,Singapore,Small,Organic,Individual
C02515,2025-02-18,18-24,United States,Medium,Referral,Business
C02516,2025-09-15,25-34,Canada,Medium,Google Ads,Individual
C02517,2025-05-07,25-34,Canada,Individual,Email,Individual
C02518,2026-01-05,25-34,India,Individual,Organic,Individual
C02519,2026-04-10,18-24,United States,Medium,Meta Ads,Individual
C02520,2025-03-09,45-54,India,Small,Google Ads,Business
C02521,2025-03-17,45-54,India,Individual,Google Ads,Individual
C02522,2025-11-18,45-54,Australia,Individual,Email,Individual
C02523,2025-03-03,35-44,India,Medium,Referral,Business
C02524,2025-10-22,45-54,United States,Medium,Referral,Business
C02525,2026-02-24,35-44,Australia,Medium,Referral,Business
C02526,2026-01-23,35-44,Australia,Small,Google Ads,Business
C02527,2025-05-30,35-44,United States,Small,Organic,Business
C02528,2026-04-08,35-44,India,Individual,Partner,Business
C02529,2026-03-13,18-24,India,Medium,Google Ads,Business
C02530,2025-01-07,45-54,United States,Medium,Google Ads,Individual
C02531,2026-02-16,25-34,India,Individual,Organic,Individual
C02532,2026-01-24,25-34,Canada,Individual,Meta Ads,Business
C02533,2025-07-07,25-34,United States,Individual,Meta Ads,Business
C02534,2025-05-21,25-34,India,Individual,Referral,Individual
C02535,2026-02-09,25-34,United Kingdom,Individual,Referral,Individual
C02536,2025-03-05,25-34,Canada,Large,Referral,Business
C02537,2025-03-23,18-24,United States,Small,Email,Business
C02538,2026-05-08,35-44,United States,Individual,Partner,Individual
C02539,2025-02-05,25-34,India,Small,Organic,Individual
C02540,2026-05-05,18-24,Canada,Individual,Referral,Individual
C02541,2025-01-07,25-34,India,Small,Organic,Individual
C02542,2025-07-10,35-44,United Kingdom,Individual,Referral,Individual
C02543,2026-03-04,35-44,United Kingdom,Small,Meta Ads,Individual
C02544,2025-12-18,35-44,India,Medium,Partner,Business
C02545,2025-09-19,25-34,India,Individual,Referral,Business
C02546,2025-12-15,45-54,Australia,Small,Referral,Business
C02547,2025-05-17,35-44,Canada,Medium,Google Ads,Individual
C02548,2025-03-12,25-34,Singapore,Small,Referral,Business
C02549,2025-04-03,35-44,United Kingdom,Medium,Referral,Business
C02550,2025-05-09,25-34,India,Individual,Partner,Business
C02551,2025-05-26,45-54,United States,Large,Partner,Business
C02552,2025-07-02,55+,India,Small,Partner,Individual
C02553,2025-07-02,25-34,Australia,Large,Referral,Individual
C02554,2025-06-10,25-34,Canada,Individual,Organic,Business
C02555,2026-03-03,35-44,India,Individual,Organic,Individual
C02556,2026-01-28,35-44,Singapore,Individual,Referral,Individual
C02557,2026-02-15,35-44,India,Small,Organic,Individual
C02558,2025-11-13,35-44,United Kingdom,Individual,Meta Ads,Individual
C02559,2025-08-29,55+,India,Small,Google Ads,Individual
C02560,2025-12-04,35-44,India,Small,Meta Ads,Individual
C02561,2025-04-02,55+,United States,Small,Organic,Business
C02562,2025-03-15,35-44,United Kingdom,Individual,Referral,Individual
C02563,2025-12-28,55+,Singapore,Large,Partner,Business
C02564,2025-08-28,18-24,India,Individual,Google Ads,Individual
C02565,2025-05-26,25-34,India,Small,Meta Ads,Business
C02566,2025-09-02,25-34,India,Individual,Organic,Individual
C02567,2025-10-08,35-44,India,Individual,Meta Ads,Individual
C02568,2025-12-08,25-34,United States,Individual,Meta Ads,Individual
C02569,2025-03-26,25-34,Singapore,Medium,Meta Ads,Individual
C02570,2026-02-25,25-34,United Kingdom,Small,Partner,Individual
C02571,2025-05-09,55+,United Kingdom,Individual,Email,Individual
C02572,2026-04-19,45-54,India,Individual,Partner,Business
C02573,2026-04-09,35-44,,Medium,Organic,Individual
C02574,2025-10-10,18-24,United Kingdom,Small,Meta Ads,Individual
C02575,2025-07-08,18-24,India,Large,Organic,Individual
C02576,2026-03-18,45-54,India,Small,Email,Business
C02577,2025-05-03,25-34,India,Individual,Organic,Individual
C02578,2025-02-28,25-34,India,Individual,Google Ads,Business
C02579,2026-01-04,25-34,India,Small,Organic,Business
C02580,2025-05-07,25-34,India,Small,Meta Ads,Individual
C02581,2025-04-15,35-44,United States,Individual,Meta Ads,Business
C02582,2026-03-13,45-54,United States,Small,Organic,Individual
C02583,2025-01-27,25-34,Australia,Individual,Meta Ads,Individual
C02584,2025-03-03,45-54,India,Small,Google Ads,Business
C02585,2025-03-12,45-54,United States,Medium,Meta Ads,Business
C02586,2026-02-13,45-54,India,Individual,Google Ads,Business
C02587,2025-11-03,35-44,Canada,Individual,Referral,Individual
C02588,2026-04-15,25-34,India,Small,Organic,Individual
C02589,2025-05-13,25-34,United States,Individual,Organic,Business
C02590,2025-09-07,25-34,United States,Medium,Google Ads,Business
C02591,2026-01-30,25-34,United Kingdom,Medium,Google Ads,Individual
C02592,2025-08-31,25-34,India,Small,Referral,Individual
C02593,2025-02-16,45-54,United States,Medium,Email,Individual
C02594,2025-01-11,25-34,United Kingdom,Medium,Organic,Individual
C02595,2026-02-08,55+,India,Individual,Partner,Individual
C02596,2026-02-13,25-34,United Kingdom,Medium,Meta Ads,Business
C02597,2026-04-07,35-44,India,Individual,Organic,Individual
C02598,2025-01-05,18-24,India,Individual,Google Ads,Individual
C02599,2025-11-12,18-24,India,Small,Organic,Individual
C02600,2025-12-11,25-34,India,Medium,Email,Individual
C02601,2025-08-12,45-54,India,Small,Meta Ads,Business
C02602,2025-03-13,35-44,India,Individual,Meta Ads,Individual
C02603,2025-08-30,25-34,Canada,Medium,Organic,Business
C02604,2025-03-04,35-44,India,Small,Organic,Individual
C02605,2025-02-13,55+,United States,Medium,Organic,Individual
C02606,2025-07-27,25-34,India,Small,Organic,Business
C02607,2025-06-06,35-44,India,Individual,Organic,Individual
C02608,2025-08-10,55+,United States,Large,Organic,Business
C02609,2025-08-05,25-34,India,Medium,Google Ads,Business
C02610,2025-05-07,35-44,India,Individual,Meta Ads,Business
C02611,2026-03-03,25-34,India,Small,Meta Ads,Individual
C02612,2026-02-06,35-44,India,Medium,Referral,Business
C02613,2026-05-15,25-34,Singapore,Medium,Referral,Individual
C02614,2026-03-08,35-44,United Kingdom,Individual,Referral,Individual
C02615,2025-05-14,35-44,United States,Individual,Meta Ads,Individual
C02616,2025-05-16,25-34,India,Medium,Organic,Individual
C02617,2025-02-20,35-44,Singapore,Medium,Organic,Individual
C02618,2025-06-06,45-54,Australia,Medium,Referral,Business
C02619,2025-07-23,25-34,India,Individual,Google Ads,Individual
C02620,2026-04-02,55+,India,Small,Google Ads,Business
C02621,2025-01-08,25-34,India,Small,Organic,Individual
C02622,2026-03-17,45-54,United States,Medium,Meta Ads,Business
C02623,2026-02-05,35-44,India,Medium,Referral,Individual
C02624,2026-03-02,25-34,India,Medium,Email,Individual
C02625,2026-05-15,55+,Australia,Large,Referral,Business
C02626,2025-10-01,35-44,India,Individual,Referral,Individual
C02627,2025-02-25,25-34,India,Small,Organic,Individual
C02628,2025-07-17,45-54,India,Large,Partner,Individual
C02629,2026-05-10,45-54,Singapore,Small,Meta Ads,Business
C02630,2025-11-01,25-34,Australia,Medium,Partner,Individual
C02631,2025-06-19,45-54,Canada,Small,Organic,Business
C02632,2025-07-02,35-44,Singapore,Individual,Organic,Individual
C02633,2025-03-28,55+,India,Medium,Google Ads,Business
C02634,2026-02-10,55+,United Kingdom,Individual,Google Ads,Individual
C02635,2026-01-22,25-34,India,Small,Email,Individual
C02636,2025-07-15,45-54,India,Small,Organic,Individual
C02637,2026-04-23,25-34,Singapore,Large,Partner,Individual
C02638,2025-03-10,18-24,India,Individual,Google Ads,Business
C02639,2026-02-05,25-34,United States,Individual,Organic,Individual
C02640,2025-04-05,25-34,United Kingdom,Individual,Referral,Individual
C02641,2025-05-12,45-54,Singapore,Individual,Referral,Individual
C02642,2025-12-15,18-24,India,Individual,Organic,Business
C02643,2026-01-18,25-34,India,Large,Meta Ads,Business
C02644,2025-03-25,25-34,United States,Medium,Partner,Business
C02645,2026-05-03,45-54,India,Individual,Organic,Business
C02646,2026-01-24,35-44,United Kingdom,Small,Email,Individual
C02647,2025-12-24,25-34,India,Small,Organic,Individual
C02648,2025-02-01,25-34,United Kingdom,Small,Organic,Individual
C02649,2025-08-26,45-54,India,Small,Google Ads,Individual
C02650,2025-03-06,45-54,United States,Large,Referral,Business
C02651,2025-02-18,25-34,Canada,Medium,Partner,Business
C02652,2025-12-26,45-54,United States,Small,Organic,Individual
C02653,2025-07-29,18-24,India,Individual,Organic,Business
C02654,2025-11-15,35-44,India,Medium,Meta Ads,Individual
C02655,2025-01-29,25-34,United Kingdom,Medium,Organic,Individual
C02656,2025-02-01,18-24,Canada,Small,Partner,Business
C02657,2026-04-17,35-44,India,Individual,Organic,Individual
C02658,2025-04-13,18-24,United Kingdom,Small,Organic,Individual
C02659,2025-08-05,25-34,India,Small,Email,Business
C02660,2025-12-15,35-44,Singapore,Small,Referral,Individual
C02661,2025-01-11,25-34,Singapore,Individual,Partner,Individual
C02662,2026-01-17,25-34,Australia,Large,Organic,Individual
C02663,2025-11-12,25-34,India,Individual,Referral,Business
C02664,2025-05-29,18-24,India,Small,Partner,Business
C02665,2026-03-17,45-54,India,Small,Google Ads,Business
C02666,2026-04-11,18-24,India,Medium,Organic,Business
C02667,2025-02-15,35-44,India,Medium,Organic,Business
C02668,2025-01-03,35-44,India,Small,Email,Individual
C02669,2026-02-12,25-34,India,Large,Google Ads,Business
C02670,2026-04-23,18-24,United States,Small,Referral,Business
C02671,2026-05-12,35-44,United States,Small,Organic,Individual
C02672,2025-08-24,55+,India,Individual,Google Ads,Individual
C02673,2025-02-10,35-44,United Kingdom,Small,Referral,Individual
C02674,2026-05-08,25-34,United States,Medium,Referral,Business
C02675,2025-10-09,25-34,India,Individual,Meta Ads,Business
C02676,2025-04-23,35-44,United States,Small,Meta Ads,Business
C02677,2025-06-02,45-54,United Kingdom,Small,Google Ads,Individual
C02678,2026-01-12,25-34,Canada,Individual,Partner,Individual
C02679,2025-10-27,25-34,Australia,Small,Organic,Individual
C02680,2025-10-25,25-34,India,Individual,Organic,Business
C02681,2025-10-23,35-44,Australia,Large,Organic,Individual
C02682,2025-07-18,25-34,Australia,Medium,Email,Individual
C02683,2025-05-27,25-34,India,Medium,Organic,Individual
C02684,2025-08-06,35-44,United Kingdom,Medium,Partner,Individual
C02685,2025-09-07,45-54,India,Medium,Referral,Individual
C02686,2025-04-07,18-24,Australia,Individual,Referral,Business
C02687,2025-02-06,45-54,India,Medium,Partner,Individual
C02688,2025-09-15,55+,India,Small,Partner,Business
C02689,2025-04-09,35-44,India,Medium,Meta Ads,Business
C02690,2026-05-05,18-24,United States,Small,Meta Ads,Business
C02691,2025-05-24,25-34,Singapore,Medium,Organic,Business
C02692,2025-05-25,25-34,India,Medium,Referral,Individual
C02693,2025-04-01,25-34,United States,Small,Organic,Individual
C02694,2025-12-06,35-44,India,Individual,Organic,Business
C02695,2025-09-16,35-44,India,Individual,Google Ads,Business
C02696,2025-07-20,25-34,Australia,Large,Google Ads,Individual
C02697,2026-01-21,35-44,Singapore,Large,Organic,Business
C02698,2025-07-13,25-34,India,Small,Referral,Business
C02699,2025-11-04,25-34,India,Individual,Email,Business
C02700,2026-05-16,35-44,India,Large,Email,Business
C02701,2025-05-09,45-54,United States,Large,Google Ads,Business
C02702,2025-03-21,25-34,India,Medium,Organic,Business
C02703,2025-06-23,45-54,United States,Large,Email,Individual
C02704,2025-02-28,35-44,India,Small,Referral,Individual
C02705,2026-04-18,25-34,India,Small,Google Ads,Business
C02706,2026-03-25,25-34,India,Individual,Organic,Individual
C02707,2025-08-05,35-44,Singapore,Individual,Organic,Business
C02708,2025-04-30,35-44,India,Small,Google Ads,Individual
C02709,2025-12-08,35-44,United Kingdom,Large,Meta Ads,Individual
C02710,2025-05-07,45-54,India,Individual,Meta Ads,Business
C02711,2025-07-30,25-34,India,Large,Partner,Individual
C02712,2025-10-22,45-54,India,Large,Partner,Individual
C02713,2025-05-26,35-44,Singapore,Individual,Meta Ads,Individual
C02714,2025-09-05,45-54,India,Medium,Organic,Individual
C02715,2025-12-24,35-44,United States,Small,Meta Ads,Individual
C02716,2025-11-24,25-34,Canada,Small,Organic,Individual
C02717,2025-01-17,35-44,United States,Medium,Organic,Individual
C02718,2025-05-07,35-44,India,Large,Referral,Individual
C02719,2025-12-07,45-54,United States,Individual,Organic,Individual
C02720,2025-11-01,25-34,United States,Medium,Meta Ads,Business
C02721,2025-10-16,25-34,India,Medium,Partner,Individual
C02722,2025-04-10,35-44,United States,Small,Organic,Business
C02723,2026-01-23,18-24,India,Small,Organic,Individual
C02724,2025-11-21,35-44,India,Medium,Referral,Business
C02725,2026-03-10,55+,United States,Medium,Partner,Business
C02726,2025-02-13,35-44,Australia,Individual,Referral,Individual
C02727,2025-03-15,35-44,United Kingdom,Individual,Referral,Individual
C02728,2025-10-30,35-44,Canada,Individual,Organic,Business
C02729,2025-05-08,35-44,United Kingdom,Large,Google Ads,Business
C02730,2025-08-28,35-44,India,Large,Organic,Business
C02731,2026-01-19,25-34,India,Individual,Organic,Business
C02732,2026-05-02,45-54,United Kingdom,Individual,Referral,Business
C02733,2026-03-29,35-44,Singapore,Individual,Organic,Business
C02734,2025-05-28,45-54,India,Individual,Partner,Business
C02735,2025-01-05,45-54,India,Individual,Partner,Individual
C02736,2025-08-27,45-54,United States,Small,Organic,Individual
C02737,2025-06-29,25-34,India,Individual,Organic,Individual
C02738,2025-05-06,35-44,United States,Large,Referral,Individual
C02739,2025-04-15,25-34,India,Medium,Partner,Individual
C02740,2025-11-16,35-44,India,Large,Google Ads,Business
C02741,2026-02-18,18-24,United States,Small,Referral,Individual
C02742,2025-02-01,35-44,India,Medium,Meta Ads,Individual
C02743,2025-06-02,35-44,United Kingdom,Individual,Organic,Individual
C02744,2025-08-16,45-54,Australia,Large,Google Ads,Individual
C02745,2025-10-02,25-34,India,Small,Google Ads,Business
C02746,2026-01-29,45-54,United States,Small,Meta Ads,Individual
C02747,2026-02-23,18-24,United States,Small,Meta Ads,Business
C02748,2026-02-21,55+,United States,Small,Google Ads,Individual
C02749,2025-03-20,35-44,India,Individual,Meta Ads,Individual
C02750,2026-05-06,35-44,United States,Individual,Meta Ads,Individual
C02751,2025-08-14,35-44,United States,Medium,Meta Ads,Individual
C02752,2026-05-05,25-34,United States,Large,Meta Ads,Business
C02753,2025-11-06,18-24,Australia,Small,Email,Business
C02754,2026-01-04,25-34,India,Individual,Google Ads,Business
C02755,2025-02-19,25-34,United States,Small,Organic,Individual
C02756,2025-01-12,25-34,United States,Small,Partner,Business
C02757,2025-08-24,35-44,India,Individual,Partner,Individual
C02758,2025-09-04,25-34,Canada,Small,Partner,Business
C02759,2025-06-21,45-54,India,Small,Organic,Individual
C02760,2025-03-31,18-24,India,Medium,Google Ads,Business
C02761,2025-08-24,25-34,Singapore,Small,Referral,Business
C02762,2026-05-12,35-44,United Kingdom,Individual,Google Ads,Individual
C02763,2025-05-18,35-44,India,Individual,Organic,Business
C02764,2025-01-22,45-54,United States,Individual,Organic,Business
C02765,2025-07-25,35-44,India,Medium,Organic,Business
C02766,2025-03-05,35-44,India,Individual,Partner,Individual
C02767,2025-03-14,25-34,Canada,Individual,Google Ads,Business
C02768,2026-02-12,35-44,India,Small,Google Ads,Individual
C02769,2025-11-17,45-54,Australia,Medium,Email,Business
C02770,2025-07-03,25-34,India,Medium,Partner,Individual
C02771,2025-11-24,35-44,India,Individual,Google Ads,Individual
C02772,2025-08-27,25-34,India,Large,Organic,Individual
C02773,2026-05-13,55+,United Kingdom,Medium,Google Ads,Business
C02774,2025-06-18,35-44,United Kingdom,Small,Email,Business
C02775,2026-04-21,18-24,Singapore,Individual,Organic,Individual
C02776,2025-05-04,35-44,India,Small,Google Ads,Individual
C02777,2025-09-28,18-24,United States,Individual,Google Ads,Business
C02778,2025-04-01,18-24,United States,Small,Partner,Individual
C02779,2025-05-28,25-34,India,Individual,Partner,Individual
C02780,2025-01-24,25-34,India,Individual,Google Ads,Business
C02781,2025-11-21,55+,United Kingdom,Medium,Referral,Individual
C02782,2025-10-24,25-34,United Kingdom,Medium,Partner,Individual
C02783,2025-06-25,35-44,United Kingdom,Individual,Referral,Business
C02784,2025-08-28,35-44,India,Individual,Email,Individual
C02785,2026-04-25,35-44,Australia,Individual,Google Ads,Individual
C02786,2026-01-27,25-34,United States,Large,Partner,Business
C02787,2025-01-05,18-24,Australia,Medium,Google Ads,Individual
C02788,2025-03-08,25-34,United States,Small,Referral,Individual
C02789,2025-07-22,25-34,United States,Large,Meta Ads,Individual
C02790,2025-11-12,35-44,India,Small,Email,Individual
C02791,2025-11-08,25-34,Canada,Individual,Google Ads,Individual
C02792,2025-11-05,45-54,India,Individual,Organic,Business
C02793,2025-12-28,35-44,India,Small,Referral,Individual
C02794,2025-12-26,35-44,India,Individual,Organic,Individual
C02795,2025-03-10,35-44,India,Small,Meta Ads,Business
C02796,2025-09-20,35-44,India,Small,Meta Ads,Individual
C02797,2025-04-01,25-34,United States,Small,Organic,Business
C02798,2025-02-19,25-34,United Kingdom,Individual,Meta Ads,Business
C02799,2025-05-19,25-34,United Kingdom,Medium,Organic,Individual
C02800,2025-05-16,25-34,India,Individual,Partner,Business
C02801,2025-01-17,35-44,India,Small,Google Ads,Individual
C02802,2026-04-27,25-34,Canada,Small,Google Ads,Individual
C02803,2025-06-26,25-34,India,Large,Partner,Individual
C02804,2025-08-24,35-44,India,Medium,Organic,Individual
C02805,2025-04-17,55+,India,Small,Google Ads,Business
C02806,2026-04-24,25-34,India,Medium,Referral,Business
C02807,2026-04-01,35-44,United States,Individual,Google Ads,Individual
C02808,2025-11-11,35-44,India,Small,Organic,Individual
C02809,2025-07-19,25-34,Canada,Individual,Email,Individual
C02810,2026-01-30,18-24,United Kingdom,Small,Partner,Individual
C02811,2025-09-21,45-54,India,Small,Google Ads,Business
C02812,2026-01-05,35-44,Australia,Small,Meta Ads,Individual
C02813,2025-08-22,35-44,India,Medium,Email,Individual
C02814,2025-09-14,45-54,India,Medium,Referral,Individual
C02815,2025-01-18,35-44,United States,Medium,Google Ads,Business
C02816,2025-05-19,35-44,India,Individual,Organic,Business
C02817,2025-12-14,35-44,India,Small,Google Ads,Business
C02818,2025-04-21,25-34,India,Small,Google Ads,Individual
C02819,2025-08-27,35-44,India,Large,Meta Ads,Individual
C02820,2025-05-26,25-34,India,Individual,Organic,Business
C02821,2026-04-13,55+,Canada,Small,Google Ads,Individual
C02822,2025-03-15,35-44,United Kingdom,Medium,Meta Ads,Business
C02823,2025-08-20,55+,Singapore,Small,Google Ads,Individual
C02824,2025-10-30,35-44,India,Small,Email,Business
C02825,2025-12-15,35-44,India,Small,Google Ads,Individual
C02826,2025-05-30,45-54,India,Small,Meta Ads,Individual
C02827,2025-03-30,25-34,India,Individual,Google Ads,Individual
C02828,2025-03-14,35-44,United Kingdom,Individual,Organic,Business
C02829,2026-04-02,35-44,Singapore,Small,Referral,Business
C02830,2025-03-16,18-24,Singapore,Medium,Organic,Business
C02831,2026-01-09,45-54,India,Small,Organic,Business
C02832,2025-06-02,35-44,India,Individual,Organic,Business
C02833,2025-09-03,55+,United Kingdom,Individual,Organic,Individual
C02834,2026-01-18,25-34,India,Individual,Organic,Individual
C02835,2025-05-15,18-24,India,Individual,Referral,Business
C02836,2025-11-21,55+,United States,Small,Google Ads,Business
C02837,2025-05-09,45-54,United States,Individual,Referral,Individual
C02838,2026-04-05,55+,Singapore,Individual,Referral,Business
C02839,2025-02-25,35-44,United States,Individual,Referral,Business
C02840,2025-07-17,45-54,India,Small,Referral,Business
C02841,2025-11-01,35-44,Australia,Individual,Google Ads,Business
C02842,2026-01-29,25-34,India,Individual,Partner,Individual
C02843,2026-03-25,35-44,India,Individual,Partner,Individual
C02844,2025-09-10,25-34,Singapore,Individual,Organic,Individual
C02845,2025-03-23,35-44,United States,Individual,Google Ads,Business
C02846,2025-09-12,35-44,United States,Medium,Organic,Business
C02847,2026-03-01,55+,India,Individual,Organic,Individual
C02848,2026-05-01,45-54,India,Small,Referral,Business
C02849,2025-07-09,35-44,United Kingdom,Large,Organic,Individual
C02850,2026-04-11,55+,United Kingdom,Large,Partner,Business
C02851,2025-12-19,25-34,Australia,Individual,Partner,Business
C02852,2025-04-05,55+,India,Medium,Referral,Individual
C02853,2025-07-22,35-44,United Kingdom,Individual,Google Ads,Business
C02854,2025-03-19,25-34,United States,Individual,Meta Ads,Business
C02855,2025-08-12,35-44,Australia,Individual,Meta Ads,Business
C02856,2026-01-16,25-34,India,Individual,Organic,Individual
C02857,2026-03-24,25-34,United States,Small,Meta Ads,Business
C02858,2025-06-23,35-44,United Kingdom,Small,Email,Business
C02859,2025-03-23,18-24,United States,Individual,Email,Individual
C02860,2025-06-09,18-24,United States,Small,Meta Ads,Business
C02861,2026-01-13,45-54,Australia,Individual,Google Ads,Business
C02862,2025-07-22,35-44,Singapore,Large,Organic,Business
C02863,2026-03-31,35-44,India,Individual,Google Ads,Individual
C02864,2025-09-15,18-24,United Kingdom,Individual,Referral,Individual
C02865,2025-03-01,45-54,India,Medium,Meta Ads,Business
C02866,2025-06-04,25-34,India,Individual,Meta Ads,Business
C02867,2025-10-08,25-34,United States,Individual,Referral,Individual
C02868,2025-08-16,25-34,United States,Individual,Organic,Individual
C02869,2025-03-03,25-34,United States,Individual,Email,Business
C02870,2025-05-22,18-24,Australia,Individual,Organic,Business
C02871,2026-01-07,35-44,United States,Small,Meta Ads,Individual
C02872,2025-08-20,18-24,Singapore,Medium,Organic,Individual
C02873,2025-11-27,25-34,India,Large,Referral,Individual
C02874,2026-04-11,45-54,India,Small,Organic,Individual
C02875,2025-12-08,25-34,India,Individual,Organic,Individual
C02876,2025-12-17,18-24,India,Medium,Organic,Individual
C02877,2026-03-07,35-44,India,Individual,Google Ads,Individual
C02878,2025-06-07,35-44,United States,Medium,Partner,Business
C02879,2025-02-26,35-44,India,Medium,Organic,Business
C02880,2025-11-10,35-44,United States,Individual,Partner,Business
C02881,2025-11-15,55+,India,Individual,Organic,Individual
C02882,2026-05-07,35-44,Canada,Individual,Google Ads,Business
C02883,2025-03-27,35-44,India,Medium,Organic,Business
C02884,2026-04-09,25-34,India,Individual,Partner,Business
C02885,2025-08-28,18-24,United States,Individual,Referral,Business
C02886,2025-11-12,35-44,United States,Individual,Organic,Business
C02887,2025-03-16,25-34,India,Small,Meta Ads,Individual
C02888,2025-01-07,25-34,United States,Large,Organic,Individual
C02889,2025-10-02,25-34,India,Individual,Organic,Individual
C02890,2026-04-03,45-54,United States,Large,Partner,Individual
C02891,2025-06-20,25-34,India,Individual,Meta Ads,Individual
C02892,2025-05-21,55+,India,Individual,Organic,Individual
C02893,2025-11-12,25-34,Canada,Small,Organic,Individual
C02894,2025-03-16,45-54,Singapore,Medium,Organic,Business
C02895,2026-04-27,45-54,Singapore,Small,Google Ads,Individual
C02896,2025-08-02,35-44,India,Individual,Meta Ads,Business
C02897,2025-03-11,25-34,United States,Individual,Referral,Individual
C02898,2025-09-21,55+,United States,Individual,Email,Individual
C02899,2025-03-12,45-54,United States,Individual,Organic,Individual
C02900,2025-04-02,18-24,United Kingdom,Individual,Organic,Business
C02901,2025-12-20,25-34,India,Small,Referral,Business
C02902,2026-01-11,35-44,Canada,Small,Google Ads,Individual
C02903,2025-02-22,55+,India,Individual,Organic,Business
C02904,2025-07-03,18-24,India,Individual,Referral,Individual
C02905,2025-06-09,25-34,India,Small,Referral,Individual
C02906,2026-01-01,18-24,United States,Large,Organic,Individual
C02907,2025-05-10,35-44,United Kingdom,Small,Organic,Business
C02908,2026-03-04,25-34,India,Individual,Organic,Individual
C02909,2025-02-10,45-54,India,Individual,Organic,Individual
C02910,2025-10-22,25-34,India,Individual,Organic,Individual
C02911,2025-06-08,35-44,India,Individual,Organic,Business
C02912,2025-09-29,25-34,United States,Individual,Google Ads,Individual
C02913,2025-12-25,35-44,United Kingdom,Small,Organic,Business
C02914,2025-11-20,35-44,Canada,Medium,Google Ads,Business
C02915,2026-03-12,25-34,United States,Medium,Organic,Individual
C02916,2026-05-06,45-54,India,Individual,Organic,Individual
C02917,2025-07-02,25-34,India,Large,Email,Individual
C02918,2025-04-01,25-34,India,Individual,Organic,Business
C02919,2026-02-11,45-54,India,Individual,Organic,Individual
C02920,2025-05-03,25-34,Australia,Small,Referral,Individual
C02921,2025-08-24,55+,United States,Medium,Organic,Individual
C02922,2025-07-16,35-44,India,Individual,Organic,Business
C02923,2025-03-14,25-34,United Kingdom,Medium,Referral,Business
C02924,2025-09-17,35-44,India,Small,Partner,Business
C02925,2026-01-30,25-34,United States,Individual,Email,Individual
C02926,2026-01-28,45-54,United States,Individual,Email,Individual
C02927,2025-02-01,35-44,India,Medium,Meta Ads,Individual
C02928,2026-01-18,25-34,Singapore,Small,Referral,Business
C02929,2025-03-11,25-34,United States,Small,Google Ads,Individual
C02930,2025-05-05,25-34,India,Small,Organic,Individual
C02931,2025-04-13,25-34,United States,Medium,Partner,Business
C02932,2026-01-05,25-34,United States,Large,Meta Ads,Individual
C02933,2025-06-18,25-34,India,Small,Email,Individual
C02934,2025-06-06,35-44,India,Small,Organic,Business
C02935,2026-04-17,25-34,India,Individual,Google Ads,Individual
C02936,2025-08-20,55+,India,Small,Email,Individual
C02937,2025-01-21,45-54,India,Individual,Referral,Business
C02938,2026-04-04,25-34,United Kingdom,Large,Partner,Business
C02939,2025-05-22,55+,India,Large,Organic,Individual
C02940,2025-12-26,35-44,India,Large,Partner,Individual
C02941,2026-04-06,25-34,Singapore,Large,Meta Ads,Individual
C02942,2026-03-23,18-24,India,Individual,Organic,Individual
C02943,2025-06-10,55+,Australia,Large,Organic,Individual
C02944,2025-08-01,25-34,Australia,Individual,Meta Ads,Individual
C02945,2025-05-13,45-54,Singapore,Individual,Organic,Individual
C02946,2026-02-20,45-54,United States,Individual,Referral,Business
C02947,2025-09-02,45-54,India,Small,Meta Ads,Business
C02948,2025-02-23,25-34,United States,Small,Organic,Individual
C02949,2025-04-12,35-44,Singapore,Individual,Google Ads,Business
C02950,2025-12-09,18-24,India,Small,Email,Individual
C02951,2025-10-04,18-24,United States,Individual,Referral,Business
C02952,2025-02-07,35-44,India,Medium,Referral,Business
C02953,2025-01-20,45-54,India,Small,Meta Ads,Business
C02954,2025-06-02,45-54,India,Medium,Email,Business
C02955,2026-02-07,35-44,India,Individual,Google Ads,Business
C02956,2025-09-25,55+,United States,Small,Referral,Individual
C02957,2025-03-17,45-54,India,Medium,Meta Ads,Individual
C02958,2025-11-08,35-44,India,Small,Meta Ads,Business
C02959,2025-04-14,35-44,United Kingdom,Small,Referral,Individual
C02960,2025-07-07,25-34,India,Individual,Google Ads,Business
C02961,2026-02-19,45-54,Canada,Small,Partner,Individual
C02962,2025-06-21,18-24,Singapore,Individual,Referral,Business
C02963,2025-10-24,35-44,United States,Small,Organic,Individual
C02964,2025-10-19,35-44,United States,Small,Meta Ads,Individual
C02965,2025-10-22,35-44,Canada,Medium,Referral,Individual
C02966,2025-10-18,45-54,United States,Individual,Partner,Individual
C02967,2026-04-21,25-34,United States,Small,Organic,Individual
C02968,2025-08-04,25-34,India,Individual,Google Ads,Business
C02969,2025-01-20,25-34,United Kingdom,Medium,Meta Ads,Individual
C02970,2025-07-21,45-54,Australia,Small,Google Ads,Business
C02971,2025-05-27,45-54,India,Individual,Meta Ads,Individual
C02972,2025-11-23,25-34,Canada,Large,Referral,Individual
C02973,2025-05-05,45-54,United States,Medium,Organic,Business
C02974,2025-03-27,25-34,India,Individual,Email,Individual
C02975,2025-02-14,35-44,United States,Individual,Organic,Business
C02976,2026-01-04,25-34,India,Small,Google Ads,Individual
C02977,2026-02-22,45-54,India,Individual,Organic,Business
C02978,2025-04-25,55+,United States,Small,Meta Ads,Individual
C02979,2025-09-07,25-34,United States,Medium,Organic,Business
C02980,2025-07-31,25-34,India,Small,Organic,Business
C02981,2026-04-03,25-34,Canada,Individual,Partner,Individual
C02982,2025-12-17,35-44,United States,Medium,Referral,Individual
C02983,2025-11-26,45-54,Singapore,Large,Referral,Business
C02984,2025-08-10,45-54,Australia,Medium,Google Ads,Individual
C02985,2025-01-02,25-34,India,Small,Referral,Business
C02986,2025-02-03,55+,Australia,Small,Referral,Business
C02987,2026-02-09,45-54,India,Individual,Organic,Business
C02988,2025-07-20,45-54,United Kingdom,Individual,Google Ads,Business
C02989,2026-04-02,18-24,United States,Individual,Partner,Business
C02990,2025-04-25,18-24,Canada,Individual,Meta Ads,Business
C02991,2025-04-13,35-44,India,Individual,Meta Ads,Business
C02992,2026-02-15,45-54,India,Individual,Google Ads,Individual
C02993,2025-09-20,35-44,United States,Individual,Organic,Individual
C02994,2025-03-04,35-44,India,Individual,Meta Ads,Business
C02995,2026-03-21,25-34,India,Small,Partner,Individual
C02996,2025-09-09,25-34,Singapore,Individual,Organic,Individual
C02997,2025-07-01,25-34,Australia,Individual,Organic,Business
C02998,2026-02-02,55+,India,Individual,Partner,Individual
C02999,2025-09-29,25-34,United Kingdom,Small,Referral,Individual
C03000,2026-02-10,18-24,India,Medium,Organic,Individual
C03001,2025-09-04,25-34,India,Small,Google Ads,Business
C03002,2026-02-17,35-44,India,Individual,Google Ads,Individual
C03003,2025-01-07,25-34,India,Individual,Google Ads,Business
C03004,2025-09-20,45-54,Australia,Individual,Organic,Business
C03005,2025-04-27,35-44,India,Small,Meta Ads,Business
C03006,2026-01-21,18-24,Canada,Medium,Organic,Individual
C03007,2026-03-12,35-44,India,Individual,Meta Ads,Business
C03008,2025-12-11,18-24,United States,Small,Email,Business
C03009,2025-03-19,25-34,India,Large,Organic,Business
C03010,2025-05-28,35-44,United Kingdom,Medium,Meta Ads,Individual
C03011,2025-04-19,25-34,Singapore,Medium,Referral,Individual
C03012,2026-03-24,35-44,India,Small,Meta Ads,Individual
C03013,2026-03-15,18-24,India,Individual,Referral,Business
C03014,2025-06-01,45-54,India,Medium,Referral,Individual
C03015,2025-09-06,25-34,India,Large,Organic,Individual
C03016,2025-12-30,25-34,India,Small,Meta Ads,Business
C03017,2026-01-21,18-24,United States,Individual,Referral,Business
C03018,2025-10-19,55+,Canada,Individual,Organic,Individual
C03019,2025-01-09,25-34,United States,Individual,Organic,Individual
C03020,2025-03-14,25-34,India,Individual,Meta Ads,Individual
C03021,2026-02-17,25-34,India,Individual,Organic,Business
C03022,2025-10-30,25-34,India,Large,Organic,Business
C03023,2026-01-05,35-44,India,Individual,Partner,Business
C03024,2025-08-28,45-54,India,Small,Organic,Individual
C03025,2025-03-15,25-34,India,Small,Google Ads,Business
C03026,2026-02-27,35-44,Australia,Individual,Meta Ads,Individual
C03027,2025-03-29,25-34,India,Medium,Partner,Individual
C03028,2026-04-11,35-44,Australia,Medium,Meta Ads,Individual
C03029,2025-09-24,45-54,United Kingdom,Individual,Organic,Business
C03030,2025-09-12,55+,Australia,Individual,Referral,Individual
C03031,2025-11-09,25-34,United States,Large,Meta Ads,Business
C03032,2026-04-20,25-34,India,Individual,Organic,Individual
C03033,2026-03-22,55+,Australia,Individual,Google Ads,Business
C03034,2025-04-25,25-34,India,Large,Meta Ads,Business
C03035,2025-09-06,25-34,United States,Medium,Referral,Business
C03036,2026-01-30,45-54,India,Medium,Referral,Individual
C03037,2025-12-23,18-24,India,Individual,Email,Individual
C03038,2025-07-27,45-54,India,Individual,Meta Ads,Individual
C03039,2025-05-12,55+,United States,Medium,Referral,Individual
C03040,2026-03-17,55+,Singapore,Medium,Meta Ads,Individual
C03041,2026-05-14,35-44,United States,Individual,Google Ads,Individual
C03042,2025-07-14,25-34,India,Medium,Partner,Business
C03043,2025-11-25,45-54,India,Small,Organic,Business
C03044,2025-07-09,25-34,India,Individual,Google Ads,Business
C03045,2025-07-26,35-44,India,Medium,Meta Ads,Business
C03046,2025-07-09,25-34,India,Medium,Google Ads,Individual
C03047,2025-03-26,55+,India,Small,Organic,Individual
C03048,2025-01-22,45-54,United Kingdom,Individual,Meta Ads,Business
C03049,2025-01-18,25-34,United States,Small,Email,Business
C03050,2026-03-10,25-34,Australia,Small,Google Ads,Business
C03051,2025-02-28,25-34,Australia,Medium,Google Ads,Individual
C03052,2025-03-18,18-24,United States,Individual,Organic,Business
C03053,2025-12-29,25-34,India,Small,Referral,Individual
C03054,2026-04-13,25-34,India,Medium,Google Ads,Business
C03055,2026-03-06,45-54,India,Small,Google Ads,Individual
C03056,2025-07-01,18-24,United Kingdom,Small,Organic,Business
C03057,2025-03-25,18-24,United Kingdom,Medium,Email,Business
C03058,2025-09-30,55+,United States,Medium,Google Ads,Individual
C03059,2025-04-14,25-34,India,Small,Organic,Individual
C03060,2025-07-01,25-34,India,Individual,Organic,Business
C03061,2026-03-11,25-34,Singapore,Individual,Meta Ads,Business
C03062,2026-04-27,35-44,United States,Medium,Google Ads,Business
C03063,2025-02-10,25-34,United States,Medium,Meta Ads,Business
C03064,2025-06-10,25-34,United States,Small,Organic,Individual
C03065,2025-05-02,25-34,Canada,Individual,Organic,Individual
C03066,2025-01-04,55+,United States,Individual,Meta Ads,Business
C03067,2026-01-08,55+,United States,Small,Referral,Business
C03068,2026-04-17,35-44,United Kingdom,Small,Email,Individual
C03069,2025-05-02,35-44,Singapore,Individual,Organic,Individual
C03070,2025-05-17,25-34,India,Small,Referral,Business
C03071,2026-03-28,25-34,Canada,Medium,Partner,Business
C03072,2025-11-16,25-34,India,Small,Meta Ads,Individual
C03073,2026-01-01,45-54,India,Small,Referral,Individual
C03074,2025-03-27,25-34,India,Individual,Meta Ads,Business
C03075,2026-02-26,45-54,Singapore,Individual,Google Ads,Business
C03076,2026-01-17,25-34,United Kingdom,Individual,Meta Ads,Individual
C03077,2025-12-10,45-54,United States,Individual,Partner,Individual
C03078,2025-03-17,25-34,United States,Medium,Email,Individual
C03079,2026-01-19,25-34,India,Medium,Referral,Business
C03080,2025-02-16,45-54,India,Small,Email,Individual
C03081,2025-09-01,55+,United States,Individual,Organic,Business
C03082,2026-01-31,45-54,Canada,Small,Google Ads,Individual
C03083,2025-08-31,35-44,Canada,Small,Organic,Individual
C03084,2025-04-19,35-44,Singapore,Medium,Google Ads,Individual
C03085,2025-04-26,18-24,Canada,Small,Organic,Business
C03086,2025-03-25,55+,India,Medium,Google Ads,Business
C03087,2025-08-08,25-34,India,Individual,Google Ads,Business
C03088,2025-12-01,45-54,United Kingdom,Medium,Organic,Business
C03089,2026-01-13,45-54,India,Individual,Organic,Business
C03090,2025-06-11,25-34,India,Individual,Email,Individual
C03091,2025-06-25,25-34,India,Individual,Google Ads,Individual
C03092,2026-02-24,25-34,India,Medium,Google Ads,Individual
C03093,2026-04-15,18-24,United States,Individual,Meta Ads,Individual
C03094,2025-08-17,35-44,Australia,Individual,Email,Individual
C03095,2025-06-04,35-44,Australia,Small,Referral,Individual
C03096,2025-11-01,35-44,Canada,Small,Email,Individual
C03097,2026-01-18,45-54,United States,Individual,Meta Ads,Business
C03098,2026-03-21,45-54,Singapore,Individual,Meta Ads,Individual
C03099,2025-12-21,55+,India,Small,Google Ads,Individual
C03100,2025-04-13,25-34,India,Individual,Organic,Business
C03101,2025-07-19,25-34,India,Medium,Google Ads,Individual
C03102,2025-03-19,45-54,India,Individual,Referral,Individual
C03103,2025-07-17,45-54,India,Individual,Google Ads,Business
C03104,2025-02-19,35-44,India,Medium,Meta Ads,Business
C03105,2025-09-10,25-34,India,Large,Partner,Individual
C03106,2026-01-06,25-34,India,Individual,Meta Ads,Individual
C03107,2025-10-05,45-54,Canada,Small,Organic,Individual
C03108,2025-08-04,25-34,India,Individual,Google Ads,Business
C03109,2026-03-15,25-34,India,Medium,Referral,Individual
C03110,2025-12-29,25-34,Singapore,Individual,Referral,Business
C03111,2026-01-15,35-44,Canada,Individual,Partner,Individual
C03112,2026-03-03,45-54,India,Individual,Google Ads,Business
C03113,2025-06-23,18-24,Canada,Large,Google Ads,Individual
C03114,2025-10-03,35-44,India,Individual,Email,Individual
C03115,2025-10-15,45-54,United States,Small,Google Ads,Individual
C03116,2025-10-11,18-24,Singapore,Large,Organic,Individual
C03117,2025-03-01,35-44,India,Individual,Organic,Individual
C03118,2025-11-12,45-54,India,Small,Organic,Business
C03119,2025-10-04,25-34,United Kingdom,Medium,Email,Business
C03120,2025-04-03,25-34,India,Small,Google Ads,Business
C03121,2026-03-20,25-34,United States,Individual,Meta Ads,Business
C03122,2026-01-11,55+,India,Large,Meta Ads,Individual
C03123,2026-02-27,45-54,Singapore,Small,Referral,Business
C03124,2025-11-06,45-54,United States,Individual,Meta Ads,Individual
C03125,2025-04-23,18-24,India,Small,Referral,Individual
C03126,2025-09-01,45-54,Canada,Individual,Google Ads,Individual
C03127,2025-12-29,25-34,Singapore,Individual,Meta Ads,Business
C03128,2026-05-07,18-24,India,Individual,Email,Individual
C03129,2026-01-01,25-34,United Kingdom,Small,Meta Ads,Individual
C03130,2025-10-09,35-44,India,Individual,Organic,Individual
C03131,2025-09-10,35-44,India,Individual,Referral,Business
C03132,2025-04-19,45-54,United States,Individual,Referral,Individual
C03133,2025-01-08,35-44,United States,Small,Organic,Individual
C03134,2025-04-24,25-34,India,Small,Google Ads,Individual
C03135,2026-02-04,25-34,United Kingdom,Small,Partner,Individual
C03136,2026-03-25,25-34,Canada,Small,Organic,Individual
C03137,2025-10-26,35-44,United Kingdom,Small,Google Ads,Individual
C03138,2025-04-01,55+,India,Individual,Organic,Individual
C03139,2025-10-07,35-44,India,Large,Organic,Business
C03140,2025-09-29,55+,India,Small,Organic,Business
C03141,2025-10-24,25-34,Australia,Small,Email,Individual
C03142,2025-12-30,35-44,India,Large,Organic,Individual
C03143,2025-08-18,55+,United States,Individual,Meta Ads,Business
C03144,2025-10-06,25-34,United States,Individual,Organic,Business
C03145,2026-03-10,35-44,India,Individual,Meta Ads,Individual
C03146,2025-11-07,25-34,Singapore,Small,Meta Ads,Individual
C03147,2026-03-05,25-34,India,Individual,Meta Ads,Individual
C03148,2026-01-06,25-34,United States,Individual,Email,Individual
C03149,2025-08-16,25-34,Canada,Individual,Organic,Business
C03150,2025-05-05,25-34,India,Small,Meta Ads,Individual
C03151,2025-01-02,55+,India,Medium,Google Ads,Individual
C03152,2025-09-14,18-24,India,Large,Partner,Individual
C03153,2025-10-11,25-34,India,Small,Referral,Business
C03154,2026-04-25,35-44,United States,Individual,Organic,Individual
C03155,2025-09-16,25-34,Australia,Large,Meta Ads,Individual
C03156,2025-09-08,18-24,India,Small,Referral,Business
C03157,2025-09-11,25-34,India,Large,Meta Ads,Individual
C03158,2025-11-27,25-34,Australia,Individual,Partner,Individual
C03159,2025-07-07,18-24,United Kingdom,Medium,Google Ads,Business
C03160,2025-05-28,25-34,India,Small,Partner,Individual
C03161,2026-03-21,55+,India,Individual,Referral,Business
C03162,2025-06-05,18-24,India,Small,Organic,Individual
C03163,2025-03-26,18-24,India,Large,Organic,Individual
C03164,2025-09-13,25-34,United States,Medium,Meta Ads,Business
C03165,2025-07-18,25-34,United States,Individual,Google Ads,Individual
C03166,2025-07-01,35-44,Australia,Medium,Organic,Business
C03167,2025-07-13,18-24,United States,Individual,Referral,Business
C03168,2026-03-01,45-54,Australia,Individual,Email,Business
C03169,2025-06-22,18-24,India,Small,Organic,Business
C03170,2025-12-30,18-24,Canada,Small,Partner,Business
C03171,2025-12-15,25-34,Canada,Small,Email,Individual
C03172,2025-10-10,25-34,United States,Small,Referral,Business
C03173,2026-01-10,35-44,India,Small,Meta Ads,Individual
C03174,2025-01-22,35-44,United Kingdom,Individual,Partner,Individual
C03175,2026-02-13,45-54,India,Individual,Referral,Individual
C03176,2025-12-30,25-34,United States,Individual,Organic,Business
C03177,2026-02-19,35-44,Canada,Individual,Organic,Business
C03178,2025-11-12,55+,United Kingdom,Individual,Partner,Individual
C03179,2025-03-04,55+,United States,Individual,Organic,Business
C03180,2026-04-14,18-24,United Kingdom,Individual,Google Ads,Individual
C03181,2025-03-09,45-54,India,Small,Google Ads,Business
C03182,2026-02-27,25-34,United Kingdom,Individual,Referral,Business
C03183,2025-04-21,25-34,United States,Small,Meta Ads,Individual
C03184,2025-06-30,35-44,India,Individual,Google Ads,Business
C03185,2025-06-15,25-34,India,Individual,Referral,Individual
C03186,2025-06-30,35-44,India,Medium,Google Ads,Business
C03187,2025-08-27,55+,United Kingdom,Individual,Organic,Business
C03188,2025-11-04,25-34,United Kingdom,Small,Organic,Individual
C03189,2025-03-04,35-44,,Individual,Email,Individual
C03190,2025-01-18,35-44,India,Individual,Referral,Business
C03191,2025-10-27,18-24,United States,Medium,Google Ads,Individual
C03192,2025-04-04,45-54,India,Small,Partner,Individual
C03193,2025-06-29,25-34,India,Individual,Organic,Business
C03194,2025-07-17,25-34,India,Small,Referral,Business
C03195,2025-07-12,35-44,India,Medium,Google Ads,Business
C03196,2025-02-27,18-24,India,Individual,Meta Ads,Individual
C03197,2025-01-25,35-44,United Kingdom,Individual,Referral,Individual
C03198,2025-05-19,35-44,United States,Individual,Email,Individual
C03199,2025-07-21,35-44,Singapore,Individual,Meta Ads,Individual
C03200,2025-09-13,35-44,India,Individual,Referral,Business
C03201,2025-11-05,25-34,Singapore,Individual,Email,Business
C03202,2025-02-06,25-34,India,Individual,Meta Ads,Business
C03203,2025-11-15,35-44,India,Small,Organic,Individual
C03204,2025-07-30,25-34,India,Medium,Organic,Individual
C03205,2025-08-17,18-24,Australia,Small,Referral,Individual
C03206,2026-05-07,25-34,India,Medium,Organic,Individual
C03207,2025-11-02,25-34,India,Individual,Referral,Business
C03208,2025-12-03,25-34,India,Individual,Google Ads,Business
C03209,2025-10-26,25-34,India,Individual,Organic,Business
C03210,2026-04-07,35-44,India,Small,Referral,Business
C03211,2025-12-11,25-34,United States,Large,Partner,Business
C03212,2025-02-06,25-34,Australia,Medium,Organic,Individual
C03213,2025-03-25,35-44,United Kingdom,Small,Google Ads,Individual
C03214,2025-05-24,25-34,Canada,Individual,Organic,Individual
C03215,2026-04-05,55+,United States,Individual,Google Ads,Business
C03216,2025-02-26,45-54,India,Medium,Referral,Business
C03217,2025-09-17,25-34,United States,Large,Organic,Business
C03218,2025-12-13,25-34,India,Large,Google Ads,Business
C03219,2026-03-31,25-34,United States,Medium,Organic,Individual
C03220,2026-04-10,18-24,India,Medium,Organic,Individual
C03221,2026-02-16,35-44,India,Individual,Referral,Individual
C03222,2025-11-19,25-34,United States,Individual,Google Ads,Business
C03223,2025-05-06,35-44,India,Large,Google Ads,Business
C03224,2026-02-23,25-34,India,Individual,Google Ads,Individual
C03225,2025-05-31,25-34,India,Small,Email,Individual
C03226,2025-05-21,55+,Australia,Medium,Email,Individual
C03227,2025-07-02,25-34,India,Individual,Organic,Individual
C03228,2025-05-25,45-54,United Kingdom,Individual,Google Ads,Business
C03229,2025-10-05,45-54,India,Individual,Google Ads,Business
C03230,2025-05-12,45-54,India,Medium,Google Ads,Individual
C03231,2025-02-05,35-44,India,Individual,Google Ads,Individual
C03232,2025-03-28,25-34,Canada,Small,Partner,Individual
C03233,2025-04-04,35-44,India,Individual,Organic,Business
C03234,2025-12-18,35-44,India,Individual,Google Ads,Individual
C03235,2025-06-15,35-44,India,Medium,Organic,Individual
C03236,2025-01-29,25-34,India,Small,Google Ads,Individual
C03237,2025-01-29,25-34,Singapore,Small,Meta Ads,Individual
C03238,2025-02-18,25-34,United States,Individual,Meta Ads,Individual
C03239,2025-09-09,35-44,United States,Individual,Referral,Individual
C03240,2026-04-11,25-34,United States,Small,Meta Ads,Business
C03241,2026-02-18,55+,United Kingdom,Medium,Email,Business
C03242,2025-08-01,25-34,Canada,Medium,Organic,Individual
C03243,2026-04-02,35-44,India,Individual,Google Ads,Individual
C03244,2025-10-14,18-24,Australia,Individual,Referral,Individual
C03245,2025-07-31,35-44,Australia,Individual,Referral,Individual
C03246,2025-01-22,25-34,Singapore,Individual,Google Ads,Individual
C03247,2025-01-09,35-44,Singapore,Individual,Organic,Individual
C03248,2025-03-18,25-34,India,Small,Organic,Business
C03249,2025-04-20,25-34,India,Individual,Google Ads,Business
C03250,2025-10-15,45-54,United Kingdom,Small,Organic,Individual
C03251,2025-01-07,35-44,United States,Large,Google Ads,Individual
C03252,2025-11-05,25-34,United Kingdom,Small,Referral,Business
C03253,2026-05-01,45-54,India,Large,Organic,Individual
C03254,2025-10-07,35-44,United States,Individual,Organic,Individual
C03255,2025-09-18,55+,Australia,Small,Organic,Business
C03256,2025-03-01,45-54,United Kingdom,Individual,Meta Ads,Individual
C03257,2026-04-10,55+,India,Small,Organic,Business
C03258,2025-01-26,18-24,India,Medium,Google Ads,Individual
C03259,2025-09-20,25-34,United States,Individual,Meta Ads,Individual
C03260,2025-02-23,55+,United States,Medium,Organic,Individual
C03261,2025-11-27,45-54,India,Large,Email,Individual
C03262,2025-04-28,18-24,India,Small,Referral,Individual
C03263,2025-07-30,25-34,United Kingdom,Individual,Organic,Business
C03264,2025-05-22,25-34,India,Medium,Referral,Individual
C03265,2026-04-16,35-44,India,Medium,Referral,Business
C03266,2025-04-06,18-24,India,Medium,Referral,Business
C03267,2026-03-01,25-34,India,Small,Google Ads,Individual
C03268,2025-05-14,25-34,India,Small,Meta Ads,Business
C03269,2026-03-23,25-34,Singapore,Individual,Meta Ads,Individual
C03270,2025-04-22,25-34,Australia,Individual,Organic,Individual
C03271,2026-01-18,45-54,India,Individual,Organic,Business
C03272,2025-08-28,18-24,India,Small,Organic,Individual
C03273,2025-03-09,35-44,India,Individual,Meta Ads,Individual
C03274,2026-04-23,25-34,United Kingdom,Small,Email,Individual
C03275,2025-12-02,25-34,India,Medium,Referral,Individual
C03276,2025-01-27,45-54,India,Individual,Referral,Individual
C03277,2025-05-15,45-54,United Kingdom,Individual,Organic,Business
C03278,2025-08-26,45-54,United Kingdom,Individual,Google Ads,Individual
C03279,2025-04-19,25-34,India,Small,Organic,Business
C03280,2025-04-10,45-54,United States,Medium,Partner,Individual
C03281,2025-11-12,25-34,Singapore,Large,Referral,Individual
C03282,2026-02-26,18-24,United Kingdom,Individual,Email,Individual
C03283,2025-07-12,25-34,Canada,Medium,Google Ads,Individual
C03284,2025-02-19,45-54,Singapore,Small,Partner,Individual
C03285,2026-01-08,45-54,India,Individual,Organic,Individual
C03286,2025-02-02,25-34,India,Large,Partner,Business
C03287,2025-11-26,18-24,United Kingdom,Small,Organic,Individual
C03288,2026-03-30,35-44,United States,Medium,Email,Individual
C03289,2025-01-14,18-24,Singapore,Individual,Email,Individual
C03290,2025-10-25,35-44,Canada,Individual,Organic,Individual
C03291,2026-03-20,35-44,United States,Individual,Meta Ads,Business
C03292,2025-04-19,35-44,United States,Medium,Meta Ads,Individual
C03293,2025-08-19,55+,India,Individual,Google Ads,Business
C03294,2025-09-11,35-44,India,Small,Google Ads,Individual
C03295,2026-04-08,35-44,India,Individual,Google Ads,Individual
C03296,2025-10-07,35-44,India,Individual,Organic,Individual
C03297,2025-09-28,25-34,United States,Individual,Partner,Business
C03298,2026-02-02,45-54,United States,Individual,Email,Business
C03299,2025-06-09,35-44,United States,Small,Email,Business
C03300,2025-02-07,35-44,United Kingdom,Small,Organic,Business
C03301,2025-03-02,35-44,Australia,Individual,Organic,Individual
C03302,2025-12-01,25-34,Singapore,Individual,Meta Ads,Business
C03303,2025-01-15,45-54,United States,Large,Organic,Individual
C03304,2025-08-12,25-34,India,Individual,Google Ads,Individual
C03305,2025-08-03,35-44,India,Small,Organic,Business
C03306,2025-11-12,35-44,United States,Small,Partner,Business
C03307,2026-01-21,45-54,United Kingdom,Individual,Google Ads,Individual
C03308,2025-02-19,18-24,Canada,Individual,Organic,Individual
C03309,2026-05-06,45-54,Australia,Individual,Partner,Individual
C03310,2025-11-15,55+,Canada,Small,Referral,Individual
C03311,2025-03-18,18-24,Singapore,Medium,Google Ads,Business
C03312,2025-05-04,25-34,United States,Small,Organic,Individual
C03313,2025-12-16,45-54,Canada,Medium,Organic,Individual
C03314,2025-07-25,25-34,India,Small,Referral,Individual
C03315,2025-11-30,45-54,United States,Medium,Meta Ads,Business
C03316,2025-12-09,18-24,India,Small,Partner,Business
C03317,2025-02-02,55+,Singapore,Individual,Organic,Individual
C03318,2025-09-10,35-44,United Kingdom,Medium,Meta Ads,Individual
C03319,2026-04-02,25-34,India,Large,Referral,Individual
C03320,2025-05-02,35-44,United States,Individual,Email,Individual
C03321,2025-07-27,25-34,United States,Medium,Referral,Individual
C03322,2025-05-20,25-34,India,Large,Organic,Individual
C03323,2025-09-26,25-34,Canada,Small,Meta Ads,Individual
C03324,2025-01-22,45-54,India,Individual,Referral,Individual
C03325,2025-04-04,45-54,Singapore,Medium,Meta Ads,Business
C03326,2025-10-04,25-34,India,Small,Meta Ads,Individual
C03327,2025-10-17,45-54,United States,Individual,Google Ads,Individual
C03328,2025-03-17,45-54,United Kingdom,Small,Referral,Business
C03329,2025-06-19,45-54,India,Small,Partner,Business
C03330,2026-02-04,25-34,Singapore,Small,Email,Individual
C03331,2025-08-28,25-34,India,Small,Organic,Business
C03332,2025-09-23,18-24,Singapore,Individual,Referral,Individual
C03333,2026-03-10,35-44,Singapore,Medium,Meta Ads,Individual
C03334,2026-03-28,45-54,Canada,Individual,Partner,Business
C03335,2025-03-06,45-54,India,Medium,Partner,Individual
C03336,2026-02-06,35-44,United Kingdom,Small,Partner,Business
C03337,2025-09-20,25-34,Singapore,Individual,Referral,Business
C03338,2025-08-22,35-44,United States,Individual,Organic,Business
C03339,2026-02-16,35-44,United Kingdom,Individual,Email,Individual
C03340,2026-03-23,35-44,India,Individual,Organic,Business
C03341,2025-07-21,18-24,United Kingdom,Individual,Meta Ads,Business
C03342,2025-02-25,35-44,India,Individual,Google Ads,Business
C03343,2026-03-15,35-44,United States,Individual,Organic,Business
C03344,2026-05-13,55+,Australia,Individual,Google Ads,Individual
C03345,2025-01-21,25-34,India,Large,Partner,Individual
C03346,2026-04-02,35-44,India,Individual,Partner,Business
C03347,2025-08-11,25-34,United Kingdom,Individual,Meta Ads,Business
C03348,2025-12-18,25-34,India,Large,Email,Business
C03349,2025-11-08,45-54,India,Individual,Organic,Individual
C03350,2025-10-06,25-34,United Kingdom,Large,Meta Ads,Individual
C03351,2025-03-02,25-34,India,Individual,Organic,Individual
C03352,2025-04-29,35-44,India,Medium,Google Ads,Individual
C03353,2025-10-07,25-34,India,Individual,Google Ads,Individual
C03354,2025-04-15,25-34,Canada,Small,Referral,Individual
C03355,2025-11-17,25-34,India,Medium,Referral,Individual
C03356,2025-05-22,25-34,United Kingdom,Medium,Organic,Business
C03357,2025-08-10,25-34,United States,Small,Referral,Individual
C03358,2025-02-14,55+,India,Individual,Google Ads,Individual
C03359,2026-01-06,55+,India,Individual,Google Ads,Business
C03360,2025-11-12,25-34,United Kingdom,Individual,Google Ads,Individual
C03361,2025-08-07,45-54,India,Individual,Organic,Business
C03362,2025-04-05,35-44,United Kingdom,Individual,Meta Ads,Business
C03363,2025-08-17,55+,India,Medium,Meta Ads,Individual
C03364,2026-03-22,25-34,United States,Individual,Meta Ads,Individual
C03365,2026-01-01,25-34,India,Small,Referral,Individual
C03366,2025-05-03,35-44,United States,Small,Google Ads,Business
C03367,2025-12-08,18-24,India,Individual,Organic,Business
C03368,2025-09-19,35-44,United Kingdom,Medium,Google Ads,Individual
C03369,2025-04-10,55+,Canada,Medium,Referral,Individual
C03370,2025-10-18,18-24,United States,Medium,Email,Individual
C03371,2026-02-14,25-34,India,Individual,Referral,Business
C03372,2025-12-19,35-44,United States,Medium,Meta Ads,Individual
C03373,2025-07-19,18-24,India,Medium,Google Ads,Individual
C03374,2026-05-07,25-34,Singapore,Medium,Referral,Individual
C03375,2025-11-04,45-54,United States,Individual,Referral,Individual
C03376,2025-01-26,18-24,India,Individual,Organic,Individual
C03377,2026-05-03,25-34,India,Medium,Google Ads,Business
C03378,2026-02-18,45-54,United States,Small,Google Ads,Individual
C03379,2025-01-06,25-34,United States,Individual,Meta Ads,Individual
C03380,2025-03-02,35-44,India,Medium,Referral,Individual
C03381,2026-04-08,35-44,Singapore,Large,Referral,Individual
C03382,2025-04-29,35-44,United Kingdom,Individual,Google Ads,Individual
C03383,2026-02-17,35-44,United States,Individual,Referral,Business
C03384,2025-01-23,25-34,India,Medium,Referral,Business
C03385,2025-07-07,18-24,Singapore,Medium,Organic,Individual
C03386,2025-03-03,35-44,United States,Individual,Google Ads,Individual
C03387,2025-04-22,25-34,United States,Small,Google Ads,Individual
C03388,2025-09-29,45-54,India,Individual,Organic,Business
C03389,2026-01-17,25-34,United States,Small,Organic,Business
C03390,2025-03-13,35-44,Singapore,Large,Organic,Individual
C03391,2025-08-28,18-24,India,Small,Google Ads,Individual
C03392,2025-01-03,45-54,Singapore,Individual,Meta Ads,Business
C03393,2025-12-04,35-44,India,Small,Partner,Business
C03394,2026-05-12,45-54,Canada,Small,Organic,Business
C03395,2025-05-15,35-44,Canada,Individual,Referral,Individual
C03396,2026-01-27,35-44,India,Small,Partner,Individual
C03397,2026-05-16,25-34,Australia,Large,Organic,Business
C03398,2026-04-21,45-54,India,Medium,Partner,Individual
C03399,2025-11-28,25-34,India,Individual,Email,Individual
C03400,2025-09-25,25-34,India,Individual,Google Ads,Individual
C03401,2026-03-30,35-44,India,Individual,Referral,Business
C03402,2025-12-13,18-24,India,Small,Google Ads,Individual
C03403,2025-02-03,25-34,India,Large,Partner,Individual
C03404,2025-06-02,25-34,Singapore,Small,Referral,Business
C03405,2025-11-23,35-44,India,Medium,Organic,Individual
C03406,2025-12-09,25-34,India,Small,Google Ads,Individual
C03407,2025-12-09,25-34,Singapore,Small,Google Ads,Individual
C03408,2025-08-09,35-44,United Kingdom,Small,Organic,Business
C03409,2025-01-16,18-24,United States,Large,Google Ads,Individual
C03410,2026-01-12,45-54,India,Individual,Meta Ads,Business
C03411,2025-05-23,45-54,India,Large,Organic,Business
C03412,2026-04-18,25-34,United States,Medium,Referral,Individual
C03413,2025-05-24,25-34,Singapore,Individual,Partner,Individual
C03414,2025-09-09,35-44,Australia,Small,Meta Ads,Business
C03415,2025-06-14,25-34,Singapore,Individual,Google Ads,Business
C03416,2026-01-22,45-54,United States,Small,Partner,Individual
C03417,2025-10-10,25-34,India,Large,Google Ads,Business
C03418,2025-02-09,35-44,India,Small,Referral,Business
C03419,2025-09-05,25-34,India,Medium,Organic,Individual
C03420,2025-09-23,35-44,United States,Individual,Meta Ads,Business
C03421,2025-11-02,18-24,India,Large,Google Ads,Individual
C03422,2025-11-11,45-54,United States,Individual,Meta Ads,Business
C03423,2026-01-09,25-34,India,Small,Organic,Business
C03424,2025-02-12,25-34,India,Individual,Organic,Individual
C03425,2025-12-08,45-54,Singapore,Small,Google Ads,Business
C03426,2026-03-09,45-54,United Kingdom,Individual,Google Ads,Individual
C03427,2025-05-07,25-34,Australia,Small,Meta Ads,Individual
C03428,2025-03-14,18-24,India,Individual,Organic,Individual
C03429,2025-10-25,35-44,Singapore,Large,Referral,Business
C03430,2026-02-16,45-54,Canada,Individual,Google Ads,Business
C03431,2025-10-12,25-34,United Kingdom,Medium,Organic,Business
C03432,2025-01-13,25-34,India,Medium,Organic,Individual
C03433,2025-02-24,35-44,United States,Individual,Email,Business
C03434,2025-02-22,35-44,Singapore,Individual,Meta Ads,Individual
C03435,2025-08-06,35-44,Australia,Small,Google Ads,Individual
C03436,2025-03-02,25-34,Canada,Small,Referral,Business
C03437,2026-02-02,25-34,United States,Individual,Organic,Business
C03438,2025-03-20,45-54,United Kingdom,Individual,Google Ads,Business
C03439,2025-03-23,25-34,India,Individual,Google Ads,Business
C03440,2025-04-13,35-44,United States,Small,Meta Ads,Business
C03441,2025-06-12,35-44,United States,Individual,Partner,Individual
C03442,2025-12-06,18-24,India,Small,Referral,Business
C03443,2025-07-21,25-34,India,Large,Organic,Business
C03444,2025-10-22,45-54,United Kingdom,Individual,Referral,Individual
C03445,2026-03-19,45-54,India,Medium,Partner,Business
C03446,2025-02-16,18-24,Canada,Individual,Partner,Individual
C03447,2026-03-29,35-44,United States,Small,Organic,Individual
C03448,2025-10-26,18-24,United States,Individual,Google Ads,Business
C03449,2026-01-24,25-34,India,Individual,Partner,Individual
C03450,2026-02-21,18-24,India,Individual,Organic,Individual
C03451,2025-06-16,35-44,Australia,Large,Organic,Individual
C03452,2025-01-11,35-44,United Kingdom,Large,Meta Ads,Individual
C03453,2025-01-01,18-24,India,Individual,Partner,Individual
C03454,2026-04-04,25-34,India,Small,Organic,Individual
C03455,2026-03-03,35-44,India,Small,Partner,Individual
C03456,2025-07-10,35-44,Australia,Individual,Meta Ads,Business
C03457,2025-10-10,25-34,Australia,Small,Email,Individual
C03458,2025-04-30,25-34,Australia,Large,Google Ads,Business
C03459,2025-07-25,55+,India,Large,Referral,Business
C03460,2025-11-11,35-44,India,Medium,Organic,Individual
C03461,2025-03-29,25-34,India,Individual,Meta Ads,Individual
C03462,2025-11-06,25-34,Singapore,Individual,Organic,Business
C03463,2025-03-29,25-34,India,Medium,Organic,Individual
C03464,2025-02-16,25-34,United States,Large,Referral,Business
C03465,2025-06-27,45-54,India,Small,Organic,Individual
C03466,2025-07-17,35-44,India,Individual,Partner,Business
C03467,2026-04-20,35-44,India,Large,Meta Ads,Individual
C03468,2025-01-12,35-44,Australia,Small,Referral,Individual
C03469,2025-08-15,55+,Australia,Individual,Partner,Business
C03470,2025-06-14,35-44,India,Individual,Referral,Individual
C03471,2025-08-16,45-54,United States,Medium,Meta Ads,Individual
C03472,2025-08-24,45-54,India,Medium,Email,Individual
C03473,2025-02-06,18-24,United Kingdom,Individual,Partner,Individual
C03474,2025-10-13,55+,United Kingdom,Medium,Google Ads,Business
C03475,2025-05-14,18-24,United Kingdom,Small,Organic,Business
C03476,2025-10-09,18-24,Canada,Individual,Organic,Business
C03477,2026-04-21,45-54,United Kingdom,Individual,Email,Individual
C03478,2025-06-24,25-34,Canada,Medium,Email,Individual
C03479,2025-08-08,35-44,India,Individual,Partner,Individual
C03480,2025-07-27,35-44,India,Individual,Google Ads,Business
C03481,2026-04-22,45-54,Canada,Large,Google Ads,Individual
C03482,2025-02-27,18-24,Canada,Individual,Organic,Individual
C03483,2025-05-13,35-44,India,Individual,Google Ads,Business
C03484,2025-06-13,45-54,India,Individual,Organic,Business
C03485,2026-05-13,18-24,United States,Small,Partner,Business
C03486,2025-11-28,25-34,India,Small,Meta Ads,Individual
C03487,2025-11-17,25-34,Singapore,Small,Google Ads,Business
C03488,2026-04-23,25-34,United States,Medium,Referral,Business
C03489,2025-05-13,25-34,Singapore,Small,Organic,Business
C03490,2026-01-09,25-34,India,Individual,Google Ads,Business
C03491,2026-02-26,25-34,Australia,Individual,Google Ads,Individual
C03492,2025-12-14,45-54,Singapore,Individual,Partner,Individual
C03493,2025-06-02,18-24,United States,Small,Referral,Individual
C03494,2025-03-23,25-34,India,Small,Organic,Business
C03495,2025-05-03,25-34,India,Medium,Email,Business
C03496,2025-08-01,25-34,India,Individual,Google Ads,Individual
C03497,2025-07-25,35-44,Australia,Individual,Google Ads,Individual
C03498,2025-11-13,25-34,India,Small,Google Ads,Individual
C03499,2025-01-09,45-54,United States,Individual,Organic,Individual
C03500,2025-03-16,35-44,United States,Individual,Organic,Individual
C03501,2026-04-28,25-34,United States,Individual,Partner,Individual
C03502,2025-05-24,55+,United States,Individual,Organic,Individual
C03503,2025-07-17,25-34,India,Small,Partner,Individual
C03504,2025-01-25,45-54,United Kingdom,Large,Referral,Business
C03505,2026-01-16,25-34,Canada,Individual,Meta Ads,Individual
C03506,2025-01-24,18-24,India,Individual,Meta Ads,Individual
C03507,2025-08-16,25-34,India,Individual,Organic,Business
C03508,2025-01-25,18-24,United States,Medium,Google Ads,Business
C03509,2025-09-17,18-24,India,Individual,Google Ads,Business
C03510,2025-05-19,35-44,Singapore,Small,Meta Ads,Business
C03511,2025-11-19,35-44,United Kingdom,Individual,Meta Ads,Individual
C03512,2025-05-28,25-34,Canada,Small,Organic,Individual
C03513,2025-04-11,45-54,India,Small,Meta Ads,Business
C03514,2025-11-04,18-24,Singapore,Small,Google Ads,Individual
C03515,2025-12-28,45-54,United Kingdom,Individual,Email,Individual
C03516,2025-04-27,25-34,United States,Medium,Organic,Individual
C03517,2026-05-03,25-34,India,Individual,Google Ads,Individual
C03518,2025-06-23,25-34,India,Individual,Meta Ads,Individual
C03519,2025-01-19,25-34,Australia,Small,Meta Ads,Individual
C03520,2025-07-01,25-34,United States,Small,Organic,Individual
C03521,2025-08-29,45-54,Australia,Medium,Referral,Business
C03522,2025-02-14,18-24,United Kingdom,Medium,Google Ads,Business
C03523,2026-02-13,18-24,Canada,Individual,Partner,Business
C03524,2025-04-25,35-44,India,Large,Organic,Business
C03525,2025-07-22,25-34,India,Individual,Meta Ads,Individual
C03526,2025-02-17,35-44,India,Small,Partner,Business
C03527,2026-01-03,35-44,India,Individual,Partner,Business
C03528,2025-10-19,45-54,Canada,Small,Organic,Individual
C03529,2025-08-02,45-54,United Kingdom,Individual,Email,Individual
C03530,2025-04-20,35-44,Australia,Small,Organic,Business
C03531,2025-09-18,35-44,India,Medium,Organic,Individual
C03532,2025-07-02,25-34,United States,Individual,Meta Ads,Business
C03533,2026-01-10,35-44,India,Individual,Organic,Individual
C03534,2026-04-04,35-44,United Kingdom,Individual,Referral,Business
C03535,2026-02-18,45-54,India,Individual,Partner,Individual
C03536,2025-06-04,35-44,India,Medium,Referral,Individual
C03537,2025-07-29,18-24,Singapore,Small,Meta Ads,Individual
C03538,2025-02-27,45-54,Singapore,Small,Partner,Individual
C03539,2025-02-13,35-44,United Kingdom,Individual,Google Ads,Individual
C03540,2025-06-24,25-34,United States,Individual,Meta Ads,Business
C03541,2025-02-15,25-34,India,Individual,Referral,Individual
C03542,2025-10-05,18-24,United Kingdom,Individual,Partner,Business
C03543,2025-04-25,45-54,United States,Small,Organic,Business
C03544,2025-05-12,25-34,United States,Large,Referral,Individual
C03545,2025-06-11,45-54,Australia,Small,Google Ads,Individual
C03546,2026-05-07,45-54,United Kingdom,Individual,Partner,Business
C03547,2025-10-23,25-34,United States,Medium,Meta Ads,Business
C03548,2025-08-17,25-34,United States,Individual,Referral,Individual
C03549,2025-12-15,35-44,United Kingdom,Individual,Email,Individual
C03550,2025-11-30,25-34,India,Individual,Partner,Individual
C03551,2025-07-16,45-54,Canada,Medium,Organic,Individual
C03552,2025-10-16,25-34,Singapore,Large,Partner,Business
C03553,2025-10-26,18-24,United Kingdom,Small,Referral,Individual
C03554,2025-10-28,55+,India,Individual,Google Ads,Individual
C03555,2025-09-27,25-34,United States,Medium,Partner,Business
C03556,2025-11-28,55+,India,Large,Organic,Business
C03557,2025-08-11,25-34,India,Small,Organic,Business
C03558,2025-08-30,45-54,India,Individual,Meta Ads,Business
C03559,2026-01-19,18-24,United States,Individual,Organic,Individual
C03560,2025-08-02,35-44,United States,Medium,Partner,Business
C03561,2025-12-12,55+,India,Small,Meta Ads,Individual
C03562,2025-06-22,45-54,Singapore,Small,Organic,Individual
C03563,2025-11-29,35-44,Australia,Medium,Partner,Individual
C03564,2025-03-27,25-34,Canada,Medium,Organic,Individual
C03565,2026-05-09,25-34,India,Small,Google Ads,Individual
C03566,2025-08-08,35-44,India,Individual,Organic,Individual
C03567,2025-06-24,25-34,India,Individual,Meta Ads,Individual
C03568,2025-08-07,35-44,India,Individual,Meta Ads,Individual
C03569,2025-01-28,35-44,India,Small,Partner,Individual
C03570,2025-11-25,45-54,Australia,Individual,Partner,Business
C03571,2025-03-27,55+,Canada,Individual,Google Ads,Individual
C03572,2025-09-03,18-24,United Kingdom,Large,Google Ads,Individual
C03573,2025-02-14,35-44,Canada,Medium,Organic,Individual
C03574,2026-02-23,45-54,India,Small,Google Ads,Individual
C03575,2025-05-10,45-54,Singapore,Small,Email,Business
C03576,2026-01-19,45-54,United States,Medium,Referral,Business
C03577,2025-09-27,25-34,Canada,Individual,Referral,Individual
C03578,2026-04-13,25-34,United Kingdom,Individual,Partner,Business
C03579,2026-05-05,35-44,India,Small,Organic,Business
C03580,2025-11-10,18-24,India,Small,Organic,Individual
C03581,2025-01-29,45-54,India,Individual,Organic,Individual
C03582,2025-04-01,55+,United States,Small,Organic,Individual
C03583,2025-06-02,25-34,Singapore,Small,Google Ads,Individual
C03584,2025-03-02,25-34,India,Medium,Google Ads,Business
C03585,2026-04-29,35-44,Canada,Individual,Email,Individual
C03586,2025-07-05,25-34,India,Individual,Meta Ads,Business
C03587,2026-04-17,55+,India,Individual,Google Ads,Business
C03588,2026-04-15,45-54,India,Individual,Meta Ads,Individual
C03589,2025-08-21,45-54,India,Individual,Organic,Individual
C03590,2026-04-05,35-44,United States,Small,Email,Individual
C03591,2025-10-26,35-44,United States,Individual,Organic,Individual
C03592,2025-03-08,25-34,United States,Medium,Referral,Individual
C03593,2025-10-25,35-44,Australia,Large,Email,Business
C03594,2025-06-12,45-54,India,Small,Google Ads,Individual
C03595,2025-10-09,25-34,Singapore,Individual,Partner,Individual
C03596,2026-01-06,55+,Singapore,Medium,Partner,Individual
C03597,2026-05-14,18-24,United Kingdom,Small,Google Ads,Individual
C03598,2025-04-29,25-34,India,Small,Meta Ads,Individual
C03599,2025-07-20,18-24,India,Individual,Referral,Business
C03600,2025-02-18,45-54,India,Individual,Email,Individual
C03601,2025-03-28,25-34,United States,Individual,Meta Ads,Individual
C03602,2025-06-04,35-44,Australia,Large,Meta Ads,Business
C03603,2025-10-19,35-44,India,Individual,Meta Ads,Individual
C03604,2025-11-03,25-34,India,Medium,Referral,Individual
C03605,2025-03-31,25-34,Canada,Small,Organic,Individual
C03606,2026-02-26,35-44,Canada,Medium,Google Ads,Business
C03607,2026-02-05,25-34,United Kingdom,Individual,Meta Ads,Individual
C03608,2025-05-20,25-34,United States,Small,Partner,Business
C03609,2025-08-26,55+,India,Small,Referral,Business
C03610,2025-09-06,18-24,India,Small,Partner,Business
C03611,2025-09-04,45-54,India,Medium,Organic,Business
C03612,2026-01-18,35-44,United States,Small,Referral,Business
C03613,2025-08-01,25-34,Singapore,Individual,Google Ads,Individual
C03614,2025-06-13,25-34,India,Medium,Meta Ads,Business
C03615,2025-04-18,45-54,India,Medium,Partner,Individual
C03616,2025-02-23,55+,United States,Small,Organic,Individual
C03617,2026-03-19,18-24,India,Individual,Email,Individual
C03618,2026-03-08,55+,India,Medium,Referral,Individual
C03619,2026-01-02,25-34,India,Individual,Partner,Individual
C03620,2025-03-19,25-34,United States,Individual,Organic,Business
C03621,2025-12-30,18-24,India,Small,Organic,Individual
C03622,2025-10-19,25-34,India,Small,Partner,Individual
C03623,2025-08-21,25-34,Singapore,Individual,Google Ads,Business
C03624,2025-05-22,25-34,United States,Small,Referral,Business
C03625,2025-03-15,35-44,India,Medium,Partner,Business
C03626,2025-06-22,25-34,United States,Small,Google Ads,Individual
C03627,2025-03-18,25-34,India,Small,Meta Ads,Business
C03628,2025-08-17,35-44,India,Medium,Organic,Business
C03629,2025-12-25,25-34,India,Individual,Email,Individual
C03630,2025-12-08,25-34,India,Small,Email,Business
C03631,2026-02-26,35-44,Canada,Individual,Organic,Individual
C03632,2025-05-15,45-54,India,Individual,Meta Ads,Business
C03633,2026-02-15,55+,India,Individual,Email,Business
C03634,2026-05-09,25-34,India,Individual,Organic,Business
C03635,2025-04-25,45-54,United States,Individual,Google Ads,Business
C03636,2026-04-13,35-44,United Kingdom,Small,Referral,Individual
C03637,2025-01-30,35-44,India,Large,Google Ads,Individual
C03638,2025-01-26,45-54,India,Large,Partner,Individual
C03639,2025-10-31,25-34,Canada,Individual,Referral,Business
C03640,2026-05-07,25-34,India,Medium,Organic,Business
C03641,2026-03-09,25-34,United States,Small,Email,Individual
C03642,2025-11-24,35-44,United States,Small,Organic,Individual
C03643,2025-11-25,25-34,United Kingdom,Small,Organic,Business
C03644,2025-06-26,55+,Canada,Small,Organic,Individual
C03645,2025-01-08,25-34,India,Small,Google Ads,Individual
C03646,2025-05-05,45-54,India,Small,Partner,Business
C03647,2025-01-07,25-34,Canada,Individual,Organic,Business
C03648,2025-09-21,18-24,United Kingdom,Individual,Meta Ads,Business
C03649,2025-03-15,25-34,India,Individual,Google Ads,Business
C03650,2025-10-07,35-44,Canada,Individual,Organic,Individual
C03651,2025-07-25,25-34,United Kingdom,Small,Partner,Business
C03652,2025-11-28,35-44,India,Large,Partner,Individual
C03653,2025-12-09,25-34,United Kingdom,Small,Meta Ads,Business
C03654,2025-07-31,35-44,United Kingdom,Small,Organic,Business
C03655,2025-03-11,18-24,United States,Individual,Organic,Individual
C03656,2026-02-24,45-54,India,Large,Organic,Individual
C03657,2026-05-12,35-44,India,Medium,Organic,Individual
C03658,2025-01-06,25-34,India,Medium,Organic,Business
C03659,2025-06-04,25-34,India,Large,Email,Individual
C03660,2025-08-08,55+,India,Individual,Organic,Individual
C03661,2026-01-19,25-34,India,Individual,Referral,Business
C03662,2026-02-07,45-54,Australia,Medium,Organic,Individual
C03663,2026-03-02,35-44,India,Individual,Google Ads,Individual
C03664,2025-10-23,35-44,India,Medium,Referral,Business
C03665,2025-01-21,35-44,United Kingdom,Individual,Referral,Individual
C03666,2025-11-12,35-44,United States,Small,Meta Ads,Business
C03667,2025-03-16,45-54,India,Small,Referral,Business
C03668,2026-01-29,25-34,India,Small,Google Ads,Individual
C03669,2026-02-16,55+,United Kingdom,Medium,Organic,Business
C03670,2026-01-06,35-44,India,Individual,Meta Ads,Individual
C03671,2026-04-08,18-24,United Kingdom,Large,Organic,Individual
C03672,2025-02-16,35-44,United States,Large,Referral,Business
C03673,2025-06-02,35-44,Canada,Individual,Meta Ads,Individual
C03674,2026-02-26,25-34,United States,Individual,Google Ads,Individual
C03675,2025-10-20,25-34,India,Individual,Organic,Business
C03676,2026-04-22,25-34,India,Small,Email,Business
C03677,2025-09-26,25-34,Singapore,Individual,Meta Ads,Business
C03678,2025-01-16,25-34,India,Individual,Partner,Business
C03679,2026-04-28,35-44,United States,Small,Organic,Individual
C03680,2025-01-22,25-34,Singapore,Small,Meta Ads,Individual
C03681,2025-09-05,18-24,Canada,Individual,Email,Business
C03682,2026-02-20,55+,United States,Individual,Referral,Business
C03683,2025-11-09,25-34,United States,Individual,Meta Ads,Individual
C03684,2026-04-30,25-34,United Kingdom,Small,Organic,Business
C03685,2025-11-19,45-54,India,Small,Partner,Individual
C03686,2026-01-12,25-34,United States,Medium,Meta Ads,Individual
C03687,2025-02-12,35-44,India,Individual,Referral,Individual
C03688,2025-11-08,35-44,Singapore,Large,Referral,Individual
C03689,2026-04-24,25-34,India,Individual,Partner,Business
C03690,2026-02-21,18-24,United States,Individual,Referral,Business
C03691,2025-09-09,25-34,Canada,Small,Partner,Individual
C03692,2026-03-05,45-54,Singapore,Small,Organic,Individual
C03693,2025-10-20,25-34,Australia,Large,Email,Business
C03694,2026-02-11,18-24,United States,Individual,Organic,Individual
C03695,2025-08-10,35-44,India,Individual,Organic,Individual
C03696,2026-02-15,25-34,United States,Small,Organic,Business
C03697,2025-01-06,25-34,India,Individual,Organic,Business
C03698,2025-09-21,55+,India,Individual,Organic,Business
C03699,2025-03-19,45-54,India,Individual,Referral,Individual
C03700,2026-01-27,25-34,India,Individual,Referral,Individual
C03701,2025-02-03,25-34,India,Small,Referral,Individual
C03702,2025-07-19,25-34,India,Large,Google Ads,Business
C03703,2025-09-26,35-44,Australia,Small,Meta Ads,Business
C03704,2026-04-17,45-54,India,Individual,Partner,Individual
C03705,2026-03-07,25-34,Australia,Small,Google Ads,Individual
C03706,2025-06-13,45-54,India,Large,Meta Ads,Individual
C03707,2025-05-02,35-44,Canada,Small,Referral,Individual
C03708,2026-02-05,25-34,India,Individual,Google Ads,Individual
C03709,2026-02-24,45-54,India,Individual,Email,Individual
C03710,2026-04-01,35-44,Canada,Individual,Referral,Individual
C03711,2025-03-28,45-54,Australia,Small,Email,Individual
C03712,2026-01-20,45-54,India,Individual,Organic,Business
C03713,2025-10-15,55+,United Kingdom,Individual,Google Ads,Individual
C03714,2025-09-17,18-24,United Kingdom,Individual,Meta Ads,Business
C03715,2026-04-25,35-44,India,Small,Partner,Business
C03716,2025-10-14,25-34,India,Small,Organic,Business
C03717,2025-07-14,18-24,India,Medium,Google Ads,Business
C03718,2025-09-18,35-44,Australia,Individual,Email,Individual
C03719,2025-12-26,35-44,India,Individual,Organic,Business
C03720,2025-10-16,35-44,India,Individual,Email,Business
C03721,2025-09-28,25-34,India,Individual,Partner,Business
C03722,2026-05-15,35-44,India,Small,Organic,Individual
C03723,2025-11-29,25-34,United States,Medium,Organic,Business
C03724,2025-10-15,35-44,India,Small,Google Ads,Individual
C03725,2025-05-29,35-44,India,Individual,Referral,Business
C03726,2026-01-21,25-34,India,Medium,Partner,Individual
C03727,2025-07-23,35-44,India,Large,Organic,Individual
C03728,2025-04-17,55+,India,Medium,Partner,Business
C03729,2025-04-15,35-44,India,Large,Partner,Individual
C03730,2026-04-30,35-44,United Kingdom,Small,Organic,Individual
C03731,2025-07-08,25-34,India,Individual,Google Ads,Individual
C03732,2025-07-06,35-44,United Kingdom,Individual,Google Ads,Business
C03733,2026-01-08,35-44,United States,Individual,Meta Ads,Business
C03734,2026-03-20,25-34,India,Individual,Organic,Business
C03735,2025-06-25,18-24,India,Individual,Referral,Individual
C03736,2025-12-06,25-34,Canada,Individual,Meta Ads,Business
C03737,2026-05-12,18-24,India,Individual,Organic,Business
C03738,2025-01-30,18-24,United States,Small,Email,Individual
C03739,2025-03-25,25-34,India,Small,Partner,Individual
C03740,2026-01-22,35-44,United Kingdom,Large,Partner,Business
C03741,2025-07-20,18-24,India,Individual,Google Ads,Individual
C03742,2025-01-10,25-34,Canada,Large,Meta Ads,Individual
C03743,2026-01-08,18-24,Australia,Medium,Referral,Business
C03744,2026-02-08,35-44,India,Individual,Google Ads,Individual
C03745,2025-07-15,35-44,India,Small,Meta Ads,Individual
C03746,2025-09-18,45-54,Australia,Large,Partner,Individual
C03747,2025-07-20,35-44,India,Individual,Organic,Individual
C03748,2026-02-22,45-54,Australia,Individual,Partner,Business
C03749,2025-09-13,45-54,India,Small,Meta Ads,Individual
C03750,2025-10-28,25-34,Australia,Individual,Organic,Business
C03751,2025-03-07,55+,India,Individual,Organic,Individual
C03752,2025-12-18,35-44,India,Individual,Organic,Individual
C03753,2026-03-17,55+,United States,Medium,Google Ads,Business
C03754,2025-05-20,25-34,United States,Small,Organic,Business
C03755,2025-05-31,35-44,United Kingdom,Individual,Organic,Individual
C03756,2026-03-28,45-54,Canada,Individual,Referral,Individual
C03757,2026-03-22,35-44,India,Medium,Email,Business
C03758,2026-04-22,35-44,India,Medium,Referral,Business
C03759,2025-03-02,55+,United States,Small,Organic,Individual
C03760,2025-03-17,25-34,United Kingdom,Individual,Organic,Individual
C03761,2025-06-14,35-44,United States,Individual,Meta Ads,Business
C03762,2025-07-13,55+,Australia,Medium,Referral,Business
C03763,2025-04-15,25-34,United States,Large,Referral,Business
C03764,2025-12-20,35-44,United States,Individual,Referral,Business
C03765,2025-07-26,45-54,Singapore,Small,Google Ads,Individual
C03766,2025-04-10,35-44,India,Individual,Organic,Individual
C03767,2026-01-01,45-54,India,Small,Partner,Individual
C03768,2025-06-28,18-24,Singapore,Individual,Partner,Business
C03769,2025-07-03,45-54,India,Individual,Email,Business
C03770,2025-05-29,25-34,India,Individual,Referral,Business
C03771,2025-01-19,25-34,United States,Medium,Organic,Individual
C03772,2025-06-06,35-44,United States,Medium,Partner,Individual
C03773,2025-11-09,25-34,India,Large,Google Ads,Individual
C03774,2025-01-25,25-34,Canada,Small,Organic,Individual
C03775,2026-04-19,18-24,Canada,Large,Partner,Business
C03776,2025-09-09,25-34,Singapore,Individual,Email,Individual
C03777,2025-12-31,55+,India,Individual,Google Ads,Individual
C03778,2026-04-06,25-34,India,Individual,Referral,Individual
C03779,2026-05-07,18-24,India,Individual,Partner,Business
C03780,2025-08-22,35-44,United States,Individual,Meta Ads,Business
C03781,2025-11-30,45-54,India,Individual,Referral,Individual
C03782,2025-01-21,35-44,India,Individual,Google Ads,Business
C03783,2026-01-06,55+,India,Small,Organic,Individual
C03784,2026-04-11,35-44,India,Small,Google Ads,Individual
C03785,2026-02-16,18-24,United States,Individual,Referral,Business
C03786,2025-06-22,25-34,United States,Small,Meta Ads,Individual
C03787,2025-12-22,35-44,Australia,Individual,Google Ads,Individual
C03788,2025-08-23,25-34,India,Large,Organic,Business
C03789,2025-11-04,18-24,India,Individual,Email,Individual
C03790,2025-01-14,35-44,India,Individual,Meta Ads,Individual
C03791,2025-01-26,25-34,India,Large,Organic,Business
C03792,2025-11-28,25-34,United States,Small,Organic,Individual
C03793,2026-04-25,25-34,United Kingdom,Individual,Organic,Individual
C03794,2025-02-05,25-34,United States,Individual,Google Ads,Individual
C03795,2025-06-25,35-44,India,Medium,Meta Ads,Business
C03796,2025-03-08,35-44,United States,Small,Organic,Individual
C03797,2026-01-04,35-44,India,Small,Email,Business
C03798,2025-10-10,25-34,United States,Individual,Referral,Individual
C03799,2025-05-10,25-34,United States,Individual,Referral,Individual
C03800,2025-08-30,45-54,India,Individual,Partner,Business
C03801,2025-10-26,18-24,Canada,Small,Organic,Business
C03802,2026-01-18,35-44,United States,Large,Referral,Individual
C03803,2025-06-04,45-54,United States,Medium,Organic,Individual
C03804,2025-07-21,35-44,India,Individual,Referral,Individual
C03805,2025-05-26,35-44,Singapore,Individual,Referral,Individual
C03806,2026-02-20,35-44,India,Individual,Referral,Business
C03807,2025-07-13,25-34,United Kingdom,Individual,Referral,Individual
C03808,2026-02-06,25-34,Australia,Individual,Meta Ads,Business
C03809,2025-04-23,25-34,India,Small,Referral,Individual
C03810,2025-09-24,18-24,India,Medium,Referral,Individual
C03811,2025-10-10,25-34,Canada,Small,Google Ads,Business
C03812,2025-09-12,35-44,India,Individual,Google Ads,Individual
C03813,2025-03-19,35-44,Canada,Small,Partner,Individual
C03814,2025-11-27,45-54,United States,Individual,Email,Individual
C03815,2025-06-03,25-34,India,Individual,Organic,Individual
C03816,2025-04-20,45-54,India,Small,Organic,Business
C03817,2025-07-20,25-34,India,Individual,Meta Ads,Business
C03818,2025-05-17,18-24,India,Individual,Google Ads,Individual
C03819,2025-12-28,35-44,India,Medium,Google Ads,Individual
C03820,2026-01-11,45-54,India,Small,Organic,Business
C03821,2025-08-14,55+,India,Small,Organic,Individual
C03822,2025-04-14,25-34,United States,Individual,Google Ads,Individual
C03823,2025-09-20,25-34,Australia,Small,Organic,Individual
C03824,2025-02-10,35-44,Canada,Individual,Google Ads,Business
C03825,2025-05-28,18-24,United States,Large,Meta Ads,Individual
C03826,2025-07-24,35-44,India,Individual,Referral,Individual
C03827,2025-03-07,35-44,Singapore,Small,Google Ads,Individual
C03828,2025-11-05,18-24,Canada,Small,Organic,Business
C03829,2026-01-07,35-44,India,Individual,Email,Individual
C03830,2025-06-06,25-34,India,Medium,Google Ads,Business
C03831,2025-09-16,45-54,United States,Medium,Meta Ads,Business
C03832,2025-02-11,25-34,Canada,Individual,Organic,Individual
C03833,2026-05-10,45-54,United States,Individual,Partner,Individual
C03834,2025-11-26,55+,India,Medium,Meta Ads,Individual
C03835,2026-04-17,25-34,India,Individual,Google Ads,Individual
C03836,2026-03-10,25-34,United Kingdom,Small,Referral,Business
C03837,2026-03-06,35-44,India,Individual,Partner,Individual
C03838,2025-10-18,35-44,India,Small,Organic,Individual
C03839,2026-04-07,25-34,India,Small,Referral,Business
C03840,2025-02-06,45-54,India,Medium,Meta Ads,Individual
C03841,2025-12-09,35-44,Australia,Individual,Partner,Individual
C03842,2025-08-28,25-34,Australia,Individual,Organic,Business
C03843,2026-03-25,35-44,United States,Individual,Meta Ads,Individual
C03844,2025-04-20,25-34,United States,Individual,Organic,Business
C03845,2025-04-29,45-54,United States,Individual,Email,Business
C03846,2025-11-25,18-24,India,Small,Meta Ads,Individual
C03847,2025-02-28,25-34,India,Medium,Email,Individual
C03848,2025-04-04,35-44,India,Small,Organic,Individual
C03849,2025-08-12,25-34,United States,Small,Meta Ads,Business
C03850,2026-03-23,35-44,United States,Individual,Google Ads,Individual
C03851,2026-04-22,25-34,United States,Large,Partner,Individual
C03852,2025-07-19,35-44,India,Large,Google Ads,Individual
C03853,2026-04-29,25-34,Canada,Individual,Referral,Individual
C03854,2025-02-18,45-54,India,Medium,Organic,Individual
C03855,2025-11-15,35-44,India,Medium,Partner,Individual
C03856,2025-10-03,45-54,India,Individual,Organic,Individual
C03857,2025-04-02,35-44,India,Individual,Email,Individual
C03858,2025-01-17,45-54,India,Small,Organic,Business
C03859,2025-11-11,25-34,India,Medium,Referral,Business
C03860,2025-11-20,35-44,Canada,Medium,Organic,Business
C03861,2026-05-05,25-34,United States,Individual,Google Ads,Individual
C03862,2025-01-13,25-34,India,Individual,Google Ads,Individual
C03863,2026-02-11,35-44,United Kingdom,Medium,Meta Ads,Business
C03864,2025-04-18,25-34,India,Large,Partner,Business
C03865,2026-05-11,35-44,United States,Individual,Meta Ads,Business
C03866,2025-10-14,25-34,United States,Small,Email,Individual
C03867,2025-10-05,55+,Singapore,Medium,Google Ads,Individual
C03868,2026-04-25,35-44,United Kingdom,Individual,Email,Individual
C03869,2026-01-15,25-34,India,Small,Partner,Individual
C03870,2025-10-20,35-44,Singapore,Individual,Meta Ads,Individual
C03871,2025-01-29,25-34,India,Small,Meta Ads,Individual
C03872,2026-01-19,35-44,India,Medium,Partner,Business
C03873,2025-01-04,25-34,India,Individual,Referral,Individual
C03874,2025-05-07,45-54,United States,Medium,Google Ads,Business
C03875,2026-03-31,55+,India,Individual,Partner,Individual
C03876,2025-02-28,35-44,Canada,Individual,Email,Individual
C03877,2026-01-26,25-34,Australia,Small,Referral,Individual
C03878,2025-02-07,35-44,India,Large,Referral,Individual
C03879,2025-10-21,35-44,United States,Individual,Google Ads,Individual
C03880,2025-12-03,35-44,India,Individual,Google Ads,Individual
C03881,2025-11-27,25-34,United States,Individual,Referral,Individual
C03882,2025-09-28,35-44,United Kingdom,Small,Referral,Business
C03883,2025-11-20,35-44,India,Individual,Referral,Individual
C03884,2025-12-09,45-54,United States,Small,Google Ads,Business
C03885,2026-04-28,25-34,United States,Medium,Organic,Individual
C03886,2025-02-11,35-44,India,Individual,Referral,Individual
C03887,2025-04-24,35-44,United States,Individual,Referral,Individual
C03888,2025-05-10,35-44,India,Medium,Organic,Individual
C03889,2026-02-12,25-34,India,Individual,Referral,Individual
C03890,2026-05-16,45-54,India,Individual,Email,Individual
C03891,2025-12-31,35-44,India,Small,Partner,Business
C03892,2026-04-03,25-34,Canada,Small,Meta Ads,Individual
C03893,2026-03-06,55+,United Kingdom,Small,Organic,Business
C03894,2026-05-11,18-24,United States,Individual,Meta Ads,Business
C03895,2025-08-04,45-54,India,Small,Organic,Business
C03896,2025-10-31,55+,India,Individual,Referral,Individual
C03897,2025-07-03,45-54,India,Small,Referral,Business
C03898,2026-02-15,18-24,United States,Medium,Email,Individual
C03899,2025-07-25,25-34,United Kingdom,Large,Partner,Individual
C03900,2025-09-25,25-34,Canada,Small,Organic,Individual
C03901,2025-06-21,18-24,United States,Small,Organic,Business
C03902,2026-03-04,35-44,India,Small,Email,Individual
C03903,2025-05-26,18-24,United States,Small,Referral,Individual
C03904,2025-05-22,18-24,United Kingdom,Large,Meta Ads,Individual
C03905,2025-12-07,55+,India,Small,Organic,Business
C03906,2025-07-28,35-44,Australia,Individual,Organic,Individual
C03907,2025-08-05,18-24,Australia,Individual,Organic,Business
C03908,2025-01-02,18-24,United Kingdom,Large,Organic,Business
C03909,2026-01-27,25-34,United Kingdom,Medium,Partner,Individual
C03910,2025-04-04,25-34,India,Individual,Referral,Individual
C03911,2026-01-03,45-54,India,Individual,Organic,Individual
C03912,2026-02-03,25-34,United States,Small,Referral,Individual
C03913,2025-12-21,45-54,United States,Individual,Email,Individual
C03914,2025-05-30,18-24,India,Small,Meta Ads,Individual
C03915,2025-11-16,25-34,India,Individual,Partner,Individual
C03916,2025-10-06,25-34,India,Small,Referral,Business
C03917,2025-01-05,25-34,Singapore,Medium,Referral,Individual
C03918,2026-02-22,35-44,Australia,Small,Referral,Business
C03919,2025-09-23,45-54,United Kingdom,Large,Organic,Business
C03920,2025-07-09,35-44,India,Medium,Google Ads,Individual
C03921,2025-09-17,55+,United Kingdom,Individual,Partner,Business
C03922,2026-01-07,35-44,United States,Individual,Partner,Individual
C03923,2026-04-06,18-24,India,Individual,Partner,Individual
C03924,2025-05-28,25-34,Singapore,Individual,Meta Ads,Individual
C03925,2026-03-10,25-34,United States,Medium,Organic,Business
C03926,2025-02-06,45-54,India,Medium,Google Ads,Individual
C03927,2025-05-07,25-34,India,Small,Organic,Business
C03928,2025-07-09,45-54,Canada,Small,Referral,Individual
C03929,2025-05-23,25-34,India,Small,Meta Ads,Business
C03930,2025-03-22,55+,India,Individual,Partner,Business
C03931,2025-08-26,25-34,United States,Individual,Organic,Business
C03932,2026-02-06,35-44,United States,Individual,Email,Individual
C03933,2025-01-03,25-34,Singapore,Small,Organic,Individual
C03934,2025-04-28,25-34,India,Individual,Google Ads,Individual
C03935,2026-04-25,25-34,India,Individual,Organic,Business
C03936,2025-02-10,25-34,Australia,Small,Email,Individual
C03937,2026-01-03,35-44,United States,Medium,Email,Individual
C03938,2025-12-12,35-44,Australia,Medium,Organic,Business
C03939,2025-01-19,25-34,Canada,Medium,Referral,Business
C03940,2026-01-20,25-34,India,Small,Partner,Business
C03941,2025-08-30,45-54,India,Medium,Referral,Business
C03942,2025-09-11,45-54,United States,Small,Organic,Individual
C03943,2025-10-20,18-24,India,Medium,Referral,Individual
C03944,2025-01-26,35-44,United Kingdom,Individual,Organic,Business
C03945,2026-03-01,25-34,United Kingdom,Small,Meta Ads,Individual
C03946,2026-02-07,35-44,United States,Small,Email,Business
C03947,2025-12-24,18-24,United States,Large,Email,Business
C03948,2025-04-23,25-34,United Kingdom,Medium,Google Ads,Individual
C03949,2026-02-05,18-24,Singapore,Small,Partner,Business
C03950,2025-07-06,18-24,United Kingdom,Small,Organic,Individual
C03951,2026-01-05,18-24,India,Medium,Referral,Individual
C03952,2026-02-08,25-34,United States,Medium,Referral,Business
C03953,2025-11-03,55+,India,Large,Partner,Individual
C03954,2026-04-11,35-44,India,Individual,Partner,Individual
C03955,2026-04-19,45-54,India,Individual,Meta Ads,Individual
C03956,2025-07-07,35-44,United Kingdom,Small,Referral,Business
C03957,2026-01-11,25-34,Canada,Medium,Partner,Individual
C03958,2026-03-03,35-44,Australia,Individual,Google Ads,Individual
C03959,2025-03-03,25-34,Singapore,Large,Referral,Individual
C03960,2025-12-01,25-34,India,Small,Organic,Individual
C03961,2025-10-03,55+,United Kingdom,Small,Organic,Individual
C03962,2025-10-28,45-54,United Kingdom,Small,Google Ads,Business
C03963,2026-02-23,35-44,India,Medium,Organic,Individual
C03964,2026-02-15,18-24,United Kingdom,Large,Organic,Individual
C03965,2025-10-19,35-44,United Kingdom,Large,Partner,Individual
C03966,2026-02-02,25-34,United Kingdom,Individual,Organic,Business
C03967,2025-05-21,25-34,United States,Small,Referral,Individual
C03968,2026-04-14,45-54,India,Medium,Partner,Business
C03969,2025-01-10,35-44,United States,Medium,Organic,Business
C03970,2026-04-02,25-34,India,Individual,Meta Ads,Individual
C03971,2025-05-13,55+,United States,Individual,Partner,Individual
C03972,2026-04-18,35-44,United States,Small,Meta Ads,Business
C03973,2025-12-03,25-34,United States,Individual,Referral,Individual
C03974,2025-04-12,18-24,India,Small,Google Ads,Business
C03975,2026-03-02,55+,India,Large,Referral,Individual
C03976,2026-05-14,25-34,Canada,Individual,Google Ads,Individual
C03977,2025-03-25,18-24,Singapore,Individual,Referral,Business
C03978,2026-01-05,35-44,Singapore,Small,Referral,Individual
C03979,2025-02-09,18-24,India,Large,Google Ads,Individual
C03980,2025-04-01,25-34,India,Medium,Google Ads,Individual
C03981,2025-01-02,18-24,United Kingdom,Individual,Partner,Business
C03982,2025-07-30,35-44,India,Large,Google Ads,Individual
C03983,2025-08-31,25-34,India,Small,Meta Ads,Individual
C03984,2025-01-20,55+,India,Individual,Organic,Business
C03985,2025-11-02,25-34,Canada,Small,Organic,Individual
C03986,2026-02-10,35-44,India,Small,Referral,Business
C03987,2026-05-12,25-34,Australia,Individual,Meta Ads,Business
C03988,2026-01-16,55+,India,Small,Meta Ads,Individual
C03989,2025-03-12,35-44,India,Large,Google Ads,Business
C03990,2025-01-21,25-34,Australia,Small,Organic,Individual
C03991,2025-06-06,35-44,India,Small,Google Ads,Individual
C03992,2026-03-07,35-44,India,Individual,Google Ads,Business
C03993,2026-01-09,35-44,Canada,Small,Referral,Business
C03994,2025-11-05,45-54,United Kingdom,Small,Organic,Individual
C03995,2025-11-18,45-54,Canada,Individual,Google Ads,Business
C03996,2025-01-03,35-44,India,Small,Organic,Business
C03997,2025-03-07,25-34,United Kingdom,Medium,Partner,Business
C03998,2025-09-16,35-44,India,Medium,Organic,Business
C03999,2025-12-11,25-34,Canada,Small,Google Ads,Business
C04000,2025-09-25,35-44,India,Medium,Referral,Business
C04001,2025-03-23,55+,India,Individual,Google Ads,Individual
C04002,2025-01-02,55+,India,Small,Partner,Business
C04003,2025-04-26,35-44,Australia,Medium,Referral,Individual
C04004,2025-06-10,25-34,India,Small,Organic,Business
C04005,2025-03-05,18-24,Singapore,Medium,Organic,Individual
C04006,2026-02-06,35-44,United Kingdom,Small,Meta Ads,Individual
C04007,2026-03-10,25-34,Canada,Small,Referral,Business
C04008,2026-03-18,18-24,Australia,Small,Meta Ads,Business
C04009,2025-05-27,35-44,India,Individual,Organic,Business
C04010,2026-01-25,25-34,United States,Medium,Meta Ads,Business
C04011,2026-05-06,45-54,India,Individual,Referral,Individual
C04012,2025-04-17,18-24,United States,Medium,Partner,Individual
C04013,2025-03-25,25-34,United States,Small,Partner,Business
C04014,2025-05-05,35-44,India,Individual,Google Ads,Business
C04015,2026-04-19,25-34,United States,Individual,Partner,Business
C04016,2025-10-09,18-24,India,Individual,Email,Business
C04017,2025-08-18,35-44,India,Large,Organic,Individual
C04018,2025-05-04,25-34,India,Large,Meta Ads,Individual
C04019,2025-08-25,25-34,United States,Individual,Google Ads,Individual
C04020,2026-05-15,35-44,United Kingdom,Individual,Partner,Business
C04021,2025-04-04,25-34,United Kingdom,Individual,Referral,Individual
C04022,2025-01-07,25-34,Canada,Medium,Meta Ads,Individual
C04023,2025-05-15,45-54,India,Medium,Referral,Individual
C04024,2026-04-21,35-44,Singapore,Individual,Partner,Business
C04025,2025-05-02,55+,India,Individual,Google Ads,Business
C04026,2026-02-16,35-44,India,Individual,Referral,Individual
C04027,2025-12-09,55+,India,Individual,Referral,Business
C04028,2025-06-23,25-34,Canada,Small,Partner,Individual
C04029,2025-01-11,55+,India,Medium,Organic,Business
C04030,2026-03-17,25-34,India,Individual,Organic,Individual
C04031,2025-06-28,25-34,India,Individual,Referral,Business
C04032,2026-03-16,25-34,India,Medium,Organic,Individual
C04033,2026-03-24,25-34,Singapore,Individual,Referral,Individual
C04034,2026-04-07,25-34,Australia,Individual,Organic,Individual
C04035,2025-06-19,25-34,United States,Medium,Meta Ads,Individual
C04036,2026-02-07,55+,Canada,Small,Referral,Business
C04037,2026-02-25,35-44,India,Individual,Meta Ads,Individual
C04038,2025-03-09,18-24,India,Small,Organic,Individual
C04039,2026-02-19,25-34,India,Small,Referral,Individual
C04040,2026-02-27,18-24,India,Medium,Meta Ads,Individual
C04041,2025-09-06,55+,United States,Individual,Meta Ads,Individual
C04042,2025-07-02,45-54,Singapore,Large,Partner,Individual
C04043,2025-01-24,25-34,United Kingdom,Medium,Google Ads,Individual
C04044,2025-10-03,25-34,India,Small,Referral,Individual
C04045,2025-11-02,35-44,India,Individual,Organic,Business
C04046,2025-07-02,25-34,India,Individual,Organic,Individual
C04047,2025-11-14,45-54,India,Small,Referral,Individual
C04048,2025-10-28,25-34,India,Medium,Organic,Individual
C04049,2025-07-31,35-44,United States,Individual,Referral,Business
C04050,2025-05-14,45-54,Singapore,Small,Meta Ads,Individual
C04051,2026-03-13,25-34,India,Medium,Organic,Individual
C04052,2025-07-23,45-54,United States,Large,Organic,Business
C04053,2025-12-18,35-44,India,Large,Organic,Individual
C04054,2025-04-12,25-34,Australia,Small,Partner,Business
C04055,2025-02-16,55+,United States,Individual,Email,Business
C04056,2025-08-01,35-44,Australia,Individual,Organic,Individual
C04057,2025-01-25,35-44,United States,Small,Referral,Business
C04058,2025-07-16,25-34,United States,Small,Referral,Business
C04059,2025-04-04,35-44,India,Individual,Organic,Individual
C04060,2025-02-17,35-44,India,Large,Referral,Business
C04061,2025-06-27,35-44,India,Individual,Referral,Business
C04062,2025-12-20,35-44,India,Medium,Organic,Individual
C04063,2026-02-19,35-44,India,Large,Meta Ads,Individual
C04064,2025-10-01,25-34,India,Small,Referral,Business
C04065,2025-06-29,35-44,United States,Individual,Meta Ads,Individual
C04066,2025-02-24,35-44,Australia,Small,Organic,Individual
C04067,2025-03-26,45-54,Singapore,Individual,Google Ads,Individual
C04068,2025-06-22,55+,India,Individual,Referral,Individual
C04069,2025-04-27,25-34,India,Medium,Meta Ads,Business
C04070,2025-09-19,25-34,India,Individual,Google Ads,Business
C04071,2025-07-30,35-44,India,Small,Referral,Individual
C04072,2025-05-06,55+,Canada,Individual,Partner,Business
C04073,2026-01-14,35-44,United States,Individual,Partner,Business
C04074,2026-01-07,45-54,India,Individual,Organic,Individual
C04075,2026-04-01,25-34,United Kingdom,Individual,Meta Ads,Individual
C04076,2025-03-16,35-44,Australia,Small,Referral,Individual
C04077,2026-03-03,18-24,Singapore,Individual,Referral,Individual
C04078,2025-11-30,45-54,India,Large,Partner,Individual
C04079,2025-02-18,45-54,India,Individual,Meta Ads,Business
C04080,2025-07-10,45-54,Singapore,Individual,Google Ads,Individual
C04081,2026-01-03,18-24,India,Large,Meta Ads,Individual
C04082,2025-02-07,45-54,India,Small,Google Ads,Business
C04083,2025-10-05,45-54,Australia,Individual,Organic,Individual
C04084,2025-05-23,35-44,United States,Small,Organic,Business
C04085,2025-03-28,35-44,Singapore,Medium,Organic,Individual
C04086,2026-02-03,25-34,India,Individual,Google Ads,Business
C04087,2026-05-04,25-34,India,Individual,Organic,Business
C04088,2025-08-15,25-34,Canada,Individual,Partner,Individual
C04089,2026-03-08,35-44,India,Individual,Referral,Individual
C04090,2025-02-27,35-44,United States,Small,Partner,Individual
C04091,2025-08-03,35-44,United Kingdom,Individual,Referral,Individual
C04092,2025-01-24,45-54,United States,Large,Organic,Business
C04093,2026-05-16,25-34,United Kingdom,Small,Partner,Business
C04094,2025-09-29,55+,India,Medium,Meta Ads,Individual
C04095,2025-07-14,18-24,India,Medium,Google Ads,Business
C04096,2025-08-26,55+,India,Small,Email,Individual
C04097,2025-08-04,45-54,United Kingdom,Individual,Meta Ads,Individual
C04098,2025-02-24,55+,India,Individual,Referral,Individual
C04099,2026-01-13,55+,India,Small,Referral,Business
C04100,2026-02-20,45-54,India,Individual,Partner,Business
C04101,2025-05-28,25-34,India,Individual,Organic,Individual
C04102,2025-11-11,55+,United Kingdom,Individual,Organic,Business
C04103,2025-01-22,25-34,United States,Small,Meta Ads,Business
C04104,2025-08-08,35-44,India,Medium,Referral,Individual
C04105,2025-06-19,45-54,United Kingdom,Individual,Organic,Business
C04106,2025-08-06,25-34,India,Small,Google Ads,Individual
C04107,2025-03-12,35-44,India,Individual,Email,Business
C04108,2025-10-01,45-54,United Kingdom,Large,Partner,Business
C04109,2025-09-16,35-44,Australia,Individual,Organic,Business
C04110,2025-11-03,35-44,India,Small,Partner,Individual
C04111,2025-09-06,35-44,Canada,Small,Organic,Individual
C04112,2025-11-21,55+,India,Individual,Organic,Individual
C04113,2025-08-13,25-34,India,Small,Organic,Business
C04114,2025-08-01,18-24,Australia,Individual,Referral,Business
C04115,2026-02-21,18-24,India,Individual,Referral,Business
C04116,2026-04-19,18-24,India,Individual,Google Ads,Individual
C04117,2025-12-23,25-34,United States,Individual,Google Ads,Individual
C04118,2025-11-15,55+,Singapore,Individual,Partner,Individual
C04119,2026-01-20,45-54,India,Individual,Organic,Business
C04120,2026-01-14,55+,India,Individual,Partner,Business
C04121,2025-06-30,45-54,Singapore,Individual,Referral,Individual
C04122,2025-01-21,55+,Singapore,Individual,Organic,Business
C04123,2026-05-10,25-34,India,Medium,Google Ads,Business
C04124,2026-03-30,18-24,Australia,Individual,Organic,Individual
C04125,2025-09-30,25-34,India,Large,Meta Ads,Business
C04126,2026-04-13,25-34,Canada,Small,Google Ads,Business
C04127,2025-06-21,35-44,India,Individual,Referral,Individual
C04128,2025-11-20,45-54,India,Individual,Meta Ads,Individual
C04129,2026-02-07,25-34,Australia,Large,Google Ads,Individual
C04130,2025-08-08,25-34,India,Small,Organic,Individual
C04131,2025-03-12,25-34,Australia,Large,Organic,Individual
C04132,2025-12-11,25-34,India,Individual,Partner,Individual
C04133,2026-03-25,35-44,India,Individual,Partner,Individual
C04134,2025-06-26,35-44,India,Individual,Organic,Business
C04135,2026-03-30,55+,India,Individual,Partner,Individual
C04136,2025-08-13,25-34,Australia,Individual,Google Ads,Business
C04137,2025-06-20,45-54,Canada,Individual,Meta Ads,Individual
C04138,2026-03-04,25-34,Singapore,Individual,Organic,Individual
C04139,2026-04-02,35-44,United States,Individual,Referral,Individual
C04140,2025-11-26,35-44,India,Individual,Referral,Business
C04141,2026-04-12,55+,India,Medium,Referral,Individual
C04142,2026-02-06,45-54,United States,Small,Google Ads,Business
C04143,2025-05-30,35-44,India,Individual,Partner,Business
C04144,2025-03-02,25-34,Canada,Individual,Google Ads,Business
C04145,2026-03-26,45-54,United States,Individual,Partner,Business
C04146,2025-04-10,35-44,United States,Individual,Organic,Business
C04147,2026-02-27,35-44,United Kingdom,Small,Partner,Business
C04148,2025-09-21,55+,India,Individual,Meta Ads,Business
C04149,2025-11-18,35-44,Singapore,Large,Organic,Individual
C04150,2025-05-05,25-34,India,Large,Meta Ads,Individual
C04151,2025-05-02,45-54,United States,Small,Google Ads,Individual
C04152,2025-11-20,18-24,United States,Small,Google Ads,Business
C04153,2025-11-19,35-44,Australia,Small,Referral,Business
C04154,2025-02-17,35-44,Singapore,Large,Organic,Business
C04155,2026-02-21,18-24,United States,Large,Organic,Business
C04156,2025-02-26,25-34,India,Medium,Referral,Individual
C04157,2025-05-19,45-54,United Kingdom,Small,Meta Ads,Individual
C04158,2025-01-07,25-34,Singapore,Large,Referral,Business
C04159,2025-03-17,25-34,India,Medium,Email,Business
C04160,2025-11-04,45-54,United States,Individual,Referral,Business
C04161,2025-04-23,25-34,Australia,Large,Google Ads,Business
C04162,2025-10-27,35-44,India,Individual,Email,Individual
C04163,2025-08-08,25-34,India,Medium,Referral,Business
C04164,2025-10-10,55+,India,Individual,Google Ads,Business
C04165,2025-11-19,25-34,India,Small,Google Ads,Business
C04166,2025-02-18,25-34,United States,Individual,Referral,Business
C04167,2025-01-25,35-44,United Kingdom,Small,Google Ads,Business
C04168,2026-03-13,18-24,Singapore,Individual,Meta Ads,Business
C04169,2025-02-22,45-54,Singapore,Small,Referral,Individual
C04170,2026-03-26,55+,United States,Individual,Google Ads,Individual
C04171,2025-08-24,35-44,India,Medium,Referral,Business
C04172,2025-01-09,25-34,India,Medium,Meta Ads,Individual
C04173,2025-10-25,25-34,India,Medium,Email,Individual
C04174,2025-10-14,25-34,United Kingdom,Large,Organic,Business
C04175,2026-01-23,18-24,India,Individual,Partner,Business
C04176,2025-07-23,55+,Singapore,Small,Organic,Business
C04177,2026-02-10,25-34,United States,Small,Meta Ads,Business
C04178,2025-01-01,18-24,India,Individual,Google Ads,Business
C04179,2026-03-28,25-34,Australia,Small,Referral,Business
C04180,2026-03-06,35-44,United States,Medium,Referral,Business
C04181,2025-05-17,35-44,United States,Individual,Email,Business
C04182,2025-09-29,35-44,India,Individual,Partner,Individual
C04183,2026-04-11,25-34,India,Small,Referral,Business
C04184,2025-06-17,45-54,India,Individual,Meta Ads,Business
C04185,2025-03-12,45-54,India,Small,Email,Individual
C04186,2025-12-27,45-54,India,Individual,Partner,Business
C04187,2025-08-28,25-34,United States,Medium,Partner,Business
C04188,2025-08-01,35-44,India,Individual,Organic,Business
C04189,2026-01-01,25-34,United States,Individual,Organic,Business
C04190,2025-04-04,18-24,India,Small,Email,Individual
C04191,2025-09-15,35-44,India,Small,Referral,Individual
C04192,2025-11-30,55+,United States,Medium,Referral,Business
C04193,2025-04-02,18-24,United States,Individual,Referral,Individual
C04194,2025-06-19,35-44,India,Small,Meta Ads,Business
C04195,2026-03-20,18-24,India,Large,Partner,Individual
C04196,2026-04-28,35-44,India,Small,Email,Individual
C04197,2026-01-04,35-44,United Kingdom,Small,Google Ads,Individual
C04198,2025-06-19,25-34,United States,Large,Meta Ads,Individual
C04199,2025-12-29,25-34,India,Medium,Google Ads,Business
C04200,2025-02-17,25-34,Canada,Medium,Meta Ads,Business
C04201,2025-01-15,25-34,India,Individual,Partner,Individual
C04202,2025-02-27,25-34,Canada,Small,Google Ads,Business
C04203,2025-02-02,25-34,United Kingdom,Large,Google Ads,Individual
C04204,2026-04-25,25-34,United States,Small,Google Ads,Business
C04205,2025-01-21,35-44,Canada,Individual,Email,Business
C04206,2025-03-05,25-34,India,Small,Referral,Individual
C04207,2025-11-09,25-34,Singapore,Large,Google Ads,Individual
C04208,2025-04-26,45-54,United States,Individual,Google Ads,Individual
C04209,2025-01-26,45-54,United States,Small,Google Ads,Business
C04210,2025-09-02,35-44,Australia,Individual,Referral,Business
C04211,2025-03-20,25-34,Canada,Medium,Organic,Individual
C04212,2025-01-26,18-24,Canada,Individual,Referral,Individual
C04213,2025-04-15,45-54,India,Large,Referral,Individual
C04214,2025-01-03,45-54,India,Medium,Organic,Business
C04215,2025-06-23,35-44,Canada,Individual,Meta Ads,Individual
C04216,2025-02-10,25-34,United States,Small,Organic,Business
C04217,2025-07-12,35-44,India,Medium,Google Ads,Business
C04218,2025-06-25,25-34,United States,Individual,Google Ads,Business
C04219,2025-03-05,35-44,India,Individual,Organic,Individual
C04220,2025-12-20,45-54,United Kingdom,Individual,Meta Ads,Individual
C04221,2025-08-11,25-34,India,Individual,Organic,Individual
C04222,2026-04-28,25-34,India,Small,Referral,Individual
C04223,2025-05-25,25-34,India,Medium,Organic,Business
C04224,2025-12-11,25-34,Canada,Individual,Partner,Business
C04225,2026-02-23,18-24,United Kingdom,Individual,Google Ads,Individual
C04226,2026-04-09,35-44,India,Medium,Referral,Business
C04227,2025-12-21,18-24,Singapore,Individual,Organic,Business
C04228,2025-12-06,35-44,United Kingdom,Medium,Organic,Individual
C04229,2025-03-15,25-34,India,Large,Google Ads,Individual
C04230,2025-05-20,25-34,India,Medium,Referral,Individual
C04231,2025-09-21,45-54,India,Small,Google Ads,Business
C04232,2025-11-04,25-34,United Kingdom,Individual,Google Ads,Business
C04233,2025-03-25,35-44,United States,Small,Email,Individual
C04234,2025-02-06,45-54,United Kingdom,Small,Referral,Business
C04235,2025-03-10,18-24,India,Medium,Email,Individual
C04236,2026-01-04,45-54,India,Medium,Organic,Business
C04237,2025-04-27,55+,United States,Individual,Google Ads,Individual
C04238,2025-09-26,35-44,United States,Individual,Meta Ads,Individual
C04239,2026-01-25,45-54,United States,Medium,Referral,Business
C04240,2025-11-30,35-44,Canada,Individual,Google Ads,Individual
C04241,2026-02-05,45-54,India,Individual,Organic,Individual
C04242,2025-03-14,18-24,United States,Medium,Partner,Business
C04243,2026-03-31,18-24,United States,Individual,Referral,Individual
C04244,2025-04-10,18-24,United States,Large,Google Ads,Business
C04245,2025-11-16,35-44,India,Individual,Organic,Business
C04246,2026-02-23,25-34,United States,Individual,Partner,Business
C04247,2025-03-20,35-44,United States,Small,Referral,Individual
C04248,2026-03-31,35-44,United Kingdom,Individual,Referral,Business
C04249,2025-02-04,35-44,India,Medium,Partner,Business
C04250,2025-11-17,35-44,United States,Individual,Referral,Business
C04251,2025-03-17,45-54,India,Small,Google Ads,Individual
C04252,2025-12-07,25-34,United Kingdom,Individual,Email,Individual
C04253,2025-10-20,18-24,Singapore,Small,Meta Ads,Individual
C04254,2026-03-26,45-54,India,Individual,Meta Ads,Individual
C04255,2025-06-02,35-44,India,Small,Organic,Individual
C04256,2025-07-02,35-44,India,Individual,Referral,Individual
C04257,2026-02-02,35-44,India,Medium,Email,Business
C04258,2025-04-02,45-54,United States,Individual,Partner,Individual
C04259,2026-04-04,25-34,Canada,Small,Email,Business
C04260,2025-07-25,18-24,India,Small,Meta Ads,Business
C04261,2025-09-24,25-34,United States,Individual,Google Ads,Individual
C04262,2026-01-22,25-34,India,Medium,Google Ads,Individual
C04263,2025-10-09,45-54,India,Large,Meta Ads,Business
C04264,2026-05-01,35-44,Canada,Small,Google Ads,Individual
C04265,2026-03-04,45-54,India,Large,Organic,Individual
C04266,2025-04-16,25-34,United States,Individual,Organic,Business
C04267,2025-01-05,25-34,India,Medium,Partner,Individual
C04268,2025-07-19,35-44,United States,Small,Organic,Business
C04269,2025-11-05,55+,United States,Individual,Email,Business
C04270,2026-04-12,35-44,India,Small,Partner,Business
C04271,2025-11-06,35-44,India,Medium,Organic,Individual
C04272,2026-01-01,25-34,India,Small,Meta Ads,Individual
C04273,2025-02-16,25-34,India,Individual,Meta Ads,Business
C04274,2025-03-23,18-24,India,Large,Organic,Individual
C04275,2025-05-17,25-34,United Kingdom,Large,Meta Ads,Individual
C04276,2025-08-12,55+,India,Medium,Organic,Business
C04277,2025-06-14,25-34,United States,Small,Partner,Individual
C04278,2026-04-04,45-54,India,Medium,Organic,Business
C04279,2025-09-16,25-34,India,Individual,Meta Ads,Individual
C04280,2025-08-06,25-34,India,Individual,Organic,Individual
C04281,2026-02-13,18-24,Singapore,Individual,Referral,Individual
C04282,2025-11-02,25-34,United Kingdom,Individual,Partner,Individual
C04283,2025-12-19,25-34,India,Medium,Email,Business
C04284,2025-03-07,25-34,United Kingdom,Individual,Partner,Individual
C04285,2026-04-19,55+,United Kingdom,Individual,Meta Ads,Individual
C04286,2026-03-10,25-34,India,Medium,Referral,Individual
C04287,2025-04-19,18-24,Australia,Medium,Partner,Individual
C04288,2025-01-23,35-44,Canada,Individual,Meta Ads,Business
C04289,2025-11-22,35-44,India,Individual,Email,Individual
C04290,2025-08-05,25-34,India,Small,Partner,Individual
C04291,2025-03-25,25-34,Canada,Large,Referral,Individual
C04292,2026-04-17,35-44,India,Individual,Google Ads,Individual
C04293,2026-02-28,25-34,Australia,Small,Referral,Business
C04294,2025-12-23,55+,India,Small,Partner,Individual
C04295,2025-07-06,25-34,United States,Individual,Organic,Individual
C04296,2026-04-28,35-44,Australia,Small,Meta Ads,Business
C04297,2025-02-22,55+,United Kingdom,Individual,Referral,Individual
C04298,2025-01-11,35-44,United Kingdom,Large,Partner,Individual
C04299,2025-08-31,25-34,India,Small,Google Ads,Business
C04300,2025-12-18,25-34,India,Individual,Referral,Business
C04301,2025-05-23,18-24,India,Small,Organic,Business
C04302,2026-03-17,55+,United States,Small,Google Ads,Individual
C04303,2025-04-18,35-44,India,Medium,Email,Business
C04304,2025-08-25,25-34,India,Small,Meta Ads,Individual
C04305,2025-09-14,18-24,United Kingdom,Medium,Referral,Individual
C04306,2025-11-21,35-44,United Kingdom,Individual,Referral,Business
C04307,2025-12-01,35-44,India,Small,Meta Ads,Business
C04308,2025-10-31,25-34,India,Individual,Partner,Individual
C04309,2025-04-05,45-54,India,Individual,Referral,Individual
C04310,2025-01-08,35-44,United States,Individual,Meta Ads,Individual
C04311,2026-01-18,35-44,United Kingdom,Small,Partner,Business
C04312,2026-01-01,35-44,Singapore,Large,Meta Ads,Business
C04313,2025-10-12,45-54,India,Individual,Meta Ads,Business
C04314,2025-11-23,25-34,India,Small,Referral,Individual
C04315,2026-01-20,18-24,United States,Large,Email,Business
C04316,2025-04-16,45-54,India,Individual,Partner,Business
C04317,2025-10-08,55+,India,Medium,Referral,Business
C04318,2025-09-23,35-44,India,Individual,Referral,Business
C04319,2025-07-07,25-34,United Kingdom,Individual,Referral,Business
C04320,2025-03-08,45-54,United States,Individual,Organic,Business
C04321,2025-02-21,35-44,India,Individual,Meta Ads,Business
C04322,2025-11-04,45-54,Australia,Small,Organic,Business
C04323,2025-04-14,25-34,United States,Individual,Google Ads,Individual
C04324,2025-07-19,55+,Singapore,Medium,Email,Individual
C04325,2025-06-18,25-34,United Kingdom,Individual,Referral,Business
C04326,2025-01-17,45-54,India,Individual,Referral,Business
C04327,2025-07-28,45-54,Canada,Medium,Meta Ads,Business
C04328,2025-08-02,35-44,India,Small,Google Ads,Individual
C04329,2025-11-15,45-54,Canada,Individual,Organic,Individual
C04330,2025-09-29,25-34,United Kingdom,Small,Google Ads,Individual
C04331,2026-05-01,35-44,United States,Small,Referral,Individual
C04332,2025-06-12,55+,India,Medium,Referral,Individual
C04333,2025-06-20,35-44,Singapore,Individual,Organic,Business
C04334,2025-07-24,35-44,Australia,Individual,Organic,Individual
C04335,2025-11-05,18-24,United Kingdom,Small,Organic,Individual
C04336,2025-03-04,25-34,United States,Large,Organic,Business
C04337,2025-04-16,35-44,India,Individual,Google Ads,Business
C04338,2025-03-04,25-34,India,Individual,Referral,Individual
C04339,2026-01-10,35-44,Australia,Large,Referral,Business
C04340,2026-03-15,25-34,United States,Small,Referral,Business
C04341,2025-01-02,25-34,India,Medium,Referral,Individual
C04342,2025-01-28,45-54,India,Large,Organic,Business
C04343,2026-01-20,35-44,Singapore,Individual,Meta Ads,Individual
C04344,2025-10-06,35-44,Canada,Individual,Organic,Business
C04345,2025-08-16,35-44,India,Individual,Google Ads,Business
C04346,2026-05-02,45-54,India,Individual,Referral,Individual
C04347,2025-07-15,35-44,India,Individual,Email,Individual
C04348,2025-05-30,35-44,Canada,Individual,Google Ads,Business
C04349,2025-09-05,25-34,India,Small,Referral,Business
C04350,2025-10-11,35-44,India,Medium,Meta Ads,Individual
C04351,2025-04-24,35-44,Australia,Individual,Referral,Individual
C04352,2025-10-21,35-44,India,Medium,Google Ads,Individual
C04353,2025-01-27,45-54,India,Medium,Organic,Business
C04354,2025-02-24,18-24,United Kingdom,Individual,Organic,Individual
C04355,2025-05-16,45-54,India,Small,Google Ads,Individual
C04356,2026-03-31,25-34,India,Individual,Partner,Business
C04357,2025-03-19,25-34,India,Individual,Email,Individual
C04358,2025-03-04,55+,Canada,Individual,Google Ads,Individual
C04359,2025-01-29,25-34,Singapore,Individual,Organic,Individual
C04360,2025-02-08,25-34,India,Individual,Organic,Individual
C04361,2025-07-06,45-54,India,Individual,Google Ads,Business
C04362,2026-03-18,18-24,United States,Individual,Referral,Business
C04363,2026-01-13,35-44,United States,Individual,Meta Ads,Individual
C04364,2025-01-14,45-54,India,Medium,Google Ads,Individual
C04365,2026-05-12,45-54,India,Large,Referral,Business
C04366,2025-10-12,25-34,Canada,Large,Meta Ads,Individual
C04367,2025-12-05,25-34,India,Medium,Meta Ads,Business
C04368,2026-01-22,25-34,United States,Medium,Google Ads,Business
C04369,2025-05-21,45-54,United States,Individual,Google Ads,Individual
C04370,2025-01-10,25-34,India,Small,Organic,Individual
C04371,2025-07-22,25-34,United Kingdom,Large,Referral,Individual
C04372,2025-11-30,45-54,United Kingdom,Individual,Referral,Business
C04373,2025-10-17,35-44,Canada,Medium,Organic,Individual
C04374,2026-02-20,18-24,India,Small,Meta Ads,Individual
C04375,2026-02-02,35-44,Singapore,Individual,Google Ads,Individual
C04376,2026-04-19,25-34,India,Medium,Partner,Business
C04377,2025-09-12,18-24,United States,Individual,Referral,Individual
C04378,2025-09-16,35-44,United Kingdom,Individual,Referral,Business
C04379,2026-03-09,25-34,United States,Large,Organic,Individual
C04380,2026-01-01,45-54,India,Individual,Referral,Business
C04381,2025-05-04,25-34,Canada,Individual,Referral,Business
C04382,2025-07-10,18-24,India,Individual,Organic,Individual
C04383,2025-02-21,35-44,India,Individual,Meta Ads,Business
C04384,2026-04-14,35-44,India,Individual,Partner,Business
C04385,2026-02-10,25-34,United States,Small,Meta Ads,Individual
C04386,2025-08-28,25-34,India,Small,Organic,Business
C04387,2025-12-01,55+,India,Individual,Google Ads,Individual
C04388,2025-05-04,35-44,United States,Individual,Organic,Business
C04389,2025-01-03,45-54,India,Small,Referral,Individual
C04390,2025-08-10,25-34,United Kingdom,Individual,Organic,Business
C04391,2025-04-03,25-34,India,Individual,Google Ads,Business
C04392,2025-03-31,35-44,Australia,Small,Organic,Individual
C04393,2025-12-19,25-34,United States,Medium,Organic,Individual
C04394,2025-05-18,25-34,United States,Individual,Email,Individual
C04395,2025-01-31,35-44,India,Individual,Google Ads,Individual
C04396,2025-04-18,25-34,United States,Individual,Partner,Individual
C04397,2026-01-30,25-34,Singapore,Small,Partner,Individual
C04398,2026-02-03,35-44,Australia,Medium,Partner,Business
C04399,2025-04-21,35-44,United Kingdom,Medium,Meta Ads,Individual
C04400,2025-03-04,25-34,United States,Small,Google Ads,Business
C04401,2026-04-24,35-44,Australia,Individual,Meta Ads,Individual
C04402,2025-03-29,25-34,United States,Small,Referral,Business
C04403,2025-07-26,35-44,India,Large,Organic,Business
C04404,2025-03-25,25-34,United States,Individual,Referral,Individual
C04405,2025-05-07,45-54,United States,Medium,Partner,Individual
C04406,2025-02-22,25-34,United States,Large,Google Ads,Business
C04407,2025-04-14,25-34,Australia,Large,Email,Individual
C04408,2025-04-20,45-54,United Kingdom,Individual,Organic,Individual
C04409,2025-04-16,18-24,India,Small,Organic,Business
C04410,2026-01-08,45-54,India,Small,Meta Ads,Individual
C04411,2026-03-29,25-34,United States,Small,Organic,Individual
C04412,2025-01-07,45-54,United Kingdom,Small,Partner,Individual
C04413,2025-08-15,25-34,India,Medium,Referral,Individual
C04414,2025-02-10,35-44,India,Individual,Referral,Individual
C04415,2025-01-20,25-34,Australia,Medium,Referral,Individual
C04416,2025-06-18,25-34,Canada,Individual,Referral,Individual
C04417,2025-06-26,35-44,Australia,Individual,Partner,Individual
C04418,2025-05-30,25-34,India,Small,Organic,Individual
C04419,2026-02-18,35-44,India,Medium,Organic,Individual
C04420,2026-03-23,25-34,United States,Medium,Meta Ads,Individual
C04421,2025-02-06,25-34,India,Individual,Referral,Individual
C04422,2025-10-25,35-44,Australia,Small,Google Ads,Individual
C04423,2025-06-01,25-34,Singapore,Individual,Email,Business
C04424,2025-01-22,35-44,United States,Large,Organic,Individual
C04425,2025-03-25,45-54,Australia,Large,Google Ads,Individual
C04426,2025-02-04,45-54,India,Individual,Organic,Individual
C04427,2025-11-13,25-34,United States,Individual,Organic,Business
C04428,2025-11-19,25-34,India,Individual,Partner,Individual
C04429,2025-05-19,25-34,Australia,Medium,Google Ads,Business
C04430,2025-08-02,35-44,India,Large,Organic,Individual
C04431,2025-09-06,25-34,Canada,Individual,Organic,Business
C04432,2025-06-22,35-44,United Kingdom,Individual,Organic,Business
C04433,2025-12-13,35-44,India,Individual,Organic,Individual
C04434,2025-04-03,55+,India,Individual,Partner,Business
C04435,2025-09-29,55+,India,Individual,Organic,Individual
C04436,2026-03-09,25-34,Australia,Individual,Partner,Individual
C04437,2026-04-15,35-44,United Kingdom,Individual,Email,Business
C04438,2025-12-02,25-34,United States,Medium,Email,Individual
C04439,2025-01-28,35-44,India,Small,Meta Ads,Business
C04440,2026-01-01,35-44,United States,Medium,Referral,Business
C04441,2025-09-11,45-54,Canada,Small,Partner,Business
C04442,2025-09-13,45-54,United States,Small,Google Ads,Business
C04443,2025-01-07,35-44,United States,Individual,Referral,Individual
C04444,2025-01-20,35-44,United States,Small,Referral,Business
C04445,2025-09-23,25-34,India,Individual,Organic,Individual
C04446,2025-07-25,18-24,Australia,Medium,Meta Ads,Individual
C04447,2025-02-18,25-34,Singapore,Individual,Organic,Business
C04448,2026-05-11,45-54,Singapore,Individual,Referral,Individual
C04449,2026-05-01,55+,India,Individual,Referral,Individual
C04450,2026-02-18,55+,India,Individual,Organic,Individual
C04451,2025-10-03,45-54,United States,Individual,Google Ads,Business
C04452,2026-01-02,35-44,Australia,Individual,Google Ads,Business
C04453,2025-01-02,25-34,India,Large,Organic,Individual
C04454,2025-04-30,25-34,India,Medium,Referral,Business
C04455,2025-12-08,35-44,India,Medium,Email,Individual
C04456,2025-02-05,35-44,United States,Small,Meta Ads,Individual
C04457,2026-01-07,55+,India,Medium,Google Ads,Individual
C04458,2026-04-01,35-44,India,Large,Email,Individual
C04459,2026-04-26,55+,Singapore,Individual,Meta Ads,Business
C04460,2026-05-07,18-24,India,Small,Referral,Business
C04461,2026-05-14,35-44,India,Small,Email,Individual
C04462,2025-01-01,25-34,India,Individual,Organic,Business
C04463,2025-10-03,45-54,Canada,Small,Referral,Business
C04464,2025-04-06,45-54,Canada,Individual,Organic,Individual
C04465,2025-06-06,25-34,India,Large,Referral,Business
C04466,2025-12-16,18-24,United States,Small,Meta Ads,Individual
C04467,2025-01-07,18-24,India,Individual,Organic,Business
C04468,2026-03-08,45-54,Australia,Individual,Meta Ads,Individual
C04469,2025-08-03,25-34,Australia,Medium,Organic,Business
C04470,2025-11-09,35-44,India,Individual,Meta Ads,Individual
C04471,2025-05-19,35-44,United Kingdom,Medium,Google Ads,Individual
C04472,2025-10-01,25-34,United States,Medium,Meta Ads,Individual
C04473,2025-03-30,35-44,India,Small,Referral,Individual
C04474,2026-01-28,25-34,India,Individual,Referral,Individual
C04475,2026-04-21,18-24,Australia,Individual,Referral,Business
C04476,2026-04-19,18-24,India,Individual,Meta Ads,Individual
C04477,2026-01-03,18-24,United Kingdom,Small,Organic,Business
C04478,2025-05-14,25-34,Australia,Small,Google Ads,Individual
C04479,2026-03-01,25-34,United States,Small,Referral,Individual
C04480,2026-01-20,25-34,India,Individual,Organic,Business
C04481,2025-01-30,25-34,India,Individual,Organic,Business
C04482,2025-03-04,18-24,India,Individual,Email,Individual
C04483,2025-12-21,25-34,Canada,Individual,Meta Ads,Individual
C04484,2026-02-06,35-44,United States,Small,Organic,Business
C04485,2026-02-10,55+,United Kingdom,Individual,Email,Business
C04486,2026-03-06,55+,India,Individual,Organic,Individual
C04487,2025-02-17,35-44,India,Individual,Referral,Individual
C04488,2026-03-21,25-34,United States,Individual,Google Ads,Individual
C04489,2025-06-08,35-44,Singapore,Individual,Referral,Business
C04490,2025-10-13,35-44,India,Large,Email,Individual
C04491,2025-05-03,45-54,United States,Large,Google Ads,Individual
C04492,2025-04-30,45-54,India,Small,Partner,Individual
C04493,2025-06-21,25-34,India,Individual,Email,Business
C04494,2025-10-04,45-54,United Kingdom,Individual,Email,Business
C04495,2025-03-28,45-54,United Kingdom,Small,Organic,Business
C04496,2025-08-20,25-34,Australia,Small,Referral,Business
C04497,2025-07-16,25-34,India,Small,Organic,Business
C04498,2026-04-18,25-34,United States,Small,Meta Ads,Business
C04499,2025-06-06,25-34,India,Individual,Referral,Individual
C04500,2025-03-12,35-44,India,Individual,Organic,Business
C04501,2025-12-25,18-24,India,Individual,Organic,Business
C04502,2025-08-08,25-34,India,Small,Referral,Individual
C04503,2026-01-09,35-44,Canada,Small,Email,Business
C04504,2025-04-10,35-44,India,Individual,Meta Ads,Individual
C04505,2025-08-03,35-44,India,Medium,Google Ads,Business
C04506,2025-01-03,25-34,United Kingdom,Individual,Referral,Business
C04507,2025-04-05,35-44,India,Small,Organic,Business
C04508,2026-02-11,55+,United States,Medium,Meta Ads,Individual
C04509,2025-07-23,18-24,United States,Large,Organic,Business
C04510,2025-02-28,35-44,India,Small,Organic,Individual
C04511,2025-10-10,25-34,United States,Medium,Google Ads,Individual
C04512,2025-04-04,45-54,United Kingdom,Small,Meta Ads,Individual
C04513,2025-02-18,35-44,India,Medium,Google Ads,Individual
C04514,2025-03-08,55+,United States,Large,Meta Ads,Business
C04515,2025-01-24,55+,Singapore,Small,Google Ads,Individual
C04516,2025-09-16,45-54,Singapore,Individual,Google Ads,Individual
C04517,2026-03-27,35-44,India,Individual,Organic,Business
C04518,2026-04-06,35-44,India,Medium,Referral,Business
C04519,2026-02-13,55+,India,Medium,Referral,Business
C04520,2025-02-18,35-44,Australia,Individual,Google Ads,Individual
C04521,2025-10-08,45-54,India,Individual,Organic,Business
C04522,2025-09-04,45-54,India,Individual,Referral,Individual
C04523,2025-08-19,35-44,India,Individual,Meta Ads,Business
C04524,2025-02-23,45-54,Australia,Individual,Referral,Individual
C04525,2026-04-12,25-34,Singapore,Individual,Meta Ads,Individual
C04526,2026-03-10,45-54,India,Small,Organic,Individual
C04527,2025-01-31,45-54,India,Small,Email,Individual
C04528,2025-08-18,25-34,Australia,Medium,Organic,Individual
C04529,2025-09-30,45-54,Canada,Individual,Meta Ads,Business
C04530,2026-05-12,55+,Australia,Medium,Partner,Individual
C04531,2025-02-01,25-34,India,Large,Meta Ads,Individual
C04532,2026-04-01,25-34,India,Individual,Referral,Individual
C04533,2026-03-03,35-44,Canada,Small,Partner,Business
C04534,2025-08-14,25-34,Australia,Small,Partner,Business
C04535,2026-03-02,18-24,India,Small,Partner,Business
C04536,2025-04-05,35-44,India,Large,Organic,Business
C04537,2025-11-08,25-34,India,Large,Referral,Individual
C04538,2025-09-21,18-24,India,Individual,Organic,Business
C04539,2026-01-24,18-24,Australia,Individual,Organic,Business
C04540,2026-01-16,18-24,India,Individual,Meta Ads,Individual
C04541,2025-02-11,35-44,India,Small,Google Ads,Business
C04542,2026-05-07,25-34,United States,Small,Partner,Individual
C04543,2026-04-26,25-34,United States,Individual,Email,Business
C04544,2025-11-09,25-34,United Kingdom,Individual,Google Ads,Individual
C04545,2025-04-07,45-54,India,Small,Partner,Individual
C04546,2026-01-02,35-44,India,Small,Organic,Individual
C04547,2026-03-12,35-44,India,Medium,Google Ads,Business
C04548,2025-10-13,25-34,Singapore,Medium,Google Ads,Individual
C04549,2025-08-17,35-44,United States,Medium,Organic,Individual
C04550,2025-08-24,25-34,United Kingdom,Individual,Organic,Individual
C04551,2025-10-09,25-34,India,Individual,Organic,Business
C04552,2025-05-28,18-24,India,Individual,Referral,Individual
C04553,2025-08-20,55+,India,Medium,Google Ads,Individual
C04554,2025-01-17,45-54,United States,Individual,Referral,Business
C04555,2026-04-10,25-34,United States,Large,Referral,Individual
C04556,2025-03-05,35-44,India,Individual,Partner,Individual
C04557,2025-11-19,45-54,India,Medium,Google Ads,Individual
C04558,2026-01-24,25-34,India,Medium,Meta Ads,Individual
C04559,2025-10-11,35-44,India,Small,Partner,Individual
C04560,2025-02-08,35-44,India,Individual,Organic,Business
C04561,2025-09-16,35-44,India,Individual,Partner,Business
C04562,2026-05-10,18-24,India,Individual,Meta Ads,Individual
C04563,2026-02-06,25-34,India,Individual,Referral,Individual
C04564,2026-01-31,35-44,United States,Small,Referral,Individual
C04565,2026-03-08,25-34,United States,Individual,Organic,Business
C04566,2025-04-15,25-34,Singapore,Medium,Organic,Individual
C04567,2026-03-09,35-44,United Kingdom,Individual,Referral,Individual
C04568,2025-10-04,55+,United States,Individual,Google Ads,Business
C04569,2025-07-23,45-54,India,Medium,Partner,Individual
C04570,2025-06-28,35-44,United Kingdom,Individual,Meta Ads,Individual
C04571,2026-04-22,35-44,India,Individual,Partner,Business
C04572,2025-07-22,55+,India,Individual,Referral,Business
C04573,2026-04-30,25-34,India,Individual,Partner,Individual
C04574,2025-11-29,55+,India,Individual,Meta Ads,Business
C04575,2025-11-25,45-54,Canada,Individual,Partner,Business
C04576,2025-08-16,45-54,United States,Medium,Partner,Business
C04577,2025-10-30,25-34,United Kingdom,Small,Partner,Individual
C04578,2026-02-13,25-34,Canada,Individual,Google Ads,Business
C04579,2025-09-04,35-44,India,Individual,Organic,Individual
C04580,2025-11-10,45-54,India,Small,Referral,Individual
C04581,2026-03-22,25-34,India,Small,Referral,Individual
C04582,2026-04-10,18-24,United States,Medium,Referral,Business
C04583,2025-08-24,45-54,United Kingdom,Large,Partner,Business
C04584,2025-11-29,35-44,India,Large,Partner,Business
C04585,2026-01-15,25-34,United States,Medium,Referral,Individual
C04586,2025-10-10,25-34,United States,Individual,Organic,Business
C04587,2025-08-23,25-34,United States,Small,Meta Ads,Business
C04588,2025-05-05,55+,United States,Individual,Google Ads,Individual
C04589,2026-03-30,25-34,Canada,Small,Referral,Individual
C04590,2025-07-23,45-54,India,Large,Meta Ads,Business
C04591,2025-04-28,25-34,India,Small,Meta Ads,Individual
C04592,2025-07-16,18-24,India,Small,Meta Ads,Business
C04593,2025-11-30,25-34,India,Individual,Organic,Business
C04594,2025-12-30,45-54,India,Individual,Partner,Business
C04595,2026-05-10,55+,United Kingdom,Individual,Partner,Business
C04596,2026-05-06,35-44,India,Small,Email,Individual
C04597,2026-05-01,35-44,United States,Individual,Organic,Individual
C04598,2026-02-06,45-54,India,Individual,Organic,Individual
C04599,2026-02-05,25-34,United States,Large,Google Ads,Business
C04600,2026-05-09,35-44,Australia,Small,Meta Ads,Individual
C04601,2025-03-30,45-54,Canada,Small,Organic,Individual
C04602,2025-07-06,25-34,United States,Individual,Partner,Individual
C04603,2025-05-10,35-44,United Kingdom,Individual,Organic,Business
C04604,2025-04-30,35-44,India,Small,Meta Ads,Business
C04605,2026-04-28,25-34,India,Individual,Google Ads,Individual
C04606,2025-12-28,35-44,United States,Individual,Partner,Individual
C04607,2025-03-13,55+,Australia,Individual,Google Ads,Individual
C04608,2025-12-30,25-34,India,Individual,Organic,Individual
C04609,2025-09-14,25-34,India,Individual,Organic,Individual
C04610,2025-06-03,35-44,United States,Individual,Partner,Individual
C04611,2026-01-27,18-24,United States,Individual,Meta Ads,Individual
C04612,2025-05-11,35-44,Singapore,Individual,Organic,Individual
C04613,2026-03-18,25-34,United Kingdom,Individual,Referral,Individual
C04614,2026-04-25,25-34,Canada,Medium,Google Ads,Business
C04615,2025-05-19,45-54,United States,Individual,Meta Ads,Individual
C04616,2025-06-02,18-24,India,Small,Google Ads,Business
C04617,2026-03-31,18-24,India,Medium,Google Ads,Business
C04618,2026-03-25,35-44,Canada,Individual,Referral,Business
C04619,2025-06-20,25-34,United States,Small,Organic,Business
C04620,2026-01-31,25-34,United Kingdom,Small,Referral,Individual
C04621,2025-07-29,35-44,India,Individual,Partner,Business
C04622,2025-06-05,45-54,United States,Small,Google Ads,Business
C04623,2025-10-22,35-44,India,Medium,Email,Business
C04624,2025-06-09,35-44,United States,Small,Organic,Individual
C04625,2025-10-22,55+,Canada,Medium,Organic,Individual
C04626,2026-04-22,25-34,United Kingdom,Small,Organic,Business
C04627,2025-03-15,35-44,United Kingdom,Individual,Meta Ads,Business
C04628,2025-09-07,45-54,India,Individual,Organic,Business
C04629,2025-02-17,18-24,India,Medium,Google Ads,Individual
C04630,2025-06-04,18-24,United States,Small,Referral,Business
C04631,2026-03-27,45-54,United States,Small,Meta Ads,Business
C04632,2025-08-23,45-54,Singapore,Individual,Meta Ads,Business
C04633,2025-03-29,18-24,United Kingdom,Small,Organic,Individual
C04634,2025-10-29,25-34,India,Individual,Meta Ads,Individual
C04635,2025-10-09,35-44,United States,Individual,Google Ads,Individual
C04636,2025-01-20,45-54,India,Medium,Referral,Individual
C04637,2025-12-27,25-34,Canada,Individual,Meta Ads,Individual
C04638,2025-03-11,35-44,Canada,Medium,Organic,Business
C04639,2025-01-18,35-44,United Kingdom,Small,Partner,Business
C04640,2025-05-04,35-44,United States,Individual,Google Ads,Business
C04641,2025-01-16,18-24,United Kingdom,Medium,Organic,Individual
C04642,2026-04-21,45-54,India,Small,Organic,Business
C04643,2025-07-08,25-34,India,Small,Email,Individual
C04644,2026-04-16,25-34,India,Medium,Organic,Individual
C04645,2026-01-25,35-44,India,Small,Organic,Business
C04646,2025-09-25,18-24,United Kingdom,Small,Meta Ads,Individual
C04647,2025-12-01,35-44,India,Medium,Meta Ads,Business
C04648,2025-06-10,18-24,Australia,Individual,Partner,Individual
C04649,2025-03-16,35-44,Canada,Small,Google Ads,Business
C04650,2025-03-20,55+,India,Individual,Meta Ads,Individual
C04651,2025-09-11,35-44,United States,Medium,Meta Ads,Individual
C04652,2025-09-02,25-34,India,Individual,Organic,Business
C04653,2025-02-03,25-34,United Kingdom,Large,Organic,Individual
C04654,2025-08-30,55+,United States,Individual,Organic,Business
C04655,2025-09-23,35-44,India,Individual,Referral,Business
C04656,2025-01-22,25-34,Australia,Individual,Partner,Business
C04657,2025-02-23,25-34,India,Large,Organic,Individual
C04658,2026-04-15,55+,United States,Individual,Referral,Business
C04659,2025-01-11,25-34,United States,Individual,Organic,Business
C04660,2025-05-24,18-24,India,Large,Google Ads,Business
C04661,2025-01-22,45-54,Singapore,Large,Partner,Individual
C04662,2025-07-29,18-24,India,Individual,Organic,Individual
C04663,2025-11-26,25-34,India,Medium,Organic,Business
C04664,2025-10-17,35-44,United States,Small,Organic,Business
C04665,2025-10-05,25-34,India,Individual,Meta Ads,Individual
C04666,2026-05-04,25-34,India,Individual,Meta Ads,Business
C04667,2025-05-11,45-54,Singapore,Individual,Organic,Individual
C04668,2025-12-23,35-44,Australia,Medium,Meta Ads,Business
C04669,2025-03-01,35-44,India,Medium,Email,Business
C04670,2025-10-25,25-34,India,Medium,Google Ads,Individual
C04671,2025-08-20,25-34,United Kingdom,Individual,Organic,Business
C04672,2025-06-04,35-44,Singapore,Large,Referral,Business
C04673,2025-07-27,45-54,Canada,Small,Organic,Business
C04674,2025-05-01,25-34,India,Individual,Partner,Business
C04675,2025-03-04,25-34,Australia,Individual,Meta Ads,Business
C04676,2025-03-09,25-34,India,Small,Organic,Individual
C04677,2026-02-03,25-34,India,Medium,Organic,Business
C04678,2026-02-07,25-34,United States,Individual,Meta Ads,Individual
C04679,2025-07-01,45-54,United Kingdom,Individual,Referral,Individual
C04680,2025-07-16,45-54,India,Individual,Referral,Individual
C04681,2026-03-06,35-44,United Kingdom,Individual,Meta Ads,Individual
C04682,2026-05-06,25-34,United Kingdom,Individual,Partner,Individual
C04683,2025-06-18,35-44,Singapore,Individual,Organic,Individual
C04684,2026-05-16,35-44,Singapore,Small,Partner,Business
C04685,2025-07-09,25-34,United Kingdom,Small,Referral,Business
C04686,2025-10-19,35-44,United Kingdom,Individual,Google Ads,Business
C04687,2025-06-03,25-34,India,Medium,Meta Ads,Individual
C04688,2025-03-21,55+,United States,Individual,Organic,Business
C04689,2025-10-09,35-44,India,Medium,Google Ads,Individual
C04690,2026-03-10,25-34,India,Large,Organic,Individual
C04691,2025-08-27,25-34,India,Small,Referral,Individual
C04692,2025-03-28,18-24,United Kingdom,Medium,Referral,Business
C04693,2025-12-16,35-44,India,Small,Referral,Individual
C04694,2025-02-24,35-44,India,Small,Organic,Individual
C04695,2025-11-13,35-44,United Kingdom,Medium,Organic,Individual
C04696,2025-01-11,18-24,United States,Small,Google Ads,Business
C04697,2025-08-12,45-54,United States,Medium,Organic,Individual
C04698,2026-02-10,35-44,India,Individual,Organic,Individual
C04699,2025-04-19,35-44,United States,Individual,Google Ads,Business
C04700,2025-12-26,35-44,Australia,Medium,Partner,Individual
C04701,2025-11-30,45-54,India,Individual,Referral,Individual
C04702,2025-07-26,25-34,United States,Individual,Meta Ads,Individual
C04703,2026-04-14,25-34,Singapore,Individual,Meta Ads,Business
C04704,2025-10-22,25-34,United States,Small,Meta Ads,Business
C04705,2025-05-22,18-24,India,Medium,Google Ads,Business
C04706,2025-06-15,25-34,India,Medium,Organic,Individual
C04707,2025-03-08,35-44,Singapore,Individual,Google Ads,Business
C04708,2025-11-18,45-54,United Kingdom,Medium,Organic,Individual
C04709,2025-12-15,18-24,United Kingdom,Small,Google Ads,Business
C04710,2026-02-24,25-34,United States,Individual,Email,Individual
C04711,2026-04-09,25-34,India,Small,Organic,Individual
C04712,2025-05-24,35-44,Canada,Small,Organic,Business
C04713,2025-07-21,25-34,India,Medium,Referral,Business
C04714,2025-06-29,25-34,United Kingdom,Individual,Referral,Business
C04715,2025-02-10,25-34,India,Large,Referral,Individual
C04716,2025-12-04,35-44,Singapore,Medium,Google Ads,Business
C04717,2025-08-10,35-44,India,Individual,Meta Ads,Business
C04718,2026-04-29,25-34,India,Small,Meta Ads,Individual
C04719,2025-09-26,25-34,United States,Small,Google Ads,Individual
C04720,2025-12-18,25-34,United Kingdom,Small,Google Ads,Individual
C04721,2026-04-15,25-34,Australia,Individual,Partner,Individual
C04722,2026-04-08,25-34,Australia,Individual,Meta Ads,Business
C04723,2025-05-10,25-34,India,Small,Email,Business
C04724,2025-04-21,45-54,Canada,Small,Referral,Individual
C04725,2025-03-04,45-54,India,Medium,Organic,Individual
C04726,2025-07-04,25-34,Singapore,Individual,Organic,Business
C04727,2025-05-22,45-54,United States,Individual,Organic,Business
C04728,2025-10-30,25-34,India,Individual,Google Ads,Individual
C04729,2025-03-06,25-34,India,Large,Organic,Individual
C04730,2026-02-01,35-44,India,Small,Organic,Individual
C04731,2026-05-09,25-34,United Kingdom,Individual,Google Ads,Individual
C04732,2026-01-30,35-44,Canada,Individual,Partner,Business
C04733,2025-07-07,18-24,United States,Individual,Organic,Business
C04734,2025-05-15,45-54,United Kingdom,Individual,Organic,Business
C04735,2026-02-21,35-44,India,Small,Organic,Business
C04736,2025-07-02,45-54,United Kingdom,Medium,Organic,Individual
C04737,2025-03-07,18-24,India,Medium,Google Ads,Individual
C04738,2025-10-19,45-54,Australia,Individual,Organic,Business
C04739,2026-05-12,35-44,United States,Individual,Partner,Individual
C04740,2025-11-09,35-44,India,Large,Meta Ads,Business
C04741,2025-01-29,35-44,Singapore,Individual,Organic,Individual
C04742,2025-10-14,45-54,Australia,Individual,Email,Business
C04743,2025-04-25,25-34,Canada,Individual,Email,Individual
C04744,2025-03-06,35-44,Australia,Medium,Organic,Individual
C04745,2026-03-14,25-34,Canada,Individual,Organic,Business
C04746,2025-11-21,18-24,Australia,Small,Partner,Individual
C04747,2025-09-13,55+,Canada,Small,Partner,Individual
C04748,2026-03-30,35-44,United States,Individual,Referral,Individual
C04749,2025-01-26,25-34,India,Individual,Partner,Individual
C04750,2025-08-17,35-44,India,Individual,Organic,Individual
C04751,2025-02-10,55+,Australia,Individual,Google Ads,Individual
C04752,2025-12-10,45-54,United States,Individual,Referral,Individual
C04753,2025-09-24,25-34,United States,Small,Partner,Business
C04754,2025-11-20,35-44,Singapore,Medium,Organic,Individual
C04755,2025-07-08,25-34,India,Individual,Meta Ads,Individual
C04756,2026-04-13,35-44,India,Large,Email,Business
C04757,2025-07-02,45-54,India,Small,Organic,Individual
C04758,2025-11-14,35-44,India,Small,Referral,Business
C04759,2025-05-27,35-44,Singapore,Small,Meta Ads,Business
C04760,2025-08-19,25-34,United States,Small,Email,Individual
C04761,2026-02-25,35-44,United Kingdom,Small,Referral,Individual
C04762,2025-03-20,25-34,India,Individual,Organic,Business
C04763,2025-05-17,35-44,India,Individual,Google Ads,Business
C04764,2025-12-23,45-54,Australia,Individual,Meta Ads,Individual
C04765,2025-06-10,25-34,India,Individual,Referral,Business
C04766,2025-05-27,45-54,United Kingdom,Small,Partner,Business
C04767,2026-02-10,45-54,United States,Medium,Organic,Individual
C04768,2025-03-06,18-24,India,Small,Organic,Individual
C04769,2026-03-13,55+,United States,Medium,Referral,Business
C04770,2026-04-08,45-54,India,Small,Organic,Individual
C04771,2025-02-08,55+,India,Small,Meta Ads,Business
C04772,2025-01-24,25-34,United Kingdom,Individual,Meta Ads,Business
C04773,2025-11-04,35-44,United Kingdom,Small,Organic,Business
C04774,2025-07-19,25-34,United States,Small,Email,Business
C04775,2025-08-12,45-54,India,Individual,Referral,Individual
C04776,2025-03-21,45-54,United Kingdom,Individual,Organic,Business
C04777,2025-04-23,25-34,India,Individual,Organic,Business
C04778,2026-03-26,55+,Canada,Small,Google Ads,Individual
C04779,2026-05-12,18-24,India,Individual,Meta Ads,Individual
C04780,2025-06-04,35-44,India,Medium,Meta Ads,Business
C04781,2025-08-13,25-34,Canada,Individual,Meta Ads,Business
C04782,2025-12-03,35-44,India,Small,Email,Business
C04783,2026-03-02,25-34,India,Large,Google Ads,Individual
C04784,2025-07-17,25-34,United States,Medium,Organic,Business
C04785,2026-02-13,35-44,Australia,Medium,Referral,Individual
C04786,2025-05-04,25-34,United States,Individual,Google Ads,Business
C04787,2025-02-19,35-44,United Kingdom,Large,Organic,Individual
C04788,2026-03-29,35-44,India,Individual,Partner,Individual
C04789,2025-08-04,55+,India,Large,Google Ads,Individual
C04790,2026-04-01,25-34,India,Small,Referral,Individual
C04791,2026-03-12,45-54,Singapore,Small,Meta Ads,Individual
C04792,2025-03-13,18-24,Singapore,Small,Meta Ads,Business
C04793,2025-02-12,18-24,India,Individual,Meta Ads,Individual
C04794,2025-02-21,35-44,United Kingdom,Large,Organic,Business
C04795,2025-08-10,18-24,Canada,Large,Organic,Business
C04796,2025-07-30,45-54,India,Medium,Organic,Individual
C04797,2025-03-16,35-44,United States,Small,Referral,Individual
C04798,2025-04-29,25-34,United States,Individual,Partner,Individual
C04799,2025-03-25,35-44,United States,Small,Partner,Individual
C04800,2025-12-11,25-34,Canada,Small,Google Ads,Business
C04801,2025-09-13,18-24,United Kingdom,Individual,Referral,Business
C04802,2025-02-04,35-44,Australia,Large,Google Ads,Business
C04803,2026-02-19,45-54,Australia,Small,Referral,Business
C04804,2025-10-05,25-34,United Kingdom,Individual,Organic,Business
C04805,2025-05-05,45-54,Canada,Individual,Google Ads,Individual
C04806,2026-02-16,35-44,Canada,Individual,Referral,Business
C04807,2025-06-10,45-54,India,Individual,Organic,Individual
C04808,2025-02-10,35-44,United States,Individual,Organic,Business
C04809,2025-10-17,35-44,United States,Individual,Email,Business
C04810,2025-01-20,25-34,Singapore,Medium,Referral,Individual
C04811,2025-08-15,25-34,Australia,Individual,Google Ads,Business
C04812,2025-04-05,45-54,India,Small,Organic,Individual
C04813,2025-08-09,25-34,Australia,Small,Organic,Individual
C04814,2026-01-03,25-34,India,Medium,Google Ads,Individual
C04815,2025-01-14,45-54,United Kingdom,Individual,Meta Ads,Individual
C04816,2026-03-02,45-54,India,Individual,Email,Business
C04817,2025-09-05,35-44,India,Individual,Google Ads,Business
C04818,2025-02-09,35-44,United States,Small,Organic,Business
C04819,2025-09-28,45-54,Singapore,Small,Meta Ads,Business
C04820,2025-07-01,25-34,Singapore,Individual,Google Ads,Individual
C04821,2025-03-04,45-54,Canada,Individual,Google Ads,Business
C04822,2026-05-12,18-24,United States,Individual,Google Ads,Business
C04823,2025-12-30,35-44,United States,Medium,Organic,Individual
C04824,2026-05-14,25-34,India,Medium,Meta Ads,Individual
C04825,2025-10-03,35-44,India,Small,Partner,Business
C04826,2025-04-07,25-34,United States,Small,Organic,Individual
C04827,2025-12-03,18-24,India,Medium,Organic,Individual
C04828,2026-02-20,25-34,India,Individual,Google Ads,Business
C04829,2025-11-09,18-24,Singapore,Small,Organic,Business
C04830,2025-06-22,35-44,India,Individual,Partner,Individual
C04831,2025-02-28,18-24,India,Medium,Partner,Individual
C04832,2025-10-08,35-44,India,Individual,Partner,Individual
C04833,2026-02-21,35-44,United States,Medium,Referral,Business
C04834,2025-11-03,25-34,Canada,Individual,Organic,Individual
C04835,2025-02-14,25-34,India,Individual,Email,Business
C04836,2025-06-09,25-34,United Kingdom,Individual,Referral,Individual
C04837,2025-11-26,25-34,United States,Individual,Organic,Business
C04838,2025-04-05,35-44,United States,Individual,Organic,Individual
C04839,2025-06-11,35-44,India,Large,Partner,Business
C04840,2025-04-14,35-44,India,Individual,Email,Business
C04841,2025-05-17,25-34,Australia,Medium,Organic,Business
C04842,2026-03-13,35-44,United Kingdom,Medium,Partner,Business
C04843,2025-11-22,35-44,United States,Individual,Organic,Business
C04844,2025-10-15,25-34,India,Small,Google Ads,Individual
C04845,2026-04-10,35-44,Singapore,Individual,Referral,Individual
C04846,2025-07-02,35-44,United States,Small,Meta Ads,Individual
C04847,2025-10-11,25-34,India,Individual,Partner,Business
C04848,2025-02-24,25-34,United States,Individual,Organic,Business
C04849,2025-02-17,35-44,United States,Medium,Meta Ads,Business
C04850,2025-12-13,35-44,Singapore,Small,Google Ads,Business
C04851,2025-12-15,18-24,United Kingdom,Individual,Google Ads,Individual
C04852,2025-08-03,25-34,India,Individual,Organic,Business
C04853,2025-05-01,25-34,United States,Individual,Google Ads,Business
C04854,2025-03-05,18-24,Singapore,Individual,Referral,Individual
C04855,2026-03-03,55+,Australia,Medium,Referral,Individual
C04856,2025-10-16,35-44,Australia,Individual,Email,Business
C04857,2026-04-03,25-34,United States,Individual,Email,Individual
C04858,2025-10-23,25-34,India,Small,Organic,Business
C04859,2025-03-07,35-44,India,Individual,Email,Individual
C04860,2025-11-02,25-34,India,Individual,Partner,Business
C04861,2025-02-10,45-54,India,Individual,Partner,Individual
C04862,2025-07-08,25-34,Canada,Individual,Google Ads,Individual
C04863,2025-04-07,25-34,India,Small,Partner,Business
C04864,2025-02-14,25-34,India,Small,Meta Ads,Business
C04865,2026-02-21,35-44,United States,Small,Email,Business
C04866,2025-11-25,25-34,United States,Individual,Organic,Individual
C04867,2025-06-19,25-34,United States,Large,Email,Business
C04868,2025-01-07,45-54,India,Medium,Meta Ads,Individual
C04869,2026-04-28,25-34,Canada,Individual,Meta Ads,Business
C04870,2025-05-08,25-34,Australia,Medium,Google Ads,Individual
C04871,2026-04-25,25-34,India,Individual,Referral,Individual
C04872,2026-02-19,45-54,Singapore,Small,Google Ads,Business
C04873,2025-09-07,45-54,India,Individual,Referral,Business
C04874,2025-08-27,25-34,United Kingdom,Medium,Google Ads,Individual
C04875,2025-12-10,35-44,United Kingdom,Individual,Partner,Individual
C04876,2025-09-07,35-44,India,Small,Google Ads,Individual
C04877,2025-03-02,18-24,United Kingdom,Individual,Meta Ads,Individual
C04878,2026-01-12,35-44,United Kingdom,Medium,Partner,Individual
C04879,2025-06-01,18-24,India,Small,Google Ads,Business
C04880,2026-03-29,25-34,United Kingdom,Medium,Referral,Individual
C04881,2025-09-13,55+,India,Small,Referral,Individual
C04882,2025-11-07,45-54,United States,Individual,Email,Individual
C04883,2025-03-26,35-44,United Kingdom,Individual,Google Ads,Business
C04884,2025-12-13,45-54,India,Individual,Referral,Individual
C04885,2025-10-22,35-44,India,Individual,Email,Individual
C04886,2025-10-06,55+,Australia,Individual,Google Ads,Individual
C04887,2025-04-01,35-44,Australia,Small,Partner,Individual
C04888,2025-04-17,45-54,Canada,Individual,Google Ads,Individual
C04889,2025-07-13,25-34,India,Medium,Organic,Business
C04890,2025-05-15,25-34,Australia,Individual,Organic,Individual
C04891,2025-02-16,25-34,United States,Large,Google Ads,Individual
C04892,2025-11-20,35-44,United Kingdom,Individual,Organic,Individual
C04893,2025-10-29,25-34,Singapore,Individual,Google Ads,Individual
C04894,2025-11-03,25-34,India,Individual,Google Ads,Individual
C04895,2025-02-26,45-54,India,Small,Referral,Individual
C04896,2025-07-06,25-34,India,Large,Referral,Individual
C04897,2025-10-10,35-44,India,Large,Partner,Business
C04898,2025-04-03,25-34,India,Large,Google Ads,Business
C04899,2025-10-31,35-44,United States,Medium,Meta Ads,Individual
C04900,2026-03-12,45-54,India,Large,Google Ads,Business
C04901,2025-04-30,25-34,Australia,Individual,Partner,Business
C04902,2025-05-22,35-44,Australia,Individual,Referral,Individual
C04903,2026-02-14,35-44,Australia,Small,Organic,Individual
C04904,2025-06-27,25-34,Singapore,Individual,Google Ads,Business
C04905,2025-12-30,25-34,India,Small,Referral,Individual
C04906,2026-05-03,45-54,India,Small,Partner,Business
C04907,2025-05-19,25-34,Australia,Individual,Referral,Individual
C04908,2025-05-29,25-34,India,Individual,Organic,Individual
C04909,2025-02-22,35-44,United States,Small,Google Ads,Individual
C04910,2025-05-14,25-34,India,Small,Partner,Business
C04911,2025-02-11,35-44,United Kingdom,Large,Organic,Individual
C04912,2025-06-11,55+,Canada,Individual,Partner,Individual
C04913,2025-09-29,25-34,Singapore,Individual,Organic,Individual
C04914,2025-12-23,25-34,Australia,Small,Organic,Individual
C04915,2026-01-31,25-34,India,Individual,Meta Ads,Business
C04916,2025-02-04,18-24,United Kingdom,Individual,Meta Ads,Business
C04917,2025-03-29,35-44,India,Individual,Google Ads,Business
C04918,2025-10-28,25-34,United Kingdom,Small,Organic,Business
C04919,2025-02-26,45-54,India,Medium,Email,Individual
C04920,2025-08-23,25-34,India,Medium,Organic,Individual
C04921,2026-04-20,35-44,Canada,Medium,Google Ads,Individual
C04922,2026-02-09,45-54,India,Small,Partner,Individual
C04923,2025-10-03,55+,United States,Individual,Email,Individual
C04924,2025-06-07,25-34,Singapore,Individual,Partner,Business
C04925,2026-04-14,25-34,Australia,Individual,Meta Ads,Individual
C04926,2025-05-19,25-34,Canada,Medium,Meta Ads,Individual
C04927,2025-01-10,35-44,India,Individual,Referral,Individual
C04928,2025-04-17,35-44,United States,Individual,Meta Ads,Business
C04929,2025-12-04,25-34,United Kingdom,Medium,Meta Ads,Business
C04930,2025-10-14,25-34,United Kingdom,Individual,Google Ads,Business
C04931,2026-04-23,55+,Singapore,Small,Meta Ads,Business
C04932,2025-08-31,45-54,United States,Individual,Partner,Individual
C04933,2026-01-05,18-24,United Kingdom,Small,Partner,Business
C04934,2026-03-27,25-34,United States,Large,Email,Individual
C04935,2025-02-15,45-54,India,Large,Referral,Individual
C04936,2025-10-13,18-24,India,Small,Google Ads,Business
C04937,2026-01-02,18-24,India,Small,Google Ads,Individual
C04938,2026-04-02,25-34,India,Individual,Meta Ads,Business
C04939,2025-03-12,55+,India,Individual,Organic,Individual
C04940,2025-01-19,18-24,Canada,Medium,Referral,Individual
C04941,2025-04-10,25-34,India,Individual,Google Ads,Business
C04942,2026-03-03,35-44,India,Individual,Meta Ads,Individual
C04943,2025-10-14,35-44,India,Large,Google Ads,Business
C04944,2025-07-14,25-34,United States,Individual,Meta Ads,Individual
C04945,2025-11-26,25-34,United Kingdom,Small,Email,Individual
C04946,2026-03-07,25-34,United States,Individual,Organic,Business
C04947,2025-10-18,25-34,India,Small,Organic,Business
C04948,2025-09-10,25-34,United Kingdom,Medium,Meta Ads,Individual
C04949,2025-05-19,25-34,India,Large,Email,Business
C04950,2025-09-02,45-54,United Kingdom,Medium,Email,Individual
C04951,2026-03-09,25-34,India,Small,Email,Individual
C04952,2026-01-22,35-44,Singapore,Individual,Google Ads,Business
C04953,2025-01-15,45-54,India,Large,Email,Business
C04954,2025-08-15,35-44,United Kingdom,Medium,Partner,Business
C04955,2026-05-07,55+,Canada,Small,Referral,Business
C04956,2025-07-01,35-44,United Kingdom,Individual,Referral,Individual
C04957,2025-12-30,25-34,Singapore,Small,Partner,Business
C04958,2025-01-28,35-44,United States,Small,Google Ads,Business
C04959,2026-02-09,35-44,Singapore,Individual,Referral,Business
C04960,2025-07-15,45-54,India,Small,Organic,Individual
C04961,2025-03-21,55+,India,Individual,Organic,Business
C04962,2025-08-18,25-34,India,Individual,Referral,Business
C04963,2025-11-24,35-44,United Kingdom,Individual,Organic,Business
C04964,2025-10-15,45-54,India,Individual,Organic,Business
C04965,2026-01-16,45-54,Canada,Medium,Organic,Individual
C04966,2025-03-31,18-24,India,Small,Referral,Individual
C04967,2025-08-23,25-34,India,Small,Email,Business
C04968,2025-04-12,25-34,India,Individual,Referral,Business
C04969,2025-09-15,25-34,India,Small,Organic,Individual
C04970,2026-03-20,25-34,India,Individual,Referral,Business
C04971,2026-02-08,25-34,United States,Small,Google Ads,Business
C04972,2026-02-13,45-54,India,Medium,Organic,Individual
C04973,2026-04-07,25-34,India,Large,Meta Ads,Business
C04974,2025-08-31,35-44,Singapore,Individual,Partner,Individual
C04975,2025-03-04,18-24,United States,Individual,Organic,Individual
C04976,2025-10-03,25-34,Australia,Medium,Meta Ads,Business
C04977,2025-01-18,25-34,India,Small,Google Ads,Individual
C04978,2025-06-19,55+,United Kingdom,Small,Organic,Individual
C04979,2026-04-23,35-44,United States,Medium,Meta Ads,Individual
C04980,2025-11-14,25-34,India,Large,Meta Ads,Individual
C04981,2026-01-22,25-34,Canada,Individual,Meta Ads,Business
C04982,2025-11-13,35-44,India,Individual,Partner,Individual
C04983,2025-08-25,25-34,India,Small,Organic,Individual
C04984,2025-06-16,25-34,Canada,Individual,Google Ads,Individual
C04985,2026-03-06,35-44,India,Individual,Organic,Individual
C04986,2025-11-27,18-24,United States,Small,Referral,Individual
C04987,2025-02-10,55+,Canada,Small,Organic,Business
C04988,2025-06-17,35-44,India,Medium,Partner,Individual
C04989,2025-05-31,35-44,United States,Small,Organic,Business
C04990,2025-07-11,25-34,India,Medium,Organic,Business
C04991,2025-05-07,35-44,India,Small,Google Ads,Individual
C04992,2025-08-20,18-24,United States,Large,Meta Ads,Individual
C04993,2025-05-13,25-34,India,Individual,Organic,Individual
C04994,2025-09-26,35-44,Canada,Small,Organic,Individual
C04995,2025-03-13,35-44,United Kingdom,Individual,Organic,Business
C04996,2025-01-18,25-34,United States,Individual,Partner,Business
C04997,2026-02-24,25-34,India,Individual,Organic,Individual
C04998,2025-11-12,25-34,United Kingdom,Small,Google Ads,Individual
C04999,2025-03-08,25-34,India,Small,Partner,Business
C05000,2025-06-11,25-34,India,Large,Organic,Individual
C05001,2025-10-24,25-34,United Kingdom,Individual,Referral,Business
C05002,2025-12-01,25-34,India,Medium,Google Ads,Individual
C05003,2026-05-07,35-44,India,Small,Organic,Individual
C05004,2025-11-22,35-44,India,Medium,Partner,Business
C05005,2025-09-09,18-24,United States,Small,Google Ads,Business
C05006,2025-10-13,35-44,India,Individual,Partner,Individual
C05007,2025-07-26,35-44,India,Small,Organic,Business
C05008,2025-11-25,25-34,United Kingdom,Individual,Google Ads,Business
C05009,2025-07-12,25-34,Canada,Individual,Email,Business
C05010,2026-02-16,25-34,India,Medium,Meta Ads,Business
C05011,2025-08-01,55+,United States,Small,Meta Ads,Business
C05012,2025-08-23,45-54,India,Large,Referral,Individual
C05013,2025-02-14,25-34,United States,Individual,Meta Ads,Individual
C05014,2026-03-18,55+,United States,Medium,Referral,Individual
C05015,2025-01-19,35-44,India,Small,Referral,Individual
C05016,2026-05-04,45-54,United Kingdom,Individual,Email,Individual
C05017,2025-04-29,18-24,India,Individual,Google Ads,Business
C05018,2026-02-20,25-34,Singapore,Individual,Google Ads,Business
C05019,2025-03-09,25-34,Singapore,Large,Organic,Individual
C05020,2025-05-06,35-44,Australia,Individual,Referral,Business
C05021,2025-04-03,35-44,Canada,Small,Google Ads,Individual
C05022,2025-06-08,25-34,India,Medium,Referral,Business
C05023,2026-05-15,45-54,Canada,Individual,Meta Ads,Individual
C05024,2025-05-22,45-54,India,Large,Google Ads,Individual
C05025,2025-11-27,25-34,India,Individual,Meta Ads,Business
C05026,2025-08-19,25-34,United States,Individual,Referral,Business
C05027,2025-12-07,35-44,Australia,Individual,Referral,Business
C05028,2026-04-18,55+,United Kingdom,Small,Referral,Business
C05029,2026-03-11,45-54,United States,Individual,Referral,Business
C05030,2025-02-11,25-34,United States,Individual,Google Ads,Business
C05031,2025-06-10,25-34,Singapore,Individual,Meta Ads,Individual
C05032,2025-01-28,25-34,Australia,Medium,Organic,Business
C05033,2025-05-07,45-54,Canada,Individual,Google Ads,Business
C05034,2026-02-23,55+,Singapore,Small,Email,Individual
C05035,2025-06-11,35-44,Singapore,Individual,Email,Business
C05036,2026-05-08,25-34,India,Small,Google Ads,Business
C05037,2025-11-03,35-44,India,Small,Organic,Individual
C05038,2026-03-29,18-24,India,Small,Google Ads,Business
C05039,2026-02-28,25-34,Australia,Medium,Referral,Individual
C05040,2025-01-18,35-44,United Kingdom,Individual,Google Ads,Business
C05041,2025-01-07,25-34,India,Individual,Referral,Individual
C05042,2025-02-16,18-24,India,Small,Referral,Business
C05043,2025-10-17,18-24,India,Small,Partner,Business
C05044,2025-05-02,35-44,United States,Medium,Partner,Individual
C05045,2025-03-06,18-24,United States,Small,Organic,Business
C05046,2025-12-06,45-54,United States,Individual,Partner,Business
C05047,2026-01-12,55+,India,Medium,Google Ads,Individual
C05048,2025-08-10,25-34,Canada,Medium,Email,Business
C05049,2026-03-01,35-44,United Kingdom,Individual,Referral,Individual
C05050,2025-12-07,25-34,Canada,Medium,Referral,Individual
C05051,2026-04-28,18-24,India,Small,Google Ads,Individual
C05052,2026-04-13,35-44,Australia,Individual,Google Ads,Individual
C05053,2026-01-23,45-54,Canada,Small,Referral,Business
C05054,2025-11-17,35-44,United States,Individual,Meta Ads,Individual
C05055,2025-01-14,25-34,Australia,Small,Referral,Business
C05056,2025-12-16,35-44,Australia,Small,Referral,Individual
C05057,2025-04-23,25-34,United States,Small,Email,Business
C05058,2026-02-12,45-54,United States,Small,Organic,Individual
C05059,2025-08-01,35-44,India,Medium,Meta Ads,Business
C05060,2025-03-08,25-34,Australia,Small,Meta Ads,Business
C05061,2026-01-29,45-54,India,Medium,Google Ads,Individual
C05062,2026-01-25,45-54,India,Individual,Referral,Individual
C05063,2025-01-09,35-44,United Kingdom,Medium,Organic,Business
C05064,2025-09-02,25-34,India,Individual,Organic,Business
C05065,2025-02-23,35-44,United Kingdom,Medium,Google Ads,Business
C05066,2025-05-04,18-24,United Kingdom,Large,Google Ads,Individual
C05067,2026-01-21,45-54,Canada,Small,Partner,Individual
C05068,2025-09-11,25-34,India,Large,Referral,Business
C05069,2026-04-14,18-24,United Kingdom,Individual,Organic,Individual
C05070,2025-03-17,45-54,United Kingdom,Small,Organic,Individual
C05071,2025-01-09,35-44,Australia,Individual,Email,Individual
C05072,2025-12-03,45-54,India,Small,Google Ads,Individual
C05073,2025-12-19,25-34,United States,Individual,Email,Business
C05074,2025-03-07,45-54,United States,Individual,Meta Ads,Individual
C05075,2025-08-01,18-24,Australia,Individual,Email,Individual
C05076,2025-02-16,18-24,India,Individual,Referral,Individual
C05077,2025-10-19,35-44,United States,Individual,Organic,Business
C05078,2025-11-11,35-44,India,Individual,Meta Ads,Business
C05079,2025-10-13,45-54,India,Large,Meta Ads,Business
C05080,2026-04-02,25-34,India,Individual,Meta Ads,Individual
C05081,2025-01-23,55+,India,Individual,Partner,Business
C05082,2025-01-21,35-44,United States,Small,Organic,Business
C05083,2025-11-04,35-44,Canada,Small,Partner,Individual
C05084,2026-01-25,35-44,India,Medium,Meta Ads,Business
C05085,2025-06-03,35-44,India,Individual,Referral,Business
C05086,2025-02-09,25-34,India,Individual,Referral,Individual
C05087,2026-02-14,45-54,India,Large,Meta Ads,Business
C05088,2025-02-19,45-54,United States,Small,Google Ads,Business
C05089,2025-10-28,35-44,Canada,Individual,Partner,Individual
C05090,2026-04-15,35-44,India,Medium,Referral,Individual
C05091,2025-12-31,18-24,India,Small,Partner,Individual
C05092,2025-07-10,45-54,United Kingdom,Small,Meta Ads,Individual
C05093,2025-04-17,35-44,Singapore,Individual,Email,Individual
C05094,2025-08-01,18-24,United States,Medium,Organic,Individual
C05095,2025-06-22,18-24,India,Medium,Partner,Individual
C05096,2025-07-25,25-34,India,Small,Organic,Business
C05097,2025-03-16,25-34,United Kingdom,Individual,Google Ads,Business
C05098,2026-03-31,25-34,India,Small,Google Ads,Business
C05099,2026-01-08,45-54,India,Individual,Email,Individual
C05100,2025-07-08,45-54,Singapore,Large,Google Ads,Individual
C05101,2025-11-02,45-54,India,Medium,Organic,Individual
C05102,2025-04-10,25-34,India,Small,Email,Individual
C05103,2025-01-24,25-34,India,Medium,Google Ads,Individual
C05104,2025-09-18,25-34,,Individual,Partner,Business
C05105,2025-10-26,45-54,United States,Medium,Organic,Business
C05106,2025-03-02,35-44,India,Individual,Organic,Individual
C05107,2026-05-13,35-44,United Kingdom,Individual,Partner,Individual
C05108,2025-12-16,35-44,India,Small,Referral,Individual
C05109,2025-03-22,35-44,India,Individual,Google Ads,Business
C05110,2025-04-17,25-34,India,Small,Organic,Individual
C05111,2026-01-01,35-44,Singapore,Individual,Meta Ads,Individual
C05112,2025-09-15,25-34,Canada,Individual,Meta Ads,Individual
C05113,2026-04-16,35-44,United Kingdom,Small,Google Ads,Individual
C05114,2025-02-11,45-54,India,Individual,Google Ads,Business
C05115,2025-07-28,25-34,India,Individual,Google Ads,Business
C05116,2025-11-10,25-34,India,Small,Partner,Business
C05117,2025-12-03,25-34,United States,Small,Email,Individual
C05118,2026-03-21,18-24,United Kingdom,Individual,Google Ads,Individual
C05119,2025-05-10,25-34,India,Large,Referral,Individual
C05120,2026-04-30,35-44,Australia,Individual,Email,Individual
C05121,2025-09-22,25-34,Canada,Individual,Partner,Business
C05122,2025-03-22,35-44,India,Individual,Organic,Individual
C05123,2026-02-24,35-44,India,Individual,Meta Ads,Individual
C05124,2025-09-17,35-44,Singapore,Individual,Google Ads,Individual
C05125,2025-06-20,25-34,Australia,Large,Google Ads,Business
C05126,2025-05-27,25-34,United Kingdom,Small,Partner,Individual
C05127,2025-06-07,45-54,Australia,Individual,Referral,Individual
C05128,2026-01-02,25-34,United Kingdom,Small,Referral,Individual
C05129,2025-10-16,25-34,Singapore,Individual,Google Ads,Business
C05130,2025-12-17,18-24,Singapore,Medium,Referral,Business
C05131,2025-08-04,25-34,India,Small,Meta Ads,Individual
C05132,2026-03-19,35-44,United States,Large,Organic,Business
C05133,2025-08-02,35-44,United States,Small,Google Ads,Business
C05134,2025-08-06,25-34,United Kingdom,Small,Organic,Business
C05135,2025-11-13,35-44,United Kingdom,Small,Partner,Business
C05136,2025-06-28,25-34,United States,Medium,Partner,Individual
C05137,2025-07-20,45-54,United States,Medium,Google Ads,Individual
C05138,2025-05-14,55+,India,Small,Referral,Individual
C05139,2026-02-25,25-34,India,Individual,Referral,Business
C05140,2026-04-11,25-34,Australia,Individual,Email,Individual
C05141,2025-11-02,25-34,United Kingdom,Individual,Email,Individual
C05142,2025-11-28,25-34,India,Individual,Google Ads,Individual
C05143,2026-01-13,35-44,Australia,Individual,Referral,Individual
C05144,2026-01-15,45-54,India,Small,Referral,Individual
C05145,2025-08-20,25-34,Singapore,Individual,Google Ads,Individual
C05146,2025-05-10,25-34,United Kingdom,Individual,Google Ads,Business
C05147,2026-02-11,45-54,India,Small,Meta Ads,Business
C05148,2025-05-06,35-44,India,Large,Partner,Business
C05149,2026-04-14,35-44,India,Medium,Meta Ads,Business
C05150,2025-01-13,55+,Canada,Small,Meta Ads,Business
C05151,2025-06-11,25-34,Australia,Small,Google Ads,Business
C05152,2025-07-21,18-24,United States,Individual,Google Ads,Individual
C05153,2026-01-15,25-34,United States,Individual,Google Ads,Individual
C05154,2025-07-23,25-34,India,Medium,Meta Ads,Individual
C05155,2025-03-16,45-54,United States,Large,Meta Ads,Business
C05156,2025-07-21,25-34,India,Small,Organic,Business
C05157,2026-04-14,35-44,India,Small,Organic,Individual
C05158,2025-03-15,25-34,United Kingdom,Small,Meta Ads,Individual
C05159,2025-12-21,35-44,India,Individual,Organic,Individual
C05160,2025-03-15,25-34,Singapore,Individual,Referral,Individual
C05161,2025-08-25,35-44,Canada,Medium,Organic,Individual
C05162,2025-01-11,25-34,India,Individual,Organic,Individual
C05163,2026-03-06,25-34,India,Small,Organic,Individual
C05164,2026-04-20,25-34,Australia,Small,Partner,Individual
C05165,2025-09-04,25-34,United Kingdom,Individual,Referral,Business
C05166,2025-03-30,18-24,India,Small,Referral,Individual
C05167,2026-05-14,35-44,India,Small,Google Ads,Individual
C05168,2025-04-30,18-24,United Kingdom,Large,Email,Business
C05169,2025-06-12,25-34,United States,Small,Organic,Individual
C05170,2025-11-20,18-24,United Kingdom,Individual,Organic,Individual
C05171,2025-03-01,35-44,United States,Large,Organic,Individual
C05172,2026-03-02,25-34,India,Large,Meta Ads,Individual
C05173,2025-10-30,45-54,India,Small,Partner,Business
C05174,2026-02-27,25-34,United Kingdom,Small,Google Ads,Business
C05175,2026-03-09,35-44,United States,Individual,Google Ads,Individual
C05176,2025-02-04,35-44,United Kingdom,Large,Google Ads,Individual
C05177,2026-04-23,25-34,United States,Individual,Referral,Individual
C05178,2025-06-21,35-44,United Kingdom,Small,Meta Ads,Business
C05179,2025-11-03,55+,India,Small,Partner,Individual
C05180,2025-04-18,55+,United States,Medium,Google Ads,Individual
C05181,2025-12-24,35-44,United States,Individual,Organic,Business
C05182,2025-11-04,18-24,Singapore,Individual,Partner,Individual
C05183,2026-04-14,45-54,India,Small,Organic,Individual
C05184,2026-01-20,45-54,India,Individual,Meta Ads,Individual
C05185,2025-02-02,18-24,India,Medium,Partner,Business
C05186,2025-11-25,25-34,India,Small,Email,Business
C05187,2025-03-07,25-34,India,Individual,Google Ads,Individual
C05188,2025-10-07,35-44,India,Individual,Google Ads,Individual
C05189,2025-10-09,25-34,Australia,Individual,Meta Ads,Individual
C05190,2025-04-19,25-34,India,Individual,Organic,Individual
C05191,2025-03-01,25-34,India,Medium,Organic,Individual
C05192,2025-07-11,25-34,Singapore,Individual,Meta Ads,Individual
C05193,2025-09-05,55+,India,Individual,Google Ads,Individual
C05194,2026-03-21,25-34,India,Medium,Referral,Individual
C05195,2025-04-20,18-24,United Kingdom,Medium,Google Ads,Business
C05196,2025-06-03,25-34,Canada,Individual,Organic,Individual
C05197,2025-01-31,25-34,Canada,Small,Email,Individual
C05198,2025-08-03,35-44,India,Individual,Organic,Business
C05199,2025-03-15,35-44,India,Individual,Google Ads,Business
C05200,2025-09-16,35-44,Australia,Small,Organic,Individual
C05201,2025-12-01,35-44,United States,Small,Referral,Individual
C05202,2025-01-19,45-54,India,Individual,Google Ads,Individual
C05203,2025-02-02,45-54,United Kingdom,Medium,Referral,Individual
C05204,2026-02-03,25-34,India,Individual,Organic,Business
C05205,2026-03-31,35-44,India,Individual,Organic,Individual
C05206,2025-11-21,25-34,India,Large,Email,Business
C05207,2025-08-20,25-34,India,Large,Meta Ads,Business
C05208,2025-01-02,25-34,India,Medium,Google Ads,Individual
C05209,2025-05-14,35-44,India,Medium,Referral,Business
C05210,2025-05-05,25-34,United States,Small,Email,Business
C05211,2026-02-02,35-44,India,Small,Referral,Business
C05212,2025-11-09,25-34,India,Medium,Organic,Individual
C05213,2026-02-16,45-54,India,Individual,Partner,Individual
C05214,2025-05-13,18-24,India,Small,Organic,Business
C05215,2025-08-23,45-54,India,Large,Google Ads,Individual
C05216,2026-05-02,18-24,India,Individual,Google Ads,Business
C05217,2025-09-08,18-24,United States,Large,Organic,Individual
C05218,2026-02-15,18-24,Canada,Individual,Meta Ads,Individual
C05219,2025-11-06,25-34,Australia,Small,Google Ads,Individual
C05220,2025-12-19,25-34,India,Small,Organic,Business
C05221,2026-04-24,35-44,United States,Small,Google Ads,Individual
C05222,2026-04-21,25-34,India,Small,Google Ads,Business
C05223,2025-01-16,35-44,India,Individual,Organic,Individual
C05224,2025-04-21,55+,Australia,Small,Referral,Business
C05225,2026-02-03,25-34,Canada,Individual,Organic,Individual
C05226,2025-04-04,35-44,United Kingdom,Large,Organic,Individual
C05227,2025-06-18,35-44,India,Individual,Google Ads,Individual
C05228,2025-05-06,35-44,India,Small,Organic,Business
C05229,2026-01-07,45-54,India,Individual,Referral,Individual
C05230,2025-02-22,25-34,India,Small,Google Ads,Business
C05231,2025-07-07,25-34,Canada,Medium,Organic,Individual
C05232,2025-01-26,45-54,India,Small,Google Ads,Individual
C05233,2025-07-14,18-24,India,Individual,Organic,Business
C05234,2026-01-24,25-34,Australia,Medium,Google Ads,Individual
C05235,2025-03-03,35-44,India,Individual,Meta Ads,Business
C05236,2025-06-09,45-54,United States,Large,Organic,Individual
C05237,2025-08-27,35-44,India,Small,Organic,Individual
C05238,2025-01-27,35-44,United States,Small,Google Ads,Business
C05239,2025-06-26,18-24,Canada,Individual,Google Ads,Business
C05240,2025-12-01,25-34,India,Small,Meta Ads,Business
C05241,2025-09-01,18-24,India,Individual,Partner,Individual
C05242,2025-04-16,25-34,India,Individual,Referral,Individual
C05243,2025-08-14,35-44,India,Large,Referral,Individual
C05244,2026-04-24,25-34,United States,Individual,Organic,Individual
C05245,2025-08-13,45-54,Canada,Small,Email,Individual
C05246,2025-07-01,25-34,India,Small,Referral,Individual
C05247,2025-05-02,18-24,India,Individual,Organic,Business
C05248,2025-12-20,45-54,India,Individual,Partner,Individual
C05249,2025-02-05,25-34,India,Individual,Google Ads,Business
C05250,2025-02-13,18-24,United States,Individual,Meta Ads,Individual
C05251,2025-08-08,25-34,India,Individual,Organic,Business
C05252,2025-11-26,45-54,India,Small,Google Ads,Business
C05253,2025-09-01,25-34,Singapore,Individual,Partner,Business
C05254,2026-03-07,18-24,India,Individual,Referral,Individual
C05255,2025-04-20,25-34,India,Medium,Google Ads,Individual
C05256,2025-08-07,25-34,Singapore,Individual,Google Ads,Individual
C05257,2025-07-22,35-44,United Kingdom,Individual,Organic,Individual
C05258,2025-10-12,45-54,Australia,Individual,Organic,Individual
C05259,2025-11-19,45-54,United States,Individual,Google Ads,Business
C05260,2025-09-27,45-54,India,Individual,Partner,Individual
C05261,2026-02-20,25-34,India,Large,Organic,Individual
C05262,2025-11-10,25-34,India,Medium,Referral,Individual
C05263,2025-05-28,45-54,Singapore,Medium,Referral,Business
C05264,2025-01-15,25-34,Australia,Small,Meta Ads,Individual
C05265,2025-03-28,45-54,Australia,Medium,Organic,Business
C05266,2025-06-04,35-44,India,Large,Referral,Business
C05267,2025-06-09,25-34,India,Individual,Email,Individual
C05268,2025-05-01,25-34,India,Individual,Partner,Individual
C05269,2025-12-20,25-34,United States,Small,Meta Ads,Business
C05270,2026-05-05,18-24,India,Small,Meta Ads,Individual
C05271,2025-12-23,55+,United States,Small,Partner,Individual
C05272,2026-05-03,35-44,India,Small,Referral,Individual
C05273,2025-03-09,18-24,United States,Small,Referral,Individual
C05274,2026-01-29,25-34,United Kingdom,Medium,Google Ads,Business
C05275,2025-06-16,55+,India,Individual,Partner,Individual
C05276,2025-07-16,35-44,India,Individual,Meta Ads,Business
C05277,2025-10-24,45-54,Australia,Medium,Referral,Individual
C05278,2025-03-28,45-54,United Kingdom,Individual,Partner,Individual
C05279,2026-04-23,45-54,India,Individual,Organic,Individual
C05280,2025-12-05,35-44,India,Individual,Partner,Individual
C05281,2025-05-28,45-54,India,Individual,Referral,Individual
C05282,2025-03-12,18-24,Canada,Small,Referral,Business
C05283,2025-10-31,45-54,Singapore,Individual,Organic,Individual
C05284,2025-07-05,45-54,India,Individual,Email,Individual
C05285,2025-07-05,55+,Australia,Individual,Google Ads,Individual
C05286,2026-03-04,25-34,India,Large,Email,Business
C05287,2026-03-23,25-34,United States,Small,Referral,Individual
C05288,2026-04-01,18-24,United States,Individual,Organic,Business
C05289,2026-03-09,55+,India,Individual,Google Ads,Business
C05290,2025-04-15,45-54,India,Individual,Email,Individual
C05291,2025-07-06,35-44,Australia,Individual,Partner,Business
C05292,2025-07-15,25-34,India,Individual,Meta Ads,Individual
C05293,2026-01-23,18-24,United States,Small,Google Ads,Business
C05294,2026-01-20,18-24,India,Individual,Google Ads,Business
C05295,2025-07-02,45-54,Canada,Large,Email,Business
C05296,2025-11-09,18-24,Canada,Large,Google Ads,Individual
C05297,2026-03-09,55+,Canada,Small,Google Ads,Individual
C05298,2025-12-02,25-34,United Kingdom,Individual,Referral,Business
C05299,2025-09-23,25-34,United Kingdom,Individual,Meta Ads,Individual
C05300,2026-02-03,55+,India,Individual,Google Ads,Individual
C05301,2026-01-12,45-54,India,Small,Referral,Business
C05302,2025-04-22,25-34,India,Medium,Email,Individual
C05303,2025-07-31,18-24,India,Small,Google Ads,Business
C05304,2026-04-26,25-34,United States,Small,Meta Ads,Business
C05305,2025-04-28,45-54,India,Individual,Organic,Business
C05306,2025-12-06,25-34,Canada,Small,Organic,Business
C05307,2026-04-04,55+,India,Small,Google Ads,Individual
C05308,2026-02-05,45-54,United States,Small,Email,Business
C05309,2026-01-16,45-54,India,Individual,Partner,Individual
C05310,2025-10-17,45-54,India,Medium,Google Ads,Business
C05311,2025-10-12,35-44,India,Individual,Google Ads,Individual
C05312,2026-02-28,35-44,India,Medium,Organic,Individual
C05313,2026-03-31,25-34,United States,Individual,Organic,Individual
C05314,2025-05-20,45-54,India,Individual,Organic,Business
C05315,2025-04-06,18-24,India,Individual,Google Ads,Business
C05316,2025-03-19,35-44,India,Small,Organic,Individual
C05317,2026-01-21,18-24,India,Small,Google Ads,Individual
C05318,2025-01-03,25-34,India,Small,Partner,Individual
C05319,2025-08-02,45-54,United Kingdom,Individual,Organic,Individual
C05320,2026-02-25,18-24,Singapore,Individual,Organic,Business
C05321,2025-06-08,25-34,India,Individual,Referral,Business
C05322,2025-07-14,35-44,Australia,Individual,Google Ads,Business
C05323,2025-06-14,45-54,United Kingdom,Medium,Organic,Individual
C05324,2025-03-02,25-34,Canada,Medium,Google Ads,Individual
C05325,2026-05-13,25-34,United States,Individual,Partner,Individual
C05326,2025-01-20,45-54,India,Large,Referral,Individual
C05327,2025-10-14,18-24,India,Individual,Referral,Business
C05328,2025-01-20,35-44,India,Small,Meta Ads,Individual
C05329,2025-06-25,18-24,United Kingdom,Individual,Meta Ads,Individual
C05330,2025-03-31,45-54,Australia,Individual,Organic,Business
C05331,2026-03-17,25-34,United Kingdom,Small,Partner,Business
C05332,2025-05-30,35-44,United States,Individual,Email,Business
C05333,2026-05-14,45-54,India,Individual,Organic,Individual
C05334,2025-09-19,55+,India,Medium,Partner,Business
C05335,2025-02-03,25-34,India,Large,Organic,Individual
C05336,2025-08-14,25-34,United States,Small,Partner,Business
C05337,2025-10-22,25-34,United States,Individual,Meta Ads,Business
C05338,2025-01-04,55+,United Kingdom,Medium,Organic,Individual
C05339,2026-02-02,35-44,India,Individual,Meta Ads,Business
C05340,2025-04-04,25-34,India,Medium,Google Ads,Individual
C05341,2025-10-08,35-44,United States,Small,Email,Individual
C05342,2026-04-12,45-54,United States,Medium,Organic,Business
C05343,2026-01-20,45-54,Canada,Medium,Google Ads,Business
C05344,2025-02-10,25-34,India,Small,Meta Ads,Individual
C05345,2026-04-04,45-54,Canada,Individual,Organic,Individual
C05346,2025-01-02,45-54,India,Small,Email,Individual
C05347,2025-05-26,35-44,Australia,Medium,Email,Individual
C05348,2025-05-16,18-24,Australia,Individual,Referral,Business
C05349,2025-08-28,18-24,United States,Individual,Organic,Business
C05350,2026-03-14,25-34,United States,Medium,Google Ads,Business
C05351,2025-04-11,18-24,India,Individual,Organic,Individual
C05352,2025-11-09,35-44,India,Large,Referral,Individual
C05353,2025-07-12,35-44,United States,Individual,Google Ads,Individual
C05354,2025-03-04,35-44,India,Small,Partner,Business
C05355,2025-05-09,35-44,India,Small,Organic,Business
C05356,2025-02-28,45-54,Singapore,Individual,Meta Ads,Business
C05357,2026-02-12,35-44,India,Large,Referral,Individual
C05358,2025-11-23,45-54,India,Large,Referral,Business
C05359,2026-02-12,25-34,Canada,Individual,Partner,Business
C05360,2025-12-27,35-44,India,Individual,Organic,Individual
C05361,2025-05-19,45-54,United States,Small,Google Ads,Individual
C05362,2025-12-31,18-24,United States,Small,Google Ads,Individual
C05363,2025-03-02,45-54,United Kingdom,Individual,Organic,Business
C05364,2026-05-14,35-44,India,Medium,Organic,Business
C05365,2025-03-10,18-24,United Kingdom,Small,Meta Ads,Business
C05366,2025-10-17,25-34,India,Individual,Email,Individual
C05367,2025-04-06,35-44,United States,Small,Email,Individual
C05368,2025-01-02,35-44,Canada,Individual,Partner,Individual
C05369,2025-06-05,25-34,Singapore,Large,Google Ads,Individual
C05370,2026-04-25,45-54,India,Large,Referral,Individual
C05371,2025-08-04,55+,United States,Individual,Meta Ads,Business
C05372,2025-09-18,35-44,India,Medium,Referral,Individual
C05373,2025-05-14,25-34,India,Medium,Referral,Individual
C05374,2026-03-21,25-34,Singapore,Large,Organic,Individual
C05375,2026-05-10,55+,India,Individual,Organic,Business
C05376,2025-05-16,25-34,India,Individual,Email,Business
C05377,2025-03-28,25-34,India,Medium,Partner,Business
C05378,2025-09-06,18-24,United States,Medium,Meta Ads,Individual
C05379,2025-08-02,35-44,India,Small,Organic,Business
C05380,2025-11-03,18-24,United States,Individual,Email,Individual
C05381,2025-07-15,55+,India,Individual,Meta Ads,Individual
C05382,2026-04-02,35-44,India,Individual,Referral,Individual
C05383,2025-05-03,55+,India,Small,Google Ads,Individual
C05384,2025-09-25,45-54,Canada,Small,Referral,Individual
C05385,2026-04-23,35-44,India,Medium,Organic,Individual
C05386,2025-09-02,25-34,United States,Large,Meta Ads,Individual
C05387,2025-12-22,25-34,United Kingdom,Small,Google Ads,Business
C05388,2025-06-18,18-24,Singapore,Individual,Meta Ads,Individual
C05389,2025-11-30,35-44,Australia,Large,Organic,Business
C05390,2026-04-07,25-34,India,Medium,Organic,Business
C05391,2025-07-16,25-34,United Kingdom,Small,Organic,Individual
C05392,2025-12-04,45-54,India,Individual,Email,Individual
C05393,2025-01-10,25-34,United States,Individual,Email,Individual
C05394,2025-06-30,35-44,India,Individual,Meta Ads,Individual
C05395,2025-06-14,35-44,India,Small,Partner,Individual
C05396,2025-06-17,25-34,India,Individual,Referral,Individual
C05397,2026-01-20,35-44,Singapore,Small,Organic,Individual
C05398,2025-11-22,35-44,India,Medium,Google Ads,Individual
C05399,2025-08-08,18-24,United Kingdom,Medium,Organic,Individual
C05400,2025-07-05,55+,India,Individual,Referral,Individual
C05401,2025-06-05,25-34,India,Small,Google Ads,Individual
C05402,2026-03-08,35-44,India,Small,Organic,Business
C05403,2025-04-29,25-34,India,Small,Google Ads,Individual
C05404,2025-04-14,35-44,India,Small,Referral,Business
C05405,2026-01-22,25-34,United States,Individual,Referral,Individual
C05406,2025-02-27,25-34,India,Individual,Organic,Individual
C05407,2025-07-14,25-34,India,Small,Google Ads,Individual
C05408,2025-12-28,25-34,United Kingdom,Individual,Organic,Individual
C05409,2025-01-19,35-44,India,Small,Organic,Individual
C05410,2025-03-15,25-34,United States,Small,Google Ads,Individual
C05411,2026-03-28,25-34,Australia,Small,Google Ads,Business
C05412,2025-02-04,45-54,India,Medium,Referral,Individual
C05413,2025-11-24,45-54,Canada,Small,Referral,Individual
C05414,2025-11-02,18-24,Singapore,Individual,Google Ads,Individual
C05415,2025-12-23,35-44,India,Large,Organic,Individual
C05416,2025-10-25,45-54,India,Individual,Email,Business
C05417,2025-02-22,25-34,India,Medium,Meta Ads,Business
C05418,2025-04-02,45-54,United States,Small,Email,Individual
C05419,2025-06-11,25-34,Canada,Individual,Referral,Individual
C05420,2025-03-06,35-44,United States,Individual,Referral,Individual
C05421,2025-11-17,35-44,United States,Individual,Referral,Individual
C05422,2025-12-12,25-34,,Individual,Referral,Individual
C05423,2026-03-05,45-54,Canada,Individual,Google Ads,Individual
C05424,2025-10-23,35-44,Singapore,Medium,Organic,Individual
C05425,2026-04-26,25-34,India,Large,Google Ads,Business
C05426,2025-05-14,25-34,United States,Medium,Organic,Individual
C05427,2025-05-21,55+,Australia,Individual,Organic,Business
C05428,2025-11-28,25-34,Canada,Small,Organic,Individual
C05429,2026-01-29,25-34,United Kingdom,Individual,Meta Ads,Individual
C05430,2025-02-02,25-34,Canada,Individual,Referral,Individual
C05431,2025-10-11,45-54,United States,Large,Organic,Business
C05432,2025-04-08,45-54,India,Individual,Google Ads,Individual
C05433,2025-05-24,25-34,India,Individual,Meta Ads,Individual
C05434,2026-04-01,18-24,India,Individual,Referral,Individual
C05435,2025-08-25,35-44,United States,Individual,Organic,Business
C05436,2025-02-17,25-34,India,Large,Meta Ads,Individual
C05437,2025-03-29,25-34,India,Individual,Google Ads,Business
C05438,2026-03-11,45-54,Singapore,Individual,Referral,Individual
C05439,2025-08-28,25-34,United Kingdom,Small,Organic,Individual
C05440,2026-01-09,35-44,United Kingdom,Medium,Meta Ads,Business
C05441,2025-04-07,35-44,United Kingdom,Individual,Google Ads,Individual
C05442,2025-02-04,45-54,United States,Individual,Partner,Business
C05443,2025-12-03,18-24,Australia,Small,Google Ads,Individual
C05444,2025-12-17,35-44,United States,Medium,Referral,Business
C05445,2025-06-09,45-54,Canada,Small,Organic,Business
C05446,2025-10-08,45-54,India,Individual,Meta Ads,Individual
C05447,2026-04-27,45-54,India,Large,Meta Ads,Business
C05448,2025-04-29,35-44,India,Small,Organic,Business
C05449,2025-12-07,45-54,Canada,Small,Meta Ads,Business
C05450,2025-09-24,35-44,Australia,Individual,Google Ads,Business
C05451,2025-03-06,25-34,United States,Individual,Email,Business
C05452,2026-01-09,55+,India,Individual,Organic,Individual
C05453,2026-02-10,55+,India,Individual,Organic,Business
C05454,2025-12-18,55+,United States,Individual,Meta Ads,Individual
C05455,2025-01-18,55+,India,Individual,Email,Business
C05456,2026-03-21,18-24,United Kingdom,Small,Email,Business
C05457,2025-05-01,18-24,India,Small,Organic,Individual
C05458,2026-02-20,35-44,India,Individual,Organic,Individual
C05459,2025-02-12,45-54,India,Small,Referral,Individual
C05460,2025-12-09,35-44,India,Small,Organic,Business
C05461,2025-10-02,25-34,India,Large,Email,Business
C05462,2025-08-01,25-34,India,Medium,Referral,Individual
C05463,2025-08-03,18-24,Canada,Medium,Google Ads,Individual
C05464,2025-11-26,25-34,India,Small,Partner,Business
C05465,2025-07-06,45-54,United Kingdom,Small,Google Ads,Business
C05466,2025-12-30,55+,Canada,Medium,Meta Ads,Individual
C05467,2025-05-19,35-44,India,Large,Google Ads,Business
C05468,2025-03-08,25-34,Singapore,Medium,Email,Individual
C05469,2025-11-11,25-34,India,Small,Partner,Business
C05470,2025-05-11,25-34,Canada,Individual,Organic,Business
C05471,2025-02-11,25-34,United States,Large,Partner,Business
C05472,2025-08-30,18-24,United Kingdom,Large,Referral,Individual
C05473,2025-06-18,35-44,Singapore,Small,Partner,Business
C05474,2026-03-22,35-44,India,Medium,Organic,Individual
C05475,2025-10-12,25-34,India,Individual,Meta Ads,Individual
C05476,2025-08-03,35-44,India,Individual,Meta Ads,Individual
C05477,2026-03-01,35-44,United Kingdom,Medium,Google Ads,Individual
C05478,2025-03-06,35-44,United States,Medium,Organic,Individual
C05479,2025-04-15,25-34,United States,Individual,Google Ads,Individual
C05480,2025-08-28,18-24,United States,Small,Partner,Business
C05481,2025-02-24,35-44,Singapore,Individual,Google Ads,Individual
C05482,2025-12-24,45-54,United States,Individual,Google Ads,Individual
C05483,2026-03-30,18-24,United Kingdom,Individual,Referral,Business
C05484,2025-06-10,35-44,Australia,Individual,Meta Ads,Individual
C05485,2026-02-15,25-34,India,Individual,Google Ads,Individual
C05486,2025-04-16,25-34,United States,Individual,Meta Ads,Individual
C05487,2026-03-09,18-24,India,Small,Email,Individual
C05488,2025-02-13,18-24,India,Individual,Google Ads,Business
C05489,2025-01-09,25-34,United Kingdom,Large,Referral,Individual
C05490,2026-04-21,45-54,Singapore,Small,Google Ads,Business
C05491,2025-02-02,25-34,United States,Individual,Google Ads,Business
C05492,2026-04-05,45-54,Singapore,Individual,Organic,Individual
C05493,2026-03-26,25-34,Singapore,Individual,Meta Ads,Individual
C05494,2025-03-14,35-44,United Kingdom,Individual,Google Ads,Individual
C05495,2025-12-24,18-24,United Kingdom,Individual,Google Ads,Individual
C05496,2025-10-23,25-34,Australia,Small,Email,Business
C05497,2025-01-29,18-24,Australia,Medium,Organic,Business
C05498,2025-05-19,25-34,United States,Medium,Referral,Individual
C05499,2026-01-11,35-44,India,Individual,Meta Ads,Business
C05500,2025-01-20,55+,Canada,Small,Referral,Individual
C05501,2025-05-14,35-44,United States,Individual,Google Ads,Individual
C05502,2025-11-30,45-54,India,Individual,Email,Individual
C05503,2026-01-19,35-44,Australia,Large,Partner,Individual
C05504,2026-04-03,25-34,India,Individual,Organic,Business
C05505,2025-02-14,25-34,United States,Individual,Referral,Business
C05506,2025-02-03,35-44,United Kingdom,Individual,Meta Ads,Business
C05507,2026-05-02,35-44,Canada,Medium,Organic,Business
C05508,2025-01-19,25-34,India,Individual,Partner,Individual
C05509,2026-02-06,45-54,United Kingdom,Small,Organic,Individual
C05510,2025-08-27,18-24,United States,Medium,Google Ads,Individual
C05511,2026-01-17,18-24,Canada,Small,Meta Ads,Individual
C05512,2025-11-30,25-34,India,Small,Organic,Individual
C05513,2026-02-09,25-34,India,Individual,Partner,Individual
C05514,2025-11-25,18-24,India,Individual,Referral,Individual
C05515,2025-12-28,25-34,India,Individual,Google Ads,Individual
C05516,2026-04-28,25-34,Australia,Small,Meta Ads,Business
C05517,2025-12-08,45-54,India,Medium,Referral,Business
C05518,2026-01-05,45-54,India,Small,Organic,Individual
C05519,2025-10-05,25-34,India,Medium,Google Ads,Business
C05520,2025-08-17,18-24,United States,Small,Referral,Individual
C05521,2026-02-20,25-34,India,Large,Partner,Individual
C05522,2026-02-24,18-24,United States,Individual,Organic,Business
C05523,2025-10-09,25-34,Canada,Individual,Meta Ads,Business
C05524,2026-04-03,35-44,India,Individual,Email,Individual
C05525,2026-03-04,25-34,United Kingdom,Small,Meta Ads,Business
C05526,2026-04-14,55+,India,Individual,Partner,Individual
C05527,2025-02-22,18-24,Canada,Individual,Partner,Business
C05528,2025-05-23,18-24,United States,Individual,Meta Ads,Individual
C05529,2025-09-17,45-54,India,Individual,Meta Ads,Business
C05530,2025-03-31,25-34,Australia,Individual,Referral,Individual
C05531,2025-10-07,35-44,India,Small,Organic,Individual
C05532,2025-02-20,18-24,United States,Individual,Google Ads,Individual
C05533,2025-11-26,35-44,India,Medium,Meta Ads,Individual
C05534,2025-08-05,35-44,India,Individual,Partner,Business
C05535,2025-04-06,45-54,India,Small,Organic,Business
C05536,2025-12-30,35-44,United States,Medium,Google Ads,Business
C05537,2025-07-07,25-34,United States,Medium,Meta Ads,Business
C05538,2025-09-01,25-34,India,Small,Partner,Business
C05539,2025-05-04,45-54,United States,Individual,Meta Ads,Business
C05540,2025-03-24,25-34,United States,Individual,Organic,Business
C05541,2026-01-31,25-34,Canada,Individual,Organic,Business
C05542,2025-03-29,35-44,India,Individual,Partner,Individual
C05543,2025-05-21,35-44,India,Individual,Partner,Individual
C05544,2026-03-04,25-34,Canada,Small,Organic,Individual
C05545,2025-02-11,35-44,United States,Individual,Referral,Individual
C05546,2025-05-09,45-54,India,Individual,Referral,Business
C05547,2025-05-20,35-44,India,Individual,Partner,Individual
C05548,2026-03-15,35-44,India,Medium,Organic,Individual
C05549,2026-05-09,25-34,Australia,Individual,Meta Ads,Individual
C05550,2025-01-20,25-34,Singapore,Individual,Google Ads,Business
C05551,2025-06-28,35-44,Australia,Small,Referral,Individual
C05552,2025-11-12,45-54,India,Small,Partner,Business
C05553,2026-04-27,25-34,Australia,Individual,Organic,Individual
C05554,2026-01-11,25-34,Canada,Small,Organic,Business
C05555,2025-06-12,25-34,India,Individual,Organic,Individual
C05556,2026-03-18,25-34,United States,Individual,Referral,Individual
C05557,2025-10-14,35-44,India,Individual,Email,Individual
C05558,2025-08-01,18-24,Australia,Small,Organic,Business
C05559,2026-02-06,45-54,Australia,Large,Referral,Business
C05560,2025-04-01,35-44,Canada,Large,Organic,Individual
C05561,2025-07-29,45-54,India,Medium,Meta Ads,Individual
C05562,2025-12-03,55+,India,Small,Referral,Individual
C05563,2026-02-18,18-24,India,Small,Referral,Business
C05564,2025-03-09,25-34,India,Individual,Partner,Business
C05565,2025-12-11,25-34,Australia,Individual,Google Ads,Individual
C05566,2026-02-18,55+,India,Medium,Referral,Individual
C05567,2025-04-14,35-44,Canada,Large,Meta Ads,Business
C05568,2026-05-16,25-34,India,Individual,Referral,Individual
C05569,2025-05-27,25-34,India,Small,Referral,Business
C05570,2025-12-18,18-24,India,Medium,Organic,Individual
C05571,2026-04-02,45-54,India,Small,Organic,Individual
C05572,2025-02-24,25-34,India,Medium,Referral,Business
C05573,2025-06-27,45-54,India,Small,Google Ads,Business
C05574,2026-05-09,18-24,India,Individual,Partner,Individual
C05575,2026-03-22,25-34,India,Individual,Referral,Individual
C05576,2025-04-04,35-44,India,Large,Organic,Business
C05577,2025-07-04,25-34,United States,Small,Meta Ads,Individual
C05578,2025-07-25,18-24,United States,Medium,Email,Individual
C05579,2025-07-21,18-24,India,Individual,Google Ads,Individual
C05580,2025-04-06,25-34,India,Small,Organic,Individual
C05581,2026-03-22,25-34,United States,Individual,Meta Ads,Business
C05582,2025-10-02,18-24,United Kingdom,Small,Organic,Business
C05583,2025-12-10,45-54,India,Small,Meta Ads,Individual
C05584,2026-02-11,45-54,United States,Small,Partner,Individual
C05585,2025-06-16,45-54,India,Medium,Google Ads,Individual
C05586,2025-06-15,35-44,Australia,Individual,Organic,Business
C05587,2025-04-11,25-34,India,Individual,Meta Ads,Individual
C05588,2025-01-01,55+,India,Large,Referral,Business
C05589,2025-07-27,35-44,United Kingdom,Medium,Organic,Business
C05590,2026-02-23,18-24,United Kingdom,Individual,Organic,Business
C05591,2026-01-20,25-34,Australia,Individual,Referral,Individual
C05592,2025-04-11,25-34,Canada,Individual,Organic,Individual
C05593,2025-10-08,45-54,United States,Large,Referral,Business
C05594,2026-02-05,35-44,India,Medium,Google Ads,Business
C05595,2025-07-07,35-44,India,Individual,Email,Business
C05596,2025-06-02,25-34,India,Medium,Organic,Business
C05597,2025-12-27,25-34,Australia,Small,Partner,Individual
C05598,2026-03-20,35-44,India,Individual,Email,Individual
C05599,2025-03-07,18-24,Canada,Medium,Partner,Individual
C05600,2025-03-10,25-34,United Kingdom,Individual,Partner,Business
C05601,2025-12-09,45-54,India,Small,Organic,Individual
C05602,2026-03-06,25-34,India,Individual,Email,Business
C05603,2026-02-21,25-34,Australia,Medium,Google Ads,Individual
C05604,2026-04-08,35-44,United States,Large,Organic,Individual
C05605,2025-09-17,25-34,United Kingdom,Individual,Google Ads,Individual
C05606,2026-04-07,45-54,United States,Individual,Referral,Individual
C05607,2026-04-17,45-54,India,Large,Partner,Business
C05608,2025-08-25,25-34,United Kingdom,Individual,Organic,Business
C05609,2025-01-27,35-44,India,Individual,Organic,Business
C05610,2025-03-27,25-34,United States,Individual,Google Ads,Individual
C05611,2025-07-06,25-34,United States,Individual,Google Ads,Individual
C05612,2025-01-23,25-34,Singapore,Medium,Organic,Business
C05613,2026-04-01,55+,United Kingdom,Medium,Meta Ads,Business
C05614,2025-08-27,18-24,India,Small,Partner,Business
C05615,2026-03-19,25-34,India,Individual,Organic,Individual
C05616,2025-11-29,25-34,United Kingdom,Individual,Meta Ads,Business
C05617,2025-03-09,35-44,India,Small,Referral,Business
C05618,2025-06-16,35-44,India,Small,Google Ads,Business
C05619,2025-04-18,25-34,India,Small,Organic,Individual
C05620,2025-12-26,55+,India,Individual,Referral,Business
C05621,2025-01-27,25-34,United Kingdom,Individual,Google Ads,Individual
C05622,2025-12-03,35-44,United States,Medium,Organic,Individual
C05623,2025-04-13,25-34,United Kingdom,Small,Referral,Individual
C05624,2026-05-10,25-34,India,Individual,Email,Business
C05625,2025-05-15,25-34,India,Large,Organic,Business
C05626,2026-04-13,25-34,Canada,Small,Meta Ads,Business
C05627,2026-01-17,25-34,Canada,Small,Referral,Individual
C05628,2026-02-12,45-54,United States,Individual,Google Ads,Individual
C05629,2025-01-05,55+,United Kingdom,Individual,Email,Business
C05630,2025-09-30,35-44,United States,Small,Organic,Individual
C05631,2025-10-31,35-44,India,Medium,Organic,Business
C05632,2025-12-05,25-34,United Kingdom,Individual,Organic,Business
C05633,2025-03-30,35-44,United States,Small,Google Ads,Individual
C05634,2025-06-14,25-34,India,Individual,Email,Business
C05635,2025-07-13,45-54,United States,Individual,Referral,Business
C05636,2026-04-20,35-44,India,Individual,Meta Ads,Business
C05637,2025-12-12,25-34,United States,Small,Google Ads,Business
C05638,2025-07-24,45-54,India,Medium,Organic,Business
C05639,2025-02-16,45-54,India,Large,Organic,Business
C05640,2025-06-21,25-34,India,Medium,Organic,Individual
C05641,2025-10-19,35-44,United Kingdom,Individual,Google Ads,Business
C05642,2025-12-19,35-44,India,Small,Organic,Business
C05643,2025-10-01,35-44,Singapore,Small,Organic,Individual
C05644,2026-01-30,35-44,United States,Large,Referral,Individual
C05645,2025-09-14,35-44,United States,Individual,Organic,Individual
C05646,2026-03-20,45-54,Australia,Individual,Meta Ads,Individual
C05647,2026-02-26,45-54,India,Individual,Organic,Individual
C05648,2025-08-22,35-44,United Kingdom,Small,Organic,Business
C05649,2025-04-05,25-34,United States,Medium,Partner,Individual
C05650,2026-01-22,45-54,India,Individual,Referral,Individual
C05651,2026-02-20,18-24,India,Small,Organic,Business
C05652,2026-02-11,18-24,Singapore,Individual,Meta Ads,Business
C05653,2025-08-30,45-54,Canada,Small,Organic,Individual
C05654,2026-03-21,35-44,India,Individual,Meta Ads,Individual
C05655,2026-03-29,18-24,Australia,Large,Referral,Business
C05656,2025-05-28,25-34,India,Individual,Referral,Individual
C05657,2025-03-17,35-44,India,Individual,Partner,Individual
C05658,2026-03-14,25-34,Canada,Small,Google Ads,Individual
C05659,2025-11-14,25-34,India,Medium,Referral,Business
C05660,2025-08-09,25-34,India,Small,Organic,Business
C05661,2025-03-30,35-44,India,Individual,Organic,Individual
C05662,2026-02-24,25-34,India,Individual,Referral,Individual
C05663,2025-07-17,25-34,Canada,Individual,Google Ads,Individual
C05664,2026-01-04,35-44,United States,Small,Referral,Individual
C05665,2025-05-13,35-44,Australia,Individual,Organic,Individual
C05666,2025-02-14,18-24,United States,Individual,Google Ads,Individual
C05667,2025-12-06,55+,Canada,Individual,Organic,Individual
C05668,2025-06-18,35-44,Canada,Individual,Email,Business
C05669,2025-06-04,45-54,Singapore,Individual,Organic,Business
C05670,2025-02-18,25-34,India,Small,Organic,Individual
C05671,2025-10-21,35-44,India,Individual,Referral,Individual
C05672,2026-01-18,25-34,India,Individual,Google Ads,Individual
C05673,2025-01-01,25-34,India,Small,Partner,Individual
C05674,2026-02-18,35-44,United Kingdom,Individual,Partner,Individual
C05675,2025-09-02,25-34,Australia,Individual,Organic,Individual
C05676,2025-03-03,35-44,India,Large,Organic,Individual
C05677,2025-12-01,45-54,India,Individual,Google Ads,Individual
C05678,2025-08-13,25-34,India,Large,Meta Ads,Business
C05679,2025-12-16,35-44,India,Medium,Organic,Individual
C05680,2026-03-18,25-34,Canada,Individual,Organic,Business
C05681,2025-01-10,35-44,India,Individual,Meta Ads,Business
C05682,2026-01-21,25-34,India,Small,Organic,Individual
C05683,2025-05-08,35-44,Australia,Individual,Google Ads,Individual
C05684,2026-01-18,25-34,Canada,Individual,Partner,Individual
C05685,2025-09-26,35-44,Australia,Medium,Organic,Business
C05686,2025-10-15,45-54,,Medium,Meta Ads,Individual
C05687,2026-03-05,35-44,India,Individual,Organic,Individual
C05688,2025-05-30,18-24,India,Individual,Meta Ads,Individual
C05689,2025-10-25,18-24,United States,Individual,Meta Ads,Individual
C05690,2025-12-26,35-44,United States,Small,Meta Ads,Individual
C05691,2025-12-22,25-34,India,Medium,Referral,Individual
C05692,2025-08-04,45-54,United Kingdom,Small,Google Ads,Individual
C05693,2026-04-02,25-34,United Kingdom,Individual,Meta Ads,Individual
C05694,2026-05-13,25-34,India,Individual,Google Ads,Individual
C05695,2025-07-25,25-34,India,Individual,Google Ads,Individual
C05696,2026-03-08,45-54,United States,Medium,Referral,Business
C05697,2025-09-07,25-34,India,Individual,Partner,Individual
C05698,2025-06-24,55+,United Kingdom,Medium,Partner,Individual
C05699,2026-01-17,35-44,India,Small,Organic,Business
C05700,2025-07-23,45-54,United States,Individual,Meta Ads,Business
C05701,2025-01-23,25-34,United Kingdom,Small,Google Ads,Individual
C05702,2025-06-09,45-54,India,Small,Organic,Individual
C05703,2025-05-17,45-54,India,Individual,Google Ads,Business
C05704,2025-09-09,35-44,United States,Individual,Organic,Business
C05705,2026-04-27,25-34,United States,Small,Referral,Business
C05706,2025-12-23,18-24,India,Small,Meta Ads,Individual
C05707,2025-07-21,45-54,United Kingdom,Small,Meta Ads,Individual
C05708,2025-02-23,35-44,India,Individual,Organic,Individual
C05709,2025-12-25,25-34,United Kingdom,Individual,Partner,Business
C05710,2025-11-06,45-54,India,Individual,Organic,Individual
C05711,2025-09-03,35-44,Canada,Small,Referral,Business
C05712,2025-11-16,18-24,United Kingdom,Individual,Meta Ads,Business
C05713,2025-11-01,25-34,Australia,Small,Organic,Business
C05714,2025-12-21,35-44,India,Large,Google Ads,Individual
C05715,2025-07-08,25-34,India,Individual,Organic,Business
C05716,2026-03-20,25-34,United States,Individual,Partner,Individual
C05717,2025-02-26,35-44,India,Small,Google Ads,Business
C05718,2025-11-21,45-54,India,Individual,Organic,Business
C05719,2026-04-10,25-34,India,Individual,Google Ads,Business
C05720,2025-08-19,25-34,India,Individual,Partner,Business
C05721,2026-04-10,35-44,Canada,Medium,Partner,Individual
C05722,2025-04-22,25-34,India,Individual,Google Ads,Individual
C05723,2025-03-27,25-34,Australia,Large,Referral,Individual
C05724,2025-01-28,45-54,United Kingdom,Large,Organic,Business
C05725,2025-11-13,35-44,India,Medium,Partner,Individual
C05726,2026-04-27,18-24,Canada,Medium,Referral,Individual
C05727,2025-10-25,45-54,India,Small,Organic,Business
C05728,2025-03-10,25-34,United States,Medium,Email,Business
C05729,2025-04-06,35-44,Canada,Individual,Google Ads,Business
C05730,2025-09-13,35-44,India,Large,Organic,Individual
C05731,2025-04-06,25-34,India,Individual,Email,Individual
C05732,2025-07-07,25-34,Australia,Individual,Meta Ads,Business
C05733,2026-02-22,35-44,India,Individual,Meta Ads,Business
C05734,2026-02-02,35-44,India,Medium,Organic,Business
C05735,2025-04-05,25-34,United Kingdom,Individual,Google Ads,Individual
C05736,2025-09-04,45-54,United Kingdom,Small,Google Ads,Individual
C05737,2025-03-29,25-34,India,Large,Google Ads,Individual
C05738,2025-05-04,35-44,India,Individual,Organic,Business
C05739,2025-03-10,25-34,United Kingdom,Medium,Organic,Individual
C05740,2025-01-31,25-34,India,Medium,Referral,Individual
C05741,2025-09-21,45-54,United States,Medium,Google Ads,Individual
C05742,2025-12-31,18-24,India,Small,Organic,Individual
C05743,2025-03-15,45-54,Canada,Small,Organic,Individual
C05744,2026-01-12,45-54,United Kingdom,Individual,Organic,Individual
C05745,2026-03-31,45-54,India,Medium,Partner,Individual
C05746,2025-08-28,55+,United States,Small,Google Ads,Individual
C05747,2026-03-07,55+,India,Medium,Organic,Individual
C05748,2026-03-11,45-54,India,Medium,Meta Ads,Individual
C05749,2025-01-08,35-44,Canada,Medium,Organic,Business
C05750,2026-01-28,18-24,India,Individual,Organic,Individual
C05751,2025-01-01,25-34,United Kingdom,Medium,Meta Ads,Business
C05752,2025-04-29,25-34,United States,Small,Referral,Individual
C05753,2026-03-30,25-34,United States,Small,Organic,Individual
C05754,2025-01-29,25-34,India,Individual,Partner,Business
C05755,2025-06-20,35-44,India,Individual,Google Ads,Individual
C05756,2025-09-18,25-34,Australia,Medium,Google Ads,Individual
C05757,2025-04-24,35-44,Canada,Small,Referral,Business
C05758,2025-01-12,25-34,India,Small,Email,Business
C05759,2025-02-26,55+,India,Medium,Referral,Business
C05760,2025-04-10,18-24,India,Individual,Meta Ads,Business
C05761,2025-10-01,18-24,Singapore,Individual,Partner,Business
C05762,2025-07-16,35-44,Australia,Small,Organic,Business
C05763,2026-05-04,25-34,Canada,Individual,Organic,Individual
C05764,2025-06-14,35-44,United States,Medium,Google Ads,Individual
C05765,2025-07-25,18-24,India,Small,Partner,Business
C05766,2025-01-22,25-34,India,Individual,Meta Ads,Individual
C05767,2026-02-03,25-34,United States,Small,Google Ads,Business
C05768,2025-10-10,25-34,United States,Individual,Organic,Business
C05769,2025-08-31,35-44,India,Small,Partner,Individual
C05770,2026-02-10,35-44,Australia,Medium,Google Ads,Business
C05771,2025-09-13,35-44,Australia,Medium,Google Ads,Individual
C05772,2026-01-18,25-34,India,Individual,Organic,Business
C05773,2025-01-03,45-54,Singapore,Small,Referral,Business
C05774,2025-03-02,45-54,United States,Small,Referral,Business
C05775,2025-07-05,18-24,United States,Small,Organic,Business
C05776,2025-10-26,45-54,United States,Individual,Partner,Individual
C05777,2025-05-15,35-44,India,Individual,Email,Individual
C05778,2025-12-30,25-34,India,Large,Referral,Individual
C05779,2025-04-21,25-34,Canada,Medium,Organic,Business
C05780,2025-12-18,25-34,India,Large,Partner,Business
C05781,2026-01-12,18-24,India,Small,Referral,Business
C05782,2025-01-12,25-34,United Kingdom,Individual,Organic,Business
C05783,2026-04-27,35-44,India,Small,Organic,Business
C05784,2025-05-16,25-34,United Kingdom,Individual,Organic,Individual
C05785,2025-12-24,35-44,Australia,Individual,Meta Ads,Business
C05786,2025-08-16,45-54,India,Small,Meta Ads,Individual
C05787,2025-07-25,18-24,India,Individual,Referral,Individual
C05788,2025-09-13,25-34,Australia,Medium,Google Ads,Business
C05789,2025-07-17,25-34,United Kingdom,Small,Organic,Business
C05790,2025-04-16,25-34,Australia,Large,Partner,Individual
C05791,2025-08-15,18-24,India,Small,Meta Ads,Individual
C05792,2025-12-07,18-24,United States,Small,Partner,Individual
C05793,2025-01-09,25-34,Singapore,Small,Organic,Business
C05794,2025-09-17,35-44,India,Large,Partner,Business
C05795,2025-05-08,18-24,Singapore,Medium,Organic,Individual
C05796,2025-12-13,18-24,India,Small,Referral,Individual
C05797,2025-06-16,35-44,United Kingdom,Individual,Organic,Individual
C05798,2026-03-02,45-54,India,Small,Organic,Business
C05799,2026-02-26,35-44,Singapore,Small,Partner,Individual
C05800,2025-10-31,25-34,United Kingdom,Small,Organic,Business
C05801,2025-03-05,25-34,India,Small,Referral,Business
C05802,2025-11-01,35-44,India,Individual,Organic,Individual
C05803,2025-05-03,55+,India,Individual,Referral,Individual
C05804,2025-12-31,25-34,United Kingdom,Small,Google Ads,Individual
C05805,2025-06-22,18-24,India,Small,Partner,Individual
C05806,2026-02-19,25-34,United Kingdom,Individual,Email,Business
C05807,2025-08-11,25-34,United States,Medium,Google Ads,Individual
C05808,2025-06-05,35-44,India,Small,Meta Ads,Individual
C05809,2026-04-09,45-54,India,Small,Partner,Individual
C05810,2026-01-02,45-54,India,Large,Organic,Individual
C05811,2025-10-24,45-54,United States,Individual,Meta Ads,Individual
C05812,2026-03-31,25-34,India,Large,Email,Individual
C05813,2025-06-10,35-44,Singapore,Individual,Google Ads,Business
C05814,2026-04-23,45-54,Canada,Individual,Referral,Individual
C05815,2026-04-01,35-44,India,Small,Partner,Individual
C05816,2025-02-20,35-44,India,Large,Google Ads,Business
C05817,2026-01-10,35-44,India,Medium,Referral,Individual
C05818,2025-08-08,35-44,Canada,Small,Google Ads,Business
C05819,2025-07-24,35-44,Australia,Medium,Organic,Business
C05820,2025-02-18,45-54,United Kingdom,Individual,Meta Ads,Business
C05821,2025-09-06,25-34,United Kingdom,Small,Partner,Individual
C05822,2025-09-02,25-34,United Kingdom,Individual,Partner,Business
C05823,2026-05-02,25-34,India,Medium,Referral,Individual
C05824,2025-12-11,25-34,India,Small,Referral,Business
C05825,2025-03-15,35-44,United Kingdom,Medium,Meta Ads,Business
C05826,2026-05-02,35-44,India,Large,Organic,Individual
C05827,2025-05-13,45-54,Australia,Small,Organic,Individual
C05828,2025-07-15,18-24,United Kingdom,Individual,Organic,Business
C05829,2025-06-17,25-34,Australia,Individual,Email,Individual
C05830,2025-08-19,55+,Canada,Medium,Referral,Business
C05831,2025-12-01,18-24,India,Small,Organic,Business
C05832,2025-03-01,45-54,India,Medium,Google Ads,Individual
C05833,2025-03-01,55+,India,Individual,Referral,Individual
C05834,2026-01-01,35-44,Australia,Small,Google Ads,Individual
C05835,2025-01-31,45-54,United Kingdom,Large,Meta Ads,Individual
C05836,2025-11-26,35-44,United Kingdom,Individual,Email,Individual
C05837,2025-04-09,25-34,India,Small,Meta Ads,Individual
C05838,2026-04-28,18-24,Singapore,Individual,Referral,Business
C05839,2025-07-17,25-34,United States,Individual,Organic,Individual
C05840,2026-04-02,45-54,United States,Individual,Email,Business
C05841,2026-01-18,25-34,United Kingdom,Individual,Organic,Individual
C05842,2025-06-23,35-44,India,Individual,Referral,Individual
C05843,2026-04-18,25-34,India,Small,Organic,Business
C05844,2025-06-17,45-54,India,Small,Referral,Individual
C05845,2026-03-29,45-54,India,Individual,Referral,Individual
C05846,2025-06-15,35-44,India,Medium,Referral,Business
C05847,2025-01-19,45-54,India,Individual,Referral,Individual
C05848,2026-03-19,45-54,India,Large,Organic,Individual
C05849,2025-08-08,35-44,India,Medium,Organic,Business
C05850,2026-03-01,35-44,United Kingdom,Individual,Partner,Individual
C05851,2025-02-14,35-44,India,Individual,Organic,Individual
C05852,2025-03-10,18-24,United States,Individual,Referral,Individual
C05853,2025-07-13,45-54,India,Individual,Meta Ads,Business
C05854,2025-06-25,25-34,Canada,Individual,Partner,Individual
C05855,2026-01-22,25-34,United Kingdom,Individual,Email,Individual
C05856,2025-01-24,25-34,Singapore,Medium,Referral,Individual
C05857,2025-03-04,35-44,India,Medium,Meta Ads,Individual
C05858,2025-06-03,55+,India,Large,Referral,Individual
C05859,2025-05-30,35-44,Canada,Small,Meta Ads,Individual
C05860,2025-01-04,45-54,Australia,Individual,Organic,Individual
C05861,2025-03-07,35-44,United Kingdom,Medium,Referral,Business
C05862,2025-07-31,35-44,United States,Medium,Google Ads,Individual
C05863,2025-07-20,25-34,India,Small,Referral,Individual
C05864,2026-01-10,25-34,India,Large,Email,Business
C05865,2025-05-15,45-54,Australia,Individual,Partner,Individual
C05866,2025-10-03,25-34,India,Individual,Partner,Individual
C05867,2025-05-16,25-34,Singapore,Small,Email,Individual
C05868,2025-01-08,25-34,India,Small,Referral,Business
C05869,2025-03-18,45-54,Singapore,Small,Meta Ads,Individual
C05870,2025-08-31,35-44,India,Large,Partner,Business
C05871,2025-10-04,18-24,United Kingdom,Individual,Organic,Business
C05872,2026-03-01,25-34,India,Individual,Meta Ads,Individual
C05873,2026-01-05,25-34,Singapore,Individual,Email,Individual
C05874,2025-07-03,18-24,United Kingdom,Individual,Partner,Individual
C05875,2025-11-04,55+,United States,Small,Referral,Business
C05876,2026-01-24,35-44,United States,Small,Partner,Business
C05877,2026-01-17,18-24,India,Individual,Meta Ads,Individual
C05878,2025-01-19,18-24,United Kingdom,Medium,Referral,Individual
C05879,2025-02-06,25-34,India,Large,Organic,Business
C05880,2025-12-06,25-34,Singapore,Individual,Partner,Individual
C05881,2025-08-23,25-34,Canada,Medium,Referral,Business
C05882,2025-01-05,25-34,India,Individual,Google Ads,Business
C05883,2026-02-25,18-24,India,Individual,Referral,Business
C05884,2025-06-14,18-24,India,Medium,Referral,Individual
C05885,2025-04-03,25-34,India,Medium,Referral,Business
C05886,2025-03-29,45-54,Australia,Large,Organic,Individual
C05887,2025-04-27,45-54,United Kingdom,Medium,Partner,Business
C05888,2025-12-16,35-44,India,Individual,Organic,Individual
C05889,2026-04-12,45-54,India,Individual,Organic,Business
C05890,2025-03-27,35-44,United States,Individual,Partner,Individual
C05891,2026-04-18,35-44,United States,Individual,Organic,Individual
C05892,2025-12-21,25-34,India,Large,Referral,Business
C05893,2026-04-03,35-44,Singapore,Medium,Organic,Business
C05894,2026-01-31,55+,India,Individual,Google Ads,Individual
C05895,2025-06-04,35-44,United States,Individual,Google Ads,Individual
C05896,2025-07-03,35-44,United States,Individual,Organic,Business
C05897,2025-01-24,18-24,United Kingdom,Small,Organic,Individual
C05898,2025-10-01,35-44,United States,Individual,Organic,Business
C05899,2026-01-21,25-34,Singapore,Medium,Organic,Business
C05900,2025-11-10,25-34,United Kingdom,Small,Organic,Business
C05901,2025-12-28,45-54,India,Individual,Organic,Individual
C05902,2025-10-09,55+,Canada,Small,Referral,Business
C05903,2025-09-27,35-44,India,Large,Referral,Business
C05904,2025-03-18,25-34,United Kingdom,Medium,Google Ads,Individual
C05905,2026-01-12,18-24,India,Individual,Google Ads,Individual
C05906,2025-01-11,18-24,United States,Medium,Referral,Individual
C05907,2026-02-22,25-34,India,Medium,Organic,Business
C05908,2025-09-19,25-34,India,Large,Google Ads,Business
C05909,2025-12-06,35-44,Australia,Individual,Partner,Business
C05910,2026-01-06,55+,India,Individual,Organic,Business
C05911,2025-04-30,45-54,India,Large,Meta Ads,Individual
C05912,2025-07-24,35-44,India,Individual,Organic,Business
C05913,2026-04-13,25-34,India,Small,Meta Ads,Business
C05914,2026-05-13,35-44,United Kingdom,Individual,Referral,Business
C05915,2026-01-05,25-34,India,Individual,Email,Business
C05916,2026-01-07,18-24,United Kingdom,Individual,Organic,Business
C05917,2025-05-20,55+,India,Individual,Email,Business
C05918,2026-05-15,45-54,India,Individual,Google Ads,Individual
C05919,2025-03-25,45-54,Canada,Individual,Organic,Individual
C05920,2026-01-27,55+,United Kingdom,Small,Google Ads,Individual
C05921,2025-02-19,25-34,United States,Medium,Referral,Business
C05922,2025-08-26,45-54,Canada,Small,Organic,Business
C05923,2025-11-29,25-34,India,Small,Email,Business
C05924,2026-04-06,25-34,United Kingdom,Small,Referral,Individual
C05925,2026-01-29,25-34,India,Individual,Organic,Business
C05926,2025-02-08,25-34,India,Individual,Meta Ads,Individual
C05927,2026-02-04,25-34,Canada,Individual,Partner,Individual
C05928,2026-04-20,55+,United Kingdom,Individual,Referral,Business
C05929,2025-06-27,25-34,Singapore,Small,Referral,Business
C05930,2026-03-07,25-34,United States,Individual,Meta Ads,Business
C05931,2025-02-19,45-54,India,Small,Meta Ads,Individual
C05932,2025-09-09,25-34,India,Small,Organic,Individual
C05933,2025-03-13,18-24,India,Individual,Meta Ads,Individual
C05934,2025-12-21,45-54,India,Small,Organic,Individual
C05935,2025-05-11,25-34,United States,Medium,Organic,Individual
C05936,2026-05-03,25-34,United Kingdom,Medium,Referral,Individual
C05937,2026-02-12,55+,India,Individual,Meta Ads,Individual
C05938,2025-06-28,55+,India,Individual,Referral,Individual
C05939,2025-01-07,25-34,India,Individual,Organic,Business
C05940,2025-01-06,35-44,India,Individual,Google Ads,Individual
C05941,2026-01-19,25-34,India,Individual,Meta Ads,Business
C05942,2025-02-26,25-34,Canada,Small,Google Ads,Individual
C05943,2025-10-05,25-34,United States,Small,Google Ads,Individual
C05944,2025-12-09,45-54,India,Medium,Google Ads,Business
C05945,2026-04-20,25-34,India,Individual,Referral,Individual
C05946,2025-01-07,45-54,Australia,Medium,Referral,Individual
C05947,2026-01-01,45-54,India,Large,Google Ads,Individual
C05948,2025-07-14,25-34,India,Small,Meta Ads,Individual
C05949,2025-07-07,35-44,United States,Individual,Referral,Individual
C05950,2026-01-20,25-34,India,Individual,Meta Ads,Individual
C05951,2025-06-15,35-44,India,Medium,Partner,Business
C05952,2026-02-26,25-34,Australia,Medium,Meta Ads,Individual
C05953,2025-07-11,25-34,India,Individual,Organic,Individual
C05954,2025-04-10,35-44,United Kingdom,Small,Organic,Individual
C05955,2025-10-13,25-34,India,Medium,Partner,Business
C05956,2026-04-28,35-44,India,Small,Google Ads,Individual
C05957,2026-03-21,25-34,Australia,Small,Referral,Business
C05958,2026-02-09,25-34,Canada,Medium,Organic,Individual
C05959,2025-02-04,35-44,India,Individual,Organic,Individual
C05960,2026-03-18,35-44,India,Large,Meta Ads,Individual
C05961,2026-04-01,18-24,India,Small,Google Ads,Individual
C05962,2026-02-21,25-34,India,Individual,Partner,Business
C05963,2025-09-08,18-24,India,Small,Organic,Business
C05964,2025-01-24,55+,Singapore,Large,Email,Individual
C05965,2025-06-08,35-44,Singapore,Large,Organic,Individual
C05966,2026-05-01,45-54,India,Individual,Organic,Individual
C05967,2025-12-10,35-44,India,Medium,Google Ads,Individual
C05968,2025-07-28,25-34,India,Individual,Organic,Business
C05969,2025-03-07,25-34,India,Individual,Referral,Business
C05970,2025-06-12,45-54,Singapore,Large,Meta Ads,Individual
C05971,2025-04-07,18-24,India,Small,Partner,Individual
C05972,2025-02-13,35-44,India,Small,Partner,Individual
C05973,2026-01-13,35-44,India,Small,Referral,Business
C05974,2025-04-20,35-44,Canada,Individual,Referral,Individual
C05975,2025-10-18,45-54,Singapore,Individual,Partner,Business
C05976,2025-10-27,25-34,India,Individual,Google Ads,Individual
C05977,2025-08-08,45-54,United States,Individual,Referral,Individual
C05978,2025-11-10,18-24,Canada,Large,Google Ads,Individual
C05979,2025-08-25,25-34,United States,Large,Organic,Individual
C05980,2025-07-03,45-54,India,Individual,Referral,Business
C05981,2025-03-04,35-44,India,Small,Organic,Business
C05982,2025-04-17,18-24,Singapore,Small,Meta Ads,Business
C05983,2025-03-22,45-54,United States,Medium,Email,Individual
C05984,2026-04-26,18-24,India,Small,Partner,Business
C05985,2025-06-01,18-24,India,Individual,Organic,Individual
C05986,2025-07-09,25-34,Singapore,Individual,Referral,Business
C05987,2025-06-07,18-24,India,Individual,Organic,Business
C05988,2025-12-04,55+,India,Individual,Organic,Business
C05989,2025-11-04,35-44,United States,Large,Organic,Individual
C05990,2026-04-07,25-34,Singapore,Individual,Referral,Business
C05991,2025-11-19,25-34,India,Small,Referral,Individual
C05992,2026-03-03,25-34,Canada,Individual,Referral,Individual
C05993,2026-03-01,45-54,United States,Large,Referral,Business
C05994,2025-05-17,45-54,United Kingdom,Small,Partner,Business
C05995,2025-01-08,45-54,India,Medium,Meta Ads,Individual
C05996,2025-07-15,25-34,India,Medium,Organic,Individual
C05997,2025-06-16,25-34,United States,Small,Organic,Individual
C05998,2025-08-13,25-34,India,Individual,Organic,Business
C05999,2025-03-11,25-34,Australia,Individual,Partner,Individual
C06000,2025-01-06,55+,Singapore,Small,Partner,Business
C06001,2025-10-05,25-34,India,Medium,Meta Ads,Business
C06002,2025-05-24,55+,India,Large,Email,Individual
C06003,2026-03-24,25-34,India,Large,Meta Ads,Business
C06004,2025-10-08,18-24,Australia,Individual,Google Ads,Individual
C06005,2026-04-06,35-44,United States,Individual,Partner,Individual
C06006,2025-03-21,45-54,United Kingdom,Individual,Google Ads,Individual
C06007,2026-01-27,55+,India,Medium,Google Ads,Individual
C06008,2025-08-24,45-54,India,Individual,Referral,Business
C06009,2025-07-15,25-34,United Kingdom,Small,Meta Ads,Business
C06010,2025-06-22,18-24,United Kingdom,Individual,Google Ads,Business
C06011,2025-02-05,45-54,India,Individual,Referral,Individual
C06012,2026-02-21,35-44,Singapore,Individual,Google Ads,Business
C06013,2026-02-08,25-34,Singapore,Small,Meta Ads,Individual
C06014,2026-01-08,25-34,India,Small,Google Ads,Business
C06015,2026-02-02,25-34,India,Individual,Referral,Business
C06016,2025-01-26,45-54,India,Individual,Organic,Individual
C06017,2026-04-08,18-24,India,Individual,Organic,Business
C06018,2026-04-06,25-34,Australia,Small,Partner,Business
C06019,2026-01-06,25-34,Singapore,Large,Partner,Individual
C06020,2025-11-29,35-44,Canada,Individual,Email,Individual
C06021,2025-09-27,45-54,Canada,Medium,Email,Business
C06022,2025-02-09,35-44,India,Small,Meta Ads,Individual
C06023,2025-07-16,18-24,United States,Individual,Meta Ads,Individual
C06024,2026-04-03,55+,United States,Small,Organic,Business
C06025,2025-09-23,18-24,Australia,Individual,Partner,Business
C06026,2025-03-27,35-44,India,Medium,Organic,Individual
C06027,2026-02-04,45-54,Australia,Individual,Email,Individual
C06028,2025-10-01,35-44,India,Medium,Referral,Business
C06029,2025-03-22,35-44,India,Small,Meta Ads,Individual
C06030,2026-02-14,45-54,India,Individual,Organic,Individual
C06031,2025-12-28,18-24,India,Small,Meta Ads,Business
C06032,2025-07-28,35-44,India,Large,Google Ads,Business
C06033,2025-02-19,35-44,India,Individual,Organic,Individual
C06034,2025-04-26,18-24,India,Individual,Partner,Business
C06035,2025-04-11,25-34,India,Small,Organic,Individual
C06036,2025-02-10,35-44,India,Small,Meta Ads,Individual
C06037,2025-06-04,45-54,Canada,Small,Partner,Individual
C06038,2025-02-16,25-34,Singapore,Individual,Email,Individual
C06039,2025-11-11,35-44,United States,Medium,Organic,Individual
C06040,2025-01-20,35-44,United States,Medium,Organic,Business
C06041,2025-11-17,35-44,India,Small,Google Ads,Individual
C06042,2025-10-26,35-44,United Kingdom,Individual,Meta Ads,Business
C06043,2025-09-07,45-54,Canada,Individual,Partner,Individual
C06044,2026-03-01,25-34,India,Large,Partner,Individual
C06045,2025-03-15,35-44,Australia,Individual,Email,Business
C06046,2026-01-06,25-34,United States,Individual,Email,Individual
C06047,2025-05-04,45-54,India,Medium,Google Ads,Business
C06048,2025-10-01,25-34,India,Small,Email,Individual
C06049,2025-11-26,35-44,Canada,Large,Google Ads,Business
C06050,2025-05-16,35-44,Singapore,Small,Organic,Individual
C06051,2025-10-21,55+,India,Individual,Referral,Individual
C06052,2025-07-10,25-34,India,Individual,Organic,Individual
C06053,2026-02-21,25-34,India,Medium,Email,Individual
C06054,2025-02-13,35-44,United States,Small,Organic,Individual
C06055,2025-07-11,35-44,India,Medium,Organic,Individual
C06056,2026-01-19,25-34,United States,Individual,Organic,Individual
C06057,2026-02-02,25-34,United Kingdom,Individual,Organic,Individual
C06058,2025-05-25,18-24,United States,Individual,Meta Ads,Individual
C06059,2025-06-04,35-44,United States,Large,Meta Ads,Individual
C06060,2025-03-24,25-34,India,Medium,Partner,Business
C06061,2025-07-01,25-34,United States,Individual,Meta Ads,Individual
C06062,2025-05-19,35-44,India,Individual,Partner,Business
C06063,2025-06-03,55+,India,Individual,Referral,Individual
C06064,2025-05-18,45-54,United States,Medium,Organic,Business
C06065,2025-09-09,25-34,Canada,Individual,Google Ads,Individual
C06066,2026-04-13,35-44,India,Individual,Organic,Individual
C06067,2025-03-17,35-44,United Kingdom,Individual,Email,Business
C06068,2025-01-15,18-24,India,Individual,Google Ads,Individual
C06069,2026-02-16,25-34,India,Small,Meta Ads,Individual
C06070,2025-01-21,18-24,India,Individual,Meta Ads,Business
C06071,2025-10-02,55+,India,Individual,Meta Ads,Business
C06072,2025-05-20,35-44,India,Small,Partner,Individual
C06073,2025-01-05,25-34,India,Individual,Organic,Business
C06074,2025-09-05,45-54,United Kingdom,Individual,Organic,Individual
C06075,2025-07-03,25-34,India,Large,Email,Individual
C06076,2025-02-21,18-24,India,Small,Organic,Individual
C06077,2025-06-04,25-34,India,Individual,Organic,Individual
C06078,2025-01-29,35-44,India,Large,Organic,Business
C06079,2026-04-30,55+,Canada,Individual,Organic,Individual
C06080,2025-06-10,45-54,United States,Individual,Partner,Individual
C06081,2026-02-06,25-34,United States,Individual,Partner,Individual
C06082,2026-04-19,35-44,India,Individual,Referral,Business
C06083,2026-05-09,25-34,United Kingdom,Individual,Organic,Individual
C06084,2025-05-05,35-44,India,Individual,Organic,Business
C06085,2025-07-30,18-24,Singapore,Small,Organic,Individual
C06086,2025-09-10,25-34,United States,Individual,Organic,Business
C06087,2026-04-29,25-34,India,Large,Organic,Business
C06088,2026-03-20,35-44,India,Individual,Google Ads,Individual
C06089,2025-05-19,18-24,India,Individual,Google Ads,Individual
C06090,2026-03-10,25-34,India,Individual,Google Ads,Business
C06091,2025-11-25,55+,Singapore,Medium,Meta Ads,Business
C06092,2025-12-19,25-34,India,Small,Organic,Individual
C06093,2025-09-30,35-44,United Kingdom,Large,Referral,Business
C06094,2025-07-17,35-44,India,Small,Referral,Business
C06095,2025-05-12,35-44,India,Medium,Referral,Business
C06096,2025-05-22,55+,India,Individual,Referral,Individual
C06097,2026-05-04,18-24,United States,Individual,Organic,Business
C06098,2026-01-16,25-34,United Kingdom,Small,Meta Ads,Business
C06099,2026-04-14,35-44,Canada,Individual,Google Ads,Individual
C06100,2025-05-26,35-44,India,Individual,Partner,Business
C06101,2026-04-11,25-34,India,Medium,Google Ads,Business
C06102,2026-01-02,45-54,Canada,Medium,Organic,Business
C06103,2025-07-07,35-44,India,Individual,Referral,Business
C06104,2025-02-06,25-34,India,Individual,Referral,Business
C06105,2025-09-06,25-34,United Kingdom,Medium,Meta Ads,Business
C06106,2026-04-29,45-54,India,Individual,Meta Ads,Individual
C06107,2025-01-13,35-44,Australia,Individual,Referral,Individual
C06108,2025-03-02,45-54,United Kingdom,Small,Organic,Business
C06109,2025-12-11,45-54,India,Small,Partner,Individual
C06110,2025-02-04,35-44,India,Small,Referral,Individual
C06111,2025-09-28,18-24,Singapore,Individual,Meta Ads,Business
C06112,2025-11-13,35-44,India,Individual,Google Ads,Business
C06113,2025-05-06,35-44,India,Individual,Organic,Business
C06114,2025-10-09,25-34,India,Individual,Google Ads,Business
C06115,2025-10-15,45-54,United Kingdom,Small,Organic,Individual
C06116,2025-09-05,18-24,India,Small,Organic,Individual
C06117,2026-03-14,55+,Australia,Small,Organic,Business
C06118,2026-04-01,45-54,India,Individual,Email,Individual
C06119,2026-03-16,35-44,United States,Large,Organic,Individual
C06120,2025-11-15,35-44,India,Medium,Google Ads,Individual
C06121,2026-04-24,35-44,United Kingdom,Medium,Google Ads,Individual
C06122,2026-04-09,35-44,India,Small,Google Ads,Business
C06123,2025-07-15,25-34,India,Small,Partner,Business
C06124,2025-12-29,35-44,United States,Small,Organic,Individual
C06125,2025-01-28,25-34,Singapore,Individual,Referral,Business
C06126,2025-10-05,35-44,United Kingdom,Small,Meta Ads,Individual
C06127,2025-10-31,25-34,India,Small,Google Ads,Individual
C06128,2025-06-29,35-44,United Kingdom,Large,Google Ads,Business
C06129,2025-09-09,25-34,United States,Individual,Google Ads,Business
C06130,2026-04-16,35-44,India,Small,Google Ads,Individual
C06131,2025-12-31,18-24,India,Medium,Google Ads,Business
C06132,2025-08-04,25-34,Australia,Individual,Google Ads,Business
C06133,2025-08-18,25-34,India,Individual,Referral,Individual
C06134,2025-04-21,18-24,United States,Individual,Referral,Business
C06135,2025-03-10,35-44,India,Large,Email,Individual
C06136,2026-03-10,35-44,India,Medium,Partner,Business
C06137,2025-04-04,55+,India,Individual,Organic,Individual
C06138,2025-02-04,25-34,Singapore,Individual,Google Ads,Business
C06139,2025-09-20,25-34,United States,Individual,Email,Business
C06140,2026-05-14,25-34,United Kingdom,Large,Referral,Individual
C06141,2025-10-10,35-44,Singapore,Medium,Email,Individual
C06142,2025-07-09,45-54,Australia,Medium,Partner,Individual
C06143,2025-11-27,35-44,United Kingdom,Small,Organic,Business
C06144,2025-01-31,45-54,United Kingdom,Small,Meta Ads,Individual
C06145,2025-10-03,35-44,India,Individual,Google Ads,Business
C06146,2025-09-27,35-44,India,Small,Google Ads,Business
C06147,2025-11-28,25-34,India,Large,Partner,Individual
C06148,2026-04-11,45-54,Singapore,Individual,Partner,Business
C06149,2026-01-04,35-44,India,Individual,Referral,Individual
C06150,2025-06-05,35-44,India,Medium,Organic,Individual
C06151,2026-01-30,18-24,India,Small,Meta Ads,Business
C06152,2026-04-29,55+,Australia,Individual,Google Ads,Individual
C06153,2026-02-11,25-34,India,Individual,Partner,Individual
C06154,2025-01-06,25-34,India,Medium,Organic,Business
C06155,2025-10-14,25-34,United States,Small,Organic,Individual
C06156,2025-09-04,25-34,United States,Individual,Google Ads,Individual
C06157,2025-03-25,25-34,United States,Medium,Google Ads,Individual
C06158,2025-06-30,35-44,Australia,Individual,Meta Ads,Individual
C06159,2025-10-17,45-54,India,Individual,Organic,Individual
C06160,2026-01-11,45-54,India,Individual,Organic,Individual
C06161,2026-03-02,55+,India,Individual,Email,Individual
C06162,2025-03-22,35-44,Australia,Individual,Organic,Individual
C06163,2025-05-27,45-54,Singapore,Small,Organic,Individual
C06164,2025-08-30,35-44,United Kingdom,Individual,Partner,Individual
C06165,2025-02-18,25-34,Australia,Individual,Google Ads,Individual
C06166,2025-01-04,55+,India,Individual,Organic,Business
C06167,2025-12-13,18-24,India,Individual,Meta Ads,Business
C06168,2026-02-05,45-54,Canada,Medium,Google Ads,Individual
C06169,2025-04-10,25-34,India,Large,Google Ads,Individual
C06170,2026-04-08,25-34,Canada,Small,Partner,Individual
C06171,2026-01-25,25-34,India,Large,Organic,Business
C06172,2026-03-07,25-34,India,Individual,Referral,Business
C06173,2026-05-03,25-34,India,Individual,Organic,Individual
C06174,2025-02-22,18-24,India,Large,Google Ads,Business
C06175,2025-12-01,25-34,India,Large,Referral,Business
C06176,2026-04-05,35-44,United Kingdom,Small,Organic,Individual
C06177,2025-05-14,35-44,United States,Individual,Referral,Individual
C06178,2025-09-06,35-44,India,Individual,Google Ads,Individual
C06179,2025-05-01,25-34,Singapore,Medium,Email,Business
C06180,2025-03-05,25-34,India,Individual,Referral,Individual
C06181,2025-11-30,25-34,United States,Small,Organic,Individual
C06182,2025-01-10,18-24,India,Individual,Google Ads,Business
C06183,2025-12-17,25-34,India,Individual,Partner,Individual
C06184,2026-01-15,45-54,India,Medium,Google Ads,Business
C06185,2025-08-24,35-44,India,Individual,Referral,Individual
C06186,2025-05-30,35-44,India,Small,Organic,Individual
C06187,2026-01-29,35-44,Canada,Individual,Google Ads,Business
C06188,2026-04-21,18-24,India,Individual,Google Ads,Individual
C06189,2025-08-22,35-44,India,Medium,Meta Ads,Individual
C06190,2026-02-17,25-34,India,Small,Partner,Business
C06191,2025-08-03,45-54,India,Small,Organic,Individual
C06192,2025-08-25,45-54,India,Individual,Google Ads,Individual
C06193,2026-04-07,35-44,India,Medium,Organic,Business
C06194,2025-09-15,18-24,India,Large,Google Ads,Business
C06195,2026-04-04,18-24,India,Individual,Meta Ads,Business
C06196,2025-04-08,25-34,United States,Individual,Meta Ads,Business
C06197,2025-09-10,45-54,India,Individual,Organic,Business
C06198,2025-04-30,25-34,India,Individual,Google Ads,Individual
C06199,2025-08-03,18-24,India,Medium,Google Ads,Business
C06200,2025-02-08,25-34,India,Small,Email,Individual
C06201,2025-12-23,25-34,United States,Small,Email,Business
C06202,2025-08-31,35-44,India,Medium,Meta Ads,Individual
C06203,2025-02-20,35-44,United Kingdom,Medium,Google Ads,Individual
C06204,2026-05-01,35-44,India,Small,Meta Ads,Individual
C06205,2025-07-09,25-34,United Kingdom,Individual,Referral,Business
C06206,2025-08-08,45-54,United States,Small,Google Ads,Individual
C06207,2025-05-24,45-54,Australia,Small,Referral,Individual
C06208,2025-04-22,35-44,United States,Individual,Google Ads,Individual
C06209,2025-07-08,35-44,United Kingdom,Small,Organic,Business
C06210,2025-01-04,45-54,India,Individual,Organic,Individual
C06211,2026-01-29,25-34,United States,Individual,Referral,Individual
C06212,2026-04-17,45-54,Singapore,Individual,Google Ads,Individual
C06213,2025-01-14,25-34,United States,Individual,Referral,Business
C06214,2026-01-04,18-24,United States,Individual,Organic,Individual
C06215,2025-02-23,18-24,India,Medium,Referral,Business
C06216,2025-11-03,45-54,India,Individual,Organic,Business
C06217,2025-07-10,25-34,United Kingdom,Individual,Email,Individual
C06218,2025-06-25,35-44,Singapore,Individual,Organic,Business
C06219,2025-06-15,35-44,India,Small,Email,Individual
C06220,2025-06-25,55+,India,Medium,Referral,Individual
C06221,2025-09-03,35-44,,Large,Organic,Individual
C06222,2025-12-28,18-24,India,Individual,Meta Ads,Individual
C06223,2025-09-11,35-44,India,Medium,Google Ads,Individual
C06224,2026-03-13,35-44,India,Individual,Google Ads,Business
C06225,2025-11-13,25-34,India,Small,Google Ads,Individual
C06226,2025-12-21,35-44,India,Small,Referral,Individual
C06227,2025-05-12,18-24,India,Medium,Google Ads,Business
C06228,2025-09-13,45-54,United States,Large,Google Ads,Business
C06229,2025-10-21,25-34,Canada,Individual,Referral,Individual
C06230,2026-05-02,35-44,India,Individual,Organic,Business
C06231,2025-03-28,35-44,India,Small,Partner,Business
C06232,2025-02-03,35-44,India,Medium,Google Ads,Business
C06233,2025-05-13,18-24,India,Individual,Organic,Individual
C06234,2026-02-05,35-44,India,Small,Meta Ads,Business
C06235,2026-01-17,25-34,India,Large,Organic,Individual
C06236,2026-02-28,35-44,United States,Small,Referral,Individual
C06237,2025-09-20,25-34,Singapore,Medium,Google Ads,Individual
C06238,2025-02-11,25-34,India,Medium,Email,Individual
C06239,2025-07-10,18-24,United Kingdom,Small,Google Ads,Business
C06240,2025-09-24,35-44,India,Large,Organic,Individual
C06241,2026-02-15,35-44,India,Medium,Organic,Business
C06242,2026-04-03,18-24,India,Individual,Referral,Individual
C06243,2025-08-04,25-34,United States,Individual,Organic,Individual
C06244,2026-04-19,25-34,United States,Small,Partner,Business
C06245,2025-04-30,25-34,India,Large,Organic,Individual
C06246,2026-03-09,25-34,India,Small,Organic,Business
C06247,2026-05-05,45-54,India,Individual,Partner,Individual
C06248,2026-03-03,35-44,Australia,Large,Partner,Business
C06249,2025-07-30,35-44,Singapore,Individual,Meta Ads,Individual
C06250,2025-04-11,35-44,United States,Individual,Email,Individual
C06251,2025-07-02,45-54,United Kingdom,Small,Partner,Individual
C06252,2025-05-26,25-34,India,Medium,Referral,Business
C06253,2025-03-15,25-34,United States,Medium,Google Ads,Individual
C06254,2026-03-18,18-24,United States,Individual,Partner,Individual
C06255,2025-11-12,35-44,India,Small,Google Ads,Individual
C06256,2026-04-01,18-24,United Kingdom,Small,Email,Individual
C06257,2026-03-08,25-34,United Kingdom,Small,Partner,Business
C06258,2025-12-12,55+,United States,Individual,Meta Ads,Business
C06259,2025-06-08,55+,India,Medium,Referral,Business
C06260,2025-11-19,18-24,India,Small,Google Ads,Individual
C06261,2025-04-17,35-44,India,Individual,Organic,Individual
C06262,2026-03-04,45-54,Canada,Individual,Meta Ads,Business
C06263,2025-02-14,55+,India,Small,Organic,Individual
C06264,2025-01-16,18-24,India,Medium,Partner,Individual
C06265,2025-04-23,35-44,India,Medium,Meta Ads,Business
C06266,2025-01-27,45-54,Canada,Individual,Meta Ads,Business
C06267,2025-02-14,25-34,Singapore,Large,Meta Ads,Individual
C06268,2025-10-27,18-24,Singapore,Individual,Organic,Individual
C06269,2026-02-24,45-54,India,Small,Meta Ads,Business
C06270,2026-02-10,35-44,United Kingdom,Individual,Meta Ads,Individual
C06271,2025-10-10,35-44,India,Small,Google Ads,Individual
C06272,2025-01-18,45-54,United States,Small,Meta Ads,Individual
C06273,2025-09-14,35-44,India,Small,Meta Ads,Business
C06274,2025-05-21,35-44,United Kingdom,Medium,Partner,Individual
C06275,2026-01-28,55+,United States,Large,Google Ads,Individual
C06276,2025-12-24,25-34,United States,Small,Google Ads,Business
C06277,2025-03-24,55+,United States,Individual,Organic,Individual
C06278,2026-02-23,25-34,India,Large,Partner,Individual
C06279,2025-10-15,55+,United States,Individual,Referral,Business
C06280,2025-05-01,25-34,United Kingdom,Individual,Partner,Individual
C06281,2026-04-26,25-34,United Kingdom,Small,Referral,Business
C06282,2026-04-11,55+,Singapore,Medium,Organic,Business
C06283,2026-05-02,35-44,United States,Individual,Meta Ads,Individual
C06284,2025-12-11,45-54,Canada,Small,Organic,Individual
C06285,2025-01-08,18-24,United States,Medium,Meta Ads,Business
C06286,2025-12-15,35-44,India,Small,Organic,Individual
C06287,2026-02-01,55+,United Kingdom,Individual,Email,Business
C06288,2025-10-24,55+,India,Medium,Email,Business
C06289,2025-11-29,45-54,United Kingdom,Individual,Google Ads,Individual
C06290,2026-01-20,25-34,Singapore,Small,Google Ads,Business
C06291,2025-02-27,18-24,Canada,Individual,Referral,Business
C06292,2026-03-03,25-34,Canada,Individual,Meta Ads,Business
C06293,2025-09-14,35-44,India,Medium,Partner,Individual
C06294,2025-01-17,25-34,Canada,Individual,Partner,Individual
C06295,2025-05-07,35-44,Canada,Individual,Meta Ads,Business
C06296,2025-07-20,45-54,United States,Small,Google Ads,Business
C06297,2026-02-05,45-54,United States,Individual,Referral,Individual
C06298,2025-10-26,35-44,Singapore,Small,Organic,Business
C06299,2026-04-17,35-44,India,Small,Email,Business
C06300,2025-05-17,35-44,India,Individual,Referral,Business
C06301,2025-11-04,25-34,India,Individual,Google Ads,Individual
C06302,2025-02-13,25-34,United Kingdom,Individual,Referral,Individual
C06303,2025-08-07,18-24,Australia,Individual,Meta Ads,Business
C06304,2026-01-25,35-44,United States,Individual,Google Ads,Individual
C06305,2025-05-15,45-54,India,Individual,Google Ads,Individual
C06306,2025-09-16,25-34,India,Large,Email,Individual
C06307,2025-07-17,45-54,India,Small,Organic,Business
C06308,2025-12-05,25-34,United States,Small,Google Ads,Business
C06309,2025-02-22,35-44,India,Individual,Referral,Individual
C06310,2025-02-15,25-34,India,Small,Google Ads,Individual
C06311,2025-05-19,35-44,India,Large,Google Ads,Business
C06312,2025-03-11,45-54,United States,Small,Partner,Individual
C06313,2025-09-26,45-54,United Kingdom,Medium,Google Ads,Individual
C06314,2025-10-23,45-54,India,Medium,Google Ads,Business
C06315,2025-05-03,35-44,India,Individual,Meta Ads,Individual
C06316,2025-09-09,18-24,United States,Large,Partner,Business
C06317,2026-01-14,35-44,United States,Individual,Organic,Business
C06318,2026-05-10,35-44,United States,Individual,Google Ads,Business
C06319,2025-01-05,25-34,India,Large,Google Ads,Individual
C06320,2025-07-05,35-44,United Kingdom,Individual,Organic,Business
C06321,2025-02-10,25-34,India,Medium,Meta Ads,Individual
C06322,2025-08-01,35-44,Singapore,Individual,Organic,Business
C06323,2026-03-12,25-34,United Kingdom,Individual,Referral,Business
C06324,2025-06-11,25-34,India,Individual,Partner,Individual
C06325,2025-01-17,25-34,India,Medium,Referral,Individual
C06326,2025-08-27,25-34,India,Small,Organic,Individual
C06327,2025-05-24,55+,India,Small,Organic,Individual
C06328,2026-03-19,35-44,India,Medium,Organic,Business
C06329,2025-02-22,25-34,India,Individual,Google Ads,Individual
C06330,2026-01-28,18-24,United States,Small,Email,Individual
C06331,2025-04-24,25-34,India,Small,Email,Individual
C06332,2026-05-08,25-34,India,Individual,Referral,Individual
C06333,2025-10-04,35-44,United States,Medium,Google Ads,Business
C06334,2025-08-01,55+,United States,Small,Referral,Business
C06335,2025-07-02,25-34,India,Individual,Referral,Business
C06336,2025-03-15,45-54,United States,Individual,Meta Ads,Individual
C06337,2025-11-12,25-34,India,Small,Referral,Individual
C06338,2025-10-10,35-44,India,Individual,Organic,Business
C06339,2025-08-02,25-34,United Kingdom,Individual,Email,Business
C06340,2025-01-29,45-54,India,Individual,Google Ads,Individual
C06341,2025-08-11,45-54,India,Small,Partner,Individual
C06342,2025-07-09,25-34,India,Individual,Referral,Business
C06343,2025-06-07,25-34,Singapore,Medium,Google Ads,Individual
C06344,2025-01-29,18-24,Canada,Small,Referral,Business
C06345,2025-01-21,25-34,India,Medium,Organic,Individual
C06346,2025-08-12,35-44,India,Medium,Google Ads,Individual
C06347,2025-12-21,45-54,Australia,Individual,Organic,Individual
C06348,2025-06-18,55+,Australia,Individual,Organic,Individual
C06349,2025-06-03,25-34,India,Large,Organic,Individual
C06350,2025-12-21,35-44,United Kingdom,Medium,Google Ads,Individual
C06351,2025-05-14,25-34,Australia,Medium,Google Ads,Business
C06352,2025-05-20,35-44,Australia,Individual,Meta Ads,Business
C06353,2025-11-21,35-44,India,Small,Google Ads,Individual
C06354,2025-11-03,35-44,India,Medium,Organic,Individual
C06355,2025-03-01,25-34,India,Small,Google Ads,Business
C06356,2025-06-09,25-34,Canada,Individual,Organic,Business
C06357,2025-07-15,35-44,United States,Individual,Google Ads,Individual
C06358,2025-08-07,25-34,Australia,Individual,Partner,Business
C06359,2025-05-18,25-34,India,Individual,Organic,Individual
C06360,2025-11-10,35-44,India,Small,Google Ads,Business
C06361,2026-01-12,35-44,India,Individual,Organic,Business
C06362,2025-08-09,18-24,India,Medium,Organic,Business
C06363,2025-01-13,25-34,Australia,Small,Referral,Individual
C06364,2025-05-28,35-44,United Kingdom,Medium,Meta Ads,Business
C06365,2025-08-07,45-54,Singapore,Medium,Organic,Business
C06366,2025-09-07,25-34,India,Small,Meta Ads,Business
C06367,2026-03-16,25-34,United States,Small,Organic,Business
C06368,2025-09-03,35-44,United States,Large,Referral,Individual
C06369,2025-08-02,25-34,United States,Individual,Referral,Individual
C06370,2025-10-28,18-24,United States,Individual,Organic,Business
C06371,2025-09-27,45-54,Canada,Medium,Referral,Individual
C06372,2025-06-26,25-34,United States,Medium,Organic,Business
C06373,2025-11-01,35-44,Australia,Medium,Organic,Business
C06374,2026-02-28,25-34,India,Individual,Partner,Business
C06375,2025-10-31,55+,Singapore,Small,Email,Business
C06376,2026-05-14,18-24,India,Individual,Meta Ads,Business
C06377,2025-04-24,25-34,United States,Small,Email,Individual
C06378,2026-04-30,18-24,India,Medium,Google Ads,Business
C06379,2025-11-16,25-34,India,Individual,Referral,Individual
C06380,2026-02-06,25-34,India,Large,Organic,Individual
C06381,2025-05-23,45-54,United Kingdom,Small,Referral,Individual
C06382,2025-06-29,25-34,United States,Large,Google Ads,Business
C06383,2026-03-30,35-44,India,Small,Google Ads,Individual
C06384,2026-01-18,45-54,Australia,Large,Meta Ads,Individual
C06385,2025-10-27,45-54,India,Small,Meta Ads,Individual
C06386,2025-11-19,25-34,United States,Individual,Google Ads,Business
C06387,2026-04-24,25-34,India,Medium,Partner,Individual
C06388,2025-01-30,25-34,India,Small,Google Ads,Individual
C06389,2025-12-25,25-34,India,Medium,Referral,Business
C06390,2025-06-01,35-44,India,Small,Referral,Business
C06391,2025-04-05,18-24,Australia,Individual,Referral,Business
C06392,2025-05-20,18-24,United States,Small,Referral,Business
C06393,2025-01-12,35-44,United States,Small,Google Ads,Individual
C06394,2025-03-11,25-34,India,Small,Referral,Individual
C06395,2025-09-03,35-44,United States,Individual,Organic,Individual
C06396,2025-08-28,25-34,Singapore,Medium,Organic,Business
C06397,2026-01-19,35-44,India,Individual,Partner,Business
C06398,2025-09-01,25-34,India,Small,Partner,Individual
C06399,2026-02-15,35-44,Australia,Medium,Organic,Individual
C06400,2025-05-07,18-24,India,Medium,Meta Ads,Business
C06401,2026-02-26,25-34,India,Individual,Referral,Individual
C06402,2025-01-25,18-24,Australia,Medium,Meta Ads,Individual
C06403,2026-01-10,35-44,United States,Individual,Meta Ads,Individual
C06404,2025-04-19,45-54,United Kingdom,Small,Email,Business
C06405,2025-02-24,35-44,United Kingdom,Large,Meta Ads,Business
C06406,2025-03-16,25-34,Australia,Medium,Google Ads,Individual
C06407,2025-10-10,18-24,India,Medium,Organic,Individual
C06408,2025-02-21,25-34,United States,Small,Google Ads,Individual
C06409,2025-02-05,25-34,United States,Individual,Organic,Business
C06410,2026-03-26,18-24,India,Large,Email,Business
C06411,2025-04-18,35-44,Canada,Large,Organic,Individual
C06412,2025-07-09,25-34,Canada,Individual,Partner,Individual
C06413,2025-04-01,18-24,India,Small,Referral,Individual
C06414,2026-03-25,55+,India,Individual,Google Ads,Business
C06415,2025-12-01,18-24,United Kingdom,Small,Referral,Individual
C06416,2025-11-14,35-44,United Kingdom,Individual,Meta Ads,Business
C06417,2026-04-27,25-34,United States,Medium,Google Ads,Business
C06418,2026-01-02,35-44,Singapore,Medium,Organic,Individual
C06419,2025-12-20,25-34,India,Small,Organic,Individual
C06420,2025-01-23,25-34,India,Small,Referral,Individual
C06421,2025-07-17,18-24,India,Individual,Organic,Business
C06422,2025-07-06,35-44,India,Medium,Google Ads,Individual
C06423,2025-10-20,18-24,India,Individual,Meta Ads,Individual
C06424,2026-02-08,35-44,India,Individual,Referral,Individual
C06425,2026-02-13,45-54,India,Small,Organic,Individual
C06426,2025-04-06,35-44,India,Small,Referral,Individual
C06427,2026-05-08,35-44,Australia,Individual,Meta Ads,Business
C06428,2025-12-08,55+,India,Large,Meta Ads,Individual
C06429,2026-03-09,25-34,India,Individual,Meta Ads,Business
C06430,2025-10-25,35-44,United Kingdom,Small,Referral,Individual
C06431,2025-02-18,25-34,India,Individual,Partner,Individual
C06432,2026-01-13,45-54,India,Individual,Partner,Individual
C06433,2025-01-14,35-44,India,Individual,Meta Ads,Business
C06434,2025-12-09,35-44,Canada,Medium,Organic,Business
C06435,2025-06-27,35-44,United States,Medium,Organic,Individual
C06436,2025-05-25,55+,India,Individual,Referral,Individual
C06437,2025-01-25,55+,Australia,Individual,Meta Ads,Individual
C06438,2026-01-09,25-34,United Kingdom,Small,Google Ads,Individual
C06439,2026-04-20,18-24,India,Small,Meta Ads,Individual
C06440,2025-03-11,25-34,India,Small,Organic,Business
C06441,2026-02-24,25-34,Canada,Large,Meta Ads,Individual
C06442,2026-04-30,35-44,United States,Medium,Meta Ads,Business
C06443,2025-10-26,25-34,India,Individual,Partner,Individual
C06444,2026-03-11,35-44,India,Large,Google Ads,Individual
C06445,2025-09-08,25-34,Singapore,Small,Referral,Business
C06446,2026-05-05,35-44,India,Individual,Organic,Individual
C06447,2025-10-16,18-24,United States,Individual,Organic,Individual
C06448,2025-02-09,45-54,Canada,Medium,Referral,Individual
C06449,2025-03-05,25-34,India,Individual,Referral,Individual
C06450,2025-06-23,35-44,India,Individual,Organic,Individual
C06451,2026-02-13,45-54,India,Medium,Organic,Individual
C06452,2025-06-06,25-34,India,Small,Partner,Individual
C06453,2025-08-13,25-34,United Kingdom,Medium,Meta Ads,Individual
C06454,2025-12-23,35-44,India,Medium,Meta Ads,Individual
C06455,2025-08-08,25-34,Australia,Small,Organic,Business
C06456,2025-11-27,25-34,India,Medium,Referral,Individual
C06457,2025-07-19,35-44,India,Individual,Referral,Business
C06458,2025-02-27,18-24,India,Small,Email,Business
C06459,2025-11-30,55+,Australia,Medium,Referral,Individual
C06460,2026-03-28,25-34,India,Small,Email,Individual
C06461,2025-12-18,35-44,India,Medium,Meta Ads,Individual
C06462,2025-07-16,25-34,India,Large,Partner,Individual
C06463,2026-04-28,45-54,United States,Small,Referral,Individual
C06464,2025-02-15,35-44,United Kingdom,Individual,Referral,Individual
C06465,2025-04-05,35-44,Australia,Small,Organic,Business
C06466,2025-02-23,45-54,Canada,Individual,Google Ads,Individual
C06467,2025-10-11,45-54,United States,Individual,Google Ads,Business
C06468,2025-11-12,25-34,India,Individual,Google Ads,Individual
C06469,2025-12-09,55+,Australia,Small,Organic,Business
C06470,2026-03-25,25-34,Canada,Small,Organic,Individual
C06471,2025-09-10,55+,India,Small,Google Ads,Individual
C06472,2025-07-07,45-54,India,Individual,Referral,Business
C06473,2025-06-01,25-34,India,Individual,Meta Ads,Individual
C06474,2026-01-04,35-44,United States,Large,Organic,Individual
C06475,2025-08-03,35-44,India,Individual,Organic,Individual
C06476,2025-06-02,45-54,India,Large,Organic,Business
C06477,2025-08-27,45-54,India,Individual,Organic,Business
C06478,2025-03-25,25-34,Australia,Small,Google Ads,Individual
C06479,2026-03-14,25-34,India,Individual,Organic,Individual
C06480,2026-01-02,25-34,India,Small,Partner,Business
C06481,2025-01-08,45-54,United States,Individual,Google Ads,Business
C06482,2025-06-16,18-24,India,Small,Google Ads,Individual
C06483,2025-05-09,25-34,Singapore,Individual,Organic,Individual
C06484,2025-02-21,35-44,India,Individual,Referral,Business
C06485,2025-12-13,25-34,United Kingdom,Individual,Google Ads,Business
C06486,2025-07-01,25-34,India,Individual,Partner,Individual
C06487,2025-12-03,35-44,India,Individual,Google Ads,Individual
C06488,2025-01-27,35-44,India,Small,Organic,Individual
C06489,2026-02-01,25-34,Canada,Medium,Meta Ads,Business
C06490,2026-02-09,25-34,India,Large,Meta Ads,Individual
C06491,2025-09-10,35-44,India,Individual,Google Ads,Business
C06492,2025-01-25,35-44,Canada,Small,Email,Business
C06493,2025-01-31,25-34,India,Large,Partner,Business
C06494,2025-05-03,45-54,India,Medium,Email,Business
C06495,2025-05-17,25-34,India,Medium,Email,Individual
C06496,2025-04-23,35-44,India,Large,Organic,Business
C06497,2025-12-05,18-24,India,Medium,Organic,Individual
C06498,2026-03-06,18-24,India,Medium,Organic,Individual
C06499,2025-07-29,45-54,India,Small,Google Ads,Individual
C06500,2026-01-09,45-54,United Kingdom,Individual,Referral,Business
C06501,2025-08-24,45-54,United States,Small,Email,Individual
C06502,2025-05-01,25-34,Canada,Medium,Organic,Individual
C06503,2026-04-07,25-34,India,Small,Email,Business
C06504,2025-10-03,35-44,India,Individual,Organic,Individual
C06505,2025-01-23,25-34,India,Medium,Organic,Business
C06506,2026-01-30,25-34,India,Individual,Google Ads,Business
C06507,2025-09-02,45-54,India,Large,Referral,Business
C06508,2025-03-08,25-34,India,Individual,Referral,Business
C06509,2025-07-19,18-24,India,Medium,Organic,Business
C06510,2025-07-05,35-44,Australia,Individual,Organic,Individual
C06511,2026-03-20,55+,India,Small,Partner,Business
C06512,2025-06-16,45-54,India,Individual,Referral,Individual
C06513,2026-01-16,45-54,India,Small,Referral,Individual
C06514,2026-04-14,45-54,Canada,Small,Referral,Business
C06515,2026-05-01,25-34,Australia,Individual,Referral,Individual
C06516,2025-10-01,35-44,United Kingdom,Individual,Organic,Business
C06517,2026-02-25,45-54,United States,Individual,Meta Ads,Individual
C06518,2025-03-25,25-34,India,Small,Organic,Individual
C06519,2025-07-27,35-44,United States,Small,Email,Individual
C06520,2025-08-14,35-44,Singapore,Small,Google Ads,Individual
C06521,2025-03-13,25-34,United Kingdom,Individual,Meta Ads,Individual
C06522,2025-09-16,25-34,United States,Individual,Organic,Business
C06523,2025-07-21,35-44,India,Large,Meta Ads,Individual
C06524,2025-06-28,35-44,Canada,Individual,Email,Individual
C06525,2025-01-30,25-34,India,Small,Meta Ads,Business
C06526,2025-09-02,45-54,Singapore,Individual,Referral,Individual
C06527,2025-12-22,45-54,India,Small,Organic,Individual
C06528,2025-06-17,35-44,India,Large,Partner,Business
C06529,2025-06-23,18-24,India,Individual,Google Ads,Business
C06530,2025-05-27,18-24,India,Medium,Partner,Individual
C06531,2025-06-15,25-34,Canada,Medium,Referral,Business
C06532,2025-04-23,35-44,United States,Individual,Referral,Individual
C06533,2026-02-25,55+,Australia,Medium,Meta Ads,Individual
C06534,2025-02-18,35-44,United Kingdom,Individual,Google Ads,Individual
C06535,2025-05-29,18-24,United States,Large,Google Ads,Business
C06536,2025-04-13,35-44,Singapore,Large,Google Ads,Individual
C06537,2026-05-03,25-34,India,Individual,Organic,Individual
C06538,2025-09-06,45-54,India,Large,Email,Individual
C06539,2025-06-15,25-34,United States,Individual,Partner,Individual
C06540,2025-08-17,45-54,India,Individual,Referral,Business
C06541,2025-07-31,35-44,United Kingdom,Individual,Google Ads,Individual
C06542,2025-07-18,45-54,Australia,Small,Email,Business
C06543,2025-02-18,45-54,India,Small,Meta Ads,Business
C06544,2025-03-20,25-34,Canada,Individual,Google Ads,Business
C06545,2026-01-29,35-44,United States,Large,Meta Ads,Individual
C06546,2025-12-17,25-34,India,Individual,Email,Individual
C06547,2026-04-05,35-44,India,Small,Partner,Individual
C06548,2025-12-13,55+,India,Individual,Organic,Individual
C06549,2025-09-01,45-54,India,Individual,Partner,Individual
C06550,2026-04-01,25-34,India,Medium,Referral,Individual
C06551,2025-05-03,25-34,India,Small,Referral,Individual
C06552,2025-11-05,45-54,India,Individual,Meta Ads,Business
C06553,2025-03-27,35-44,United States,Small,Organic,Individual
C06554,2025-01-15,35-44,Canada,Small,Organic,Business
C06555,2025-02-17,18-24,India,Individual,Referral,Individual
C06556,2025-04-13,35-44,United Kingdom,Individual,Referral,Business
C06557,2025-08-19,25-34,United Kingdom,Individual,Meta Ads,Business
C06558,2025-05-28,45-54,India,Small,Email,Individual
C06559,2025-10-03,18-24,United States,Individual,Referral,Individual
C06560,2025-12-20,45-54,India,Individual,Organic,Individual
C06561,2025-08-31,25-34,United States,Medium,Meta Ads,Individual
C06562,2025-06-21,25-34,India,Individual,Email,Business
C06563,2025-06-25,45-54,India,Small,Email,Individual
C06564,2025-10-10,35-44,United States,Small,Google Ads,Individual
C06565,2025-07-17,25-34,India,Small,Google Ads,Individual
C06566,2025-12-16,45-54,India,Individual,Organic,Individual
C06567,2025-03-15,45-54,India,Medium,Google Ads,Individual
C06568,2025-09-15,25-34,United Kingdom,Individual,Email,Individual
C06569,2025-06-08,25-34,India,Small,Partner,Individual
C06570,2026-03-19,18-24,India,Small,Google Ads,Business
C06571,2025-07-30,25-34,India,Individual,Organic,Individual
C06572,2026-01-28,55+,United States,Individual,Meta Ads,Business
C06573,2025-02-14,25-34,India,Medium,Referral,Individual
C06574,2025-05-28,18-24,India,Medium,Meta Ads,Individual
C06575,2026-03-29,35-44,United States,Small,Organic,Business
C06576,2025-03-04,25-34,India,Medium,Organic,Individual
C06577,2026-01-16,45-54,Canada,Small,Referral,Individual
C06578,2025-02-06,18-24,United States,Individual,Referral,Individual
C06579,2025-02-15,25-34,India,Individual,Referral,Business
C06580,2026-03-06,45-54,United States,Individual,Partner,Business
C06581,2025-03-23,18-24,Australia,Large,Email,Individual
C06582,2026-02-16,25-34,India,Small,Email,Business
C06583,2026-02-28,25-34,Canada,Individual,Organic,Individual
C06584,2025-03-16,25-34,United States,Small,Organic,Individual
C06585,2025-06-25,25-34,United Kingdom,Small,Google Ads,Individual
C06586,2025-03-10,35-44,Canada,Individual,Meta Ads,Business
C06587,2026-04-03,35-44,India,Small,Organic,Business
C06588,2025-03-15,45-54,Canada,Individual,Partner,Individual
C06589,2025-08-20,35-44,United Kingdom,Medium,Google Ads,Business
C06590,2025-03-05,18-24,India,Small,Organic,Business
C06591,2026-02-27,25-34,United States,Small,Referral,Individual
C06592,2025-10-20,35-44,India,Small,Google Ads,Individual
C06593,2025-08-17,35-44,India,Small,Organic,Business
C06594,2025-11-27,25-34,India,Individual,Organic,Business
C06595,2025-07-19,25-34,United States,Small,Referral,Business
C06596,2025-11-23,35-44,India,Small,Partner,Individual
C06597,2025-04-12,25-34,India,Small,Google Ads,Business
C06598,2025-07-29,25-34,Singapore,Individual,Google Ads,Business
C06599,2025-10-21,25-34,India,Individual,Referral,Individual
C06600,2025-05-13,55+,Singapore,Small,Referral,Business
C06601,2026-02-18,35-44,India,Small,Organic,Business
C06602,2025-03-23,18-24,Australia,Small,Referral,Individual
C06603,2025-02-19,45-54,Singapore,Medium,Google Ads,Business
C06604,2026-04-08,18-24,United Kingdom,Individual,Partner,Individual
C06605,2025-07-12,35-44,India,Small,Organic,Business
C06606,2025-09-13,35-44,India,Small,Organic,Business
C06607,2025-12-27,18-24,United Kingdom,Large,Meta Ads,Business
C06608,2025-02-20,25-34,India,Individual,Partner,Business
C06609,2025-10-28,25-34,India,Medium,Organic,Individual
C06610,2025-06-17,25-34,India,Individual,Organic,Business
C06611,2025-07-20,45-54,United States,Small,Organic,Individual
C06612,2025-01-22,18-24,United States,Individual,Google Ads,Business
C06613,2025-05-26,35-44,India,Individual,Organic,Individual
C06614,2025-08-18,25-34,India,Individual,Partner,Individual
C06615,2025-02-13,45-54,Singapore,Small,Organic,Business
C06616,2025-06-12,35-44,India,Individual,Meta Ads,Individual
C06617,2025-05-15,25-34,United States,Individual,Organic,Individual
C06618,2025-09-12,25-34,United Kingdom,Medium,Meta Ads,Individual
C06619,2025-03-30,45-54,India,Small,Organic,Individual
C06620,2025-10-31,25-34,Canada,Large,Meta Ads,Business
C06621,2025-05-04,25-34,Singapore,Medium,Referral,Business
C06622,2025-06-26,35-44,United States,Individual,Google Ads,Business
C06623,2025-12-12,25-34,India,Small,Organic,Individual
C06624,2025-12-18,25-34,India,Individual,Referral,Business
C06625,2025-10-18,18-24,United States,Individual,Organic,Business
C06626,2025-03-10,18-24,Singapore,Individual,Meta Ads,Business
C06627,2025-02-16,35-44,Canada,Small,Google Ads,Individual
C06628,2025-11-21,45-54,India,Medium,Google Ads,Individual
C06629,2025-08-08,45-54,Canada,Large,Meta Ads,Business
C06630,2025-09-15,25-34,United States,Large,Organic,Individual
C06631,2026-04-02,45-54,India,Individual,Google Ads,Individual
C06632,2025-01-31,35-44,India,Individual,Referral,Business
C06633,2025-12-26,35-44,India,Medium,Google Ads,Business
C06634,2025-02-14,18-24,India,Individual,Partner,Individual
C06635,2025-12-31,18-24,Singapore,Medium,Referral,Business
C06636,2025-09-18,45-54,Canada,Individual,Referral,Business
C06637,2025-08-30,35-44,India,Individual,Organic,Individual
C06638,2025-09-27,25-34,Australia,Small,Organic,Business
C06639,2025-02-04,35-44,United Kingdom,Individual,Organic,Individual
C06640,2025-02-28,25-34,United States,Small,Partner,Individual
C06641,2025-07-15,55+,Australia,Small,Referral,Individual
C06642,2026-04-15,25-34,Canada,Small,Organic,Business
C06643,2025-03-12,45-54,India,Individual,Meta Ads,Business
C06644,2025-05-07,25-34,India,Small,Meta Ads,Business
C06645,2026-03-27,35-44,United Kingdom,Individual,Referral,Individual
C06646,2026-05-15,25-34,India,Individual,Google Ads,Business
C06647,2025-09-25,35-44,Australia,Individual,Organic,Individual
C06648,2025-11-08,25-34,United States,Individual,Partner,Business
C06649,2026-04-29,18-24,Singapore,Individual,Google Ads,Business
C06650,2025-03-01,55+,Canada,Small,Email,Business
C06651,2025-01-20,25-34,United States,Small,Organic,Business
C06652,2026-03-17,25-34,India,Large,Partner,Individual
C06653,2025-01-09,25-34,Singapore,Individual,Organic,Individual
C06654,2025-01-19,55+,India,Small,Google Ads,Individual
C06655,2026-01-02,55+,India,Medium,Google Ads,Individual
C06656,2026-02-27,35-44,India,Medium,Meta Ads,Individual
C06657,2025-04-10,55+,United States,Medium,Meta Ads,Individual
C06658,2025-02-16,25-34,United States,Individual,Meta Ads,Business
C06659,2025-07-05,25-34,Singapore,Individual,Organic,Individual
C06660,2025-04-27,35-44,United States,Medium,Partner,Individual
C06661,2025-08-18,25-34,India,Medium,Organic,Individual
C06662,2025-04-02,25-34,India,Medium,Organic,Individual
C06663,2025-12-28,18-24,India,Small,Partner,Business
C06664,2025-03-03,18-24,Singapore,Small,Referral,Business
C06665,2026-02-26,35-44,United Kingdom,Small,Meta Ads,Business
C06666,2025-11-29,25-34,India,Individual,Organic,Business
C06667,2025-01-12,25-34,United States,Individual,Partner,Individual
C06668,2025-06-09,45-54,United States,Small,Referral,Individual
C06669,2025-07-02,35-44,Canada,Small,Referral,Individual
C06670,2026-04-14,55+,India,Small,Organic,Individual
C06671,2025-02-08,35-44,United States,Individual,Partner,Individual
C06672,2026-04-14,25-34,United States,Small,Partner,Business
C06673,2026-04-22,35-44,United Kingdom,Individual,Referral,Business
C06674,2025-05-30,45-54,India,Individual,Meta Ads,Individual
C06675,2026-03-14,45-54,India,Individual,Google Ads,Business
C06676,2026-04-26,25-34,United Kingdom,Individual,Meta Ads,Individual
C06677,2026-01-13,35-44,India,Small,Partner,Individual
C06678,2025-07-11,45-54,United Kingdom,Small,Google Ads,Business
C06679,2025-01-11,45-54,Canada,Individual,Meta Ads,Business
C06680,2026-05-10,18-24,United States,Medium,Email,Business
C06681,2025-08-07,35-44,India,Small,Organic,Business
C06682,2025-11-22,18-24,Canada,Small,Organic,Individual
C06683,2026-03-13,25-34,Canada,Large,Referral,Individual
C06684,2026-03-05,25-34,Australia,Medium,Referral,Business
C06685,2025-04-23,45-54,United Kingdom,Large,Partner,Business
C06686,2025-10-25,35-44,India,Individual,Organic,Individual
C06687,2025-12-25,25-34,Australia,Large,Meta Ads,Individual
C06688,2025-02-05,35-44,Australia,Small,Referral,Business
C06689,2025-09-19,35-44,India,Medium,Referral,Business
C06690,2026-04-26,25-34,Australia,Individual,Partner,Individual
C06691,2025-06-28,18-24,India,Medium,Organic,Business
C06692,2025-09-06,35-44,United States,Small,Email,Individual
C06693,2025-08-09,35-44,United States,Individual,Meta Ads,Business
C06694,2025-08-08,25-34,Australia,Medium,Partner,Individual
C06695,2025-08-04,55+,Singapore,Individual,Meta Ads,Individual
C06696,2026-02-28,25-34,India,Large,Email,Individual
C06697,2025-09-15,45-54,Singapore,Medium,Partner,Business
C06698,2025-12-16,25-34,United States,Small,Organic,Individual
C06699,2025-12-29,18-24,India,Medium,Partner,Individual
C06700,2025-11-23,55+,India,Individual,Referral,Business
C06701,2025-08-28,45-54,Singapore,Large,Partner,Individual
C06702,2026-01-20,18-24,Canada,Individual,Partner,Individual
C06703,2026-01-18,35-44,United States,Individual,Google Ads,Business
C06704,2025-01-24,25-34,India,Small,Organic,Individual
C06705,2025-03-11,25-34,Canada,Individual,Partner,Business
C06706,2025-07-17,35-44,United States,Large,Organic,Individual
C06707,2025-07-02,35-44,Australia,Individual,Organic,Individual
C06708,2025-03-12,25-34,India,Small,Referral,Individual
C06709,2025-04-01,25-34,Australia,Medium,Email,Individual
C06710,2025-05-06,35-44,India,Medium,Meta Ads,Individual
C06711,2025-10-16,55+,India,Individual,Google Ads,Individual
C06712,2026-01-04,35-44,India,Large,Referral,Business
C06713,2025-03-22,25-34,Canada,Individual,Organic,Business
C06714,2025-10-31,25-34,India,Individual,Organic,Business
C06715,2025-04-14,35-44,India,Small,Email,Business
C06716,2026-01-25,35-44,India,Individual,Organic,Individual
C06717,2025-01-09,35-44,India,Individual,Email,Individual
C06718,2025-01-27,55+,India,Individual,Meta Ads,Individual
C06719,2025-08-14,45-54,India,Individual,Meta Ads,Individual
C06720,2025-03-27,25-34,Canada,Medium,Organic,Business
C06721,2026-03-02,55+,India,Large,Google Ads,Business
C06722,2025-04-13,25-34,United States,Individual,Google Ads,Individual
C06723,2026-01-31,25-34,Australia,Small,Meta Ads,Business
C06724,2026-02-05,18-24,India,Individual,Organic,Business
C06725,2025-11-03,45-54,Canada,Large,Referral,Individual
C06726,2025-03-13,25-34,India,Individual,Meta Ads,Individual
C06727,2025-03-20,55+,Australia,Large,Meta Ads,Individual
C06728,2026-05-01,25-34,India,Large,Meta Ads,Business
C06729,2025-09-09,18-24,United Kingdom,Medium,Organic,Individual
C06730,2026-05-13,35-44,India,Small,Google Ads,Individual
C06731,2025-12-01,18-24,India,Individual,Referral,Individual
C06732,2025-08-28,35-44,India,Medium,Meta Ads,Individual
C06733,2026-04-26,25-34,India,Small,Organic,Individual
C06734,2025-06-29,25-34,Australia,Medium,Partner,Individual
C06735,2026-03-10,35-44,India,Medium,Referral,Business
C06736,2026-02-08,35-44,United States,Individual,Organic,Business
C06737,2026-03-24,45-54,United States,Small,Referral,Business
C06738,2025-09-25,25-34,India,Medium,Organic,Individual
C06739,2025-02-01,55+,India,Small,Referral,Individual
C06740,2025-11-19,25-34,Canada,Medium,Organic,Business
C06741,2025-09-20,18-24,India,Small,Organic,Business
C06742,2025-06-09,25-34,India,Medium,Organic,Individual
C06743,2025-03-25,25-34,India,Individual,Partner,Individual
C06744,2025-08-29,35-44,United Kingdom,Medium,Organic,Individual
C06745,2026-05-11,55+,United States,Individual,Organic,Business
C06746,2026-04-29,45-54,Canada,Individual,Google Ads,Individual
C06747,2025-04-23,35-44,Canada,Medium,Referral,Individual
C06748,2025-02-11,25-34,India,Individual,Google Ads,Individual
C06749,2025-10-24,18-24,Canada,Individual,Organic,Individual
C06750,2026-04-12,35-44,Singapore,Individual,Referral,Individual
C06751,2026-02-02,35-44,Australia,Individual,Organic,Individual
C06752,2025-04-27,18-24,United Kingdom,Individual,Meta Ads,Business
C06753,2026-03-03,35-44,Australia,Individual,Referral,Business
C06754,2026-04-18,35-44,India,Individual,Meta Ads,Business
C06755,2025-07-03,35-44,India,Individual,Referral,Individual
C06756,2025-04-07,45-54,United Kingdom,Individual,Google Ads,Individual
C06757,2026-03-04,25-34,United States,Medium,Organic,Individual
C06758,2026-05-11,55+,India,Individual,Organic,Individual
C06759,2025-12-03,25-34,India,Small,Meta Ads,Individual
C06760,2026-01-01,35-44,India,Individual,Google Ads,Individual
C06761,2025-05-24,18-24,United States,Individual,Google Ads,Business
C06762,2025-03-30,25-34,Australia,Small,Partner,Individual
C06763,2025-09-30,25-34,India,Individual,Google Ads,Individual
C06764,2026-04-18,45-54,United Kingdom,Individual,Referral,Individual
C06765,2026-04-15,45-54,India,Small,Meta Ads,Individual
C06766,2025-04-10,35-44,United Kingdom,Small,Referral,Individual
C06767,2026-04-02,35-44,Canada,Medium,Referral,Business
C06768,2026-04-21,18-24,India,Small,Meta Ads,Individual
C06769,2026-02-16,55+,United States,Individual,Google Ads,Individual
C06770,2025-07-22,45-54,India,Individual,Email,Business
C06771,2025-02-11,18-24,Australia,Medium,Google Ads,Business
C06772,2025-07-05,25-34,Singapore,Medium,Partner,Business
C06773,2025-07-27,18-24,United States,Individual,Organic,Business
C06774,2026-03-05,25-34,Australia,Small,Email,Individual
C06775,2025-07-27,25-34,India,Individual,Meta Ads,Business
C06776,2025-04-11,35-44,India,Large,Organic,Business
C06777,2025-02-02,35-44,United States,Small,Organic,Business
C06778,2025-09-08,18-24,India,Large,Organic,Individual
C06779,2025-04-04,35-44,United Kingdom,Medium,Organic,Business
C06780,2026-03-06,25-34,Australia,Medium,Referral,Individual
C06781,2025-05-26,55+,India,Individual,Organic,Business
C06782,2025-11-22,25-34,Australia,Small,Referral,Individual
C06783,2025-09-03,35-44,Singapore,Individual,Referral,Individual
C06784,2025-01-11,45-54,United States,Large,Partner,Business
C06785,2025-09-14,45-54,United States,Small,Partner,Business
C06786,2026-05-07,55+,Canada,Small,Partner,Individual
C06787,2025-11-18,55+,India,Medium,Meta Ads,Individual
C06788,2025-11-06,25-34,India,Individual,Meta Ads,Business
C06789,2026-01-22,25-34,Canada,Small,Organic,Individual
C06790,2025-07-18,25-34,Australia,Individual,Google Ads,Business
C06791,2025-11-15,18-24,Australia,Individual,Google Ads,Individual
C06792,2026-01-18,35-44,India,Individual,Organic,Individual
C06793,2026-01-25,35-44,United States,Small,Email,Individual
C06794,2025-02-20,45-54,United States,Small,Referral,Individual
C06795,2026-01-31,25-34,United States,Small,Referral,Business
C06796,2026-01-17,25-34,India,Small,Google Ads,Business
C06797,2026-04-26,18-24,Singapore,Individual,Email,Individual
C06798,2025-07-21,25-34,United States,Small,Google Ads,Business
C06799,2025-12-26,35-44,Canada,Large,Meta Ads,Individual
C06800,2025-02-14,45-54,India,Individual,Meta Ads,Individual
C06801,2026-03-24,25-34,United Kingdom,Small,Google Ads,Business
C06802,2025-03-18,25-34,India,Small,Meta Ads,Individual
C06803,2025-07-29,45-54,United States,Individual,Referral,Individual
C06804,2026-02-07,35-44,United States,Individual,Email,Individual
C06805,2025-08-15,45-54,United States,Individual,Organic,Individual
C06806,2025-03-06,25-34,India,Individual,Meta Ads,Individual
C06807,2026-02-16,45-54,United States,Medium,Organic,Individual
C06808,2025-03-25,25-34,Canada,Individual,Google Ads,Individual
C06809,2026-05-07,25-34,India,Small,Meta Ads,Business
C06810,2025-08-13,25-34,United States,Individual,Referral,Business
C06811,2025-03-03,25-34,United Kingdom,Small,Email,Individual
C06812,2025-12-18,18-24,India,Individual,Partner,Business
C06813,2025-04-17,55+,India,Small,Meta Ads,Business
C06814,2025-12-06,25-34,Singapore,Small,Referral,Individual
C06815,2025-11-06,25-34,India,Individual,Google Ads,Individual
C06816,2025-03-10,25-34,India,Medium,Referral,Individual
C06817,2025-03-04,45-54,India,Large,Organic,Individual
C06818,2025-12-26,45-54,India,Individual,Organic,Business
C06819,2026-01-13,18-24,India,Large,Organic,Business
C06820,2025-10-28,55+,India,Large,Partner,Business
C06821,2025-12-02,45-54,India,Medium,Google Ads,Business
C06822,2025-09-28,25-34,Canada,Small,Organic,Individual
C06823,2025-12-06,18-24,Canada,Individual,Organic,Individual
C06824,2025-09-29,35-44,India,Individual,Google Ads,Individual
C06825,2025-04-03,25-34,India,Individual,Referral,Business
C06826,2025-06-02,25-34,India,Small,Partner,Business
C06827,2026-04-22,45-54,United States,Small,Google Ads,Business
C06828,2025-07-23,35-44,India,Small,Meta Ads,Individual
C06829,2026-04-09,55+,Australia,Individual,Referral,Individual
C06830,2026-04-25,18-24,India,Large,Referral,Individual
C06831,2025-09-06,35-44,India,Individual,Google Ads,Business
C06832,2025-10-09,25-34,United Kingdom,Individual,Referral,Individual
C06833,2026-01-14,25-34,Canada,Small,Organic,Business
C06834,2025-01-03,55+,Australia,Medium,Referral,Individual
C06835,2025-04-30,55+,Australia,Small,Referral,Business
C06836,2025-11-06,25-34,India,Individual,Partner,Individual
C06837,2025-09-18,18-24,United States,Medium,Google Ads,Business
C06838,2025-12-08,25-34,India,Medium,Referral,Individual
C06839,2025-11-26,25-34,United Kingdom,Small,Google Ads,Individual
C06840,2025-10-19,45-54,India,Small,Google Ads,Business
C06841,2026-03-12,25-34,Singapore,Individual,Google Ads,Business
C06842,2025-05-05,25-34,Singapore,Small,Referral,Individual
C06843,2025-09-01,25-34,United States,Large,Organic,Individual
C06844,2025-05-06,18-24,India,Individual,Referral,Individual
C06845,2026-05-05,25-34,Australia,Small,Organic,Business
C06846,2025-06-20,35-44,Australia,Small,Referral,Business
C06847,2026-04-29,55+,United Kingdom,Individual,Organic,Business
C06848,2025-06-08,35-44,Australia,Individual,Referral,Business
C06849,2025-10-26,45-54,India,Individual,Organic,Business
C06850,2026-03-17,45-54,India,Medium,Organic,Individual
C06851,2025-04-01,45-54,India,Individual,Partner,Business
C06852,2025-11-26,45-54,United States,Small,Referral,Individual
C06853,2026-02-05,25-34,Singapore,Small,Referral,Individual
C06854,2025-07-04,35-44,India,Individual,Partner,Individual
C06855,2025-11-22,18-24,United Kingdom,Individual,Email,Individual
C06856,2025-12-10,35-44,India,Small,Referral,Individual
C06857,2025-03-24,25-34,India,Small,Google Ads,Business
C06858,2025-07-02,45-54,India,Individual,Partner,Business
C06859,2025-07-16,25-34,India,Small,Email,Individual
C06860,2025-01-17,45-54,Singapore,Individual,Organic,Business
C06861,2026-03-03,18-24,India,Medium,Organic,Individual
C06862,2025-06-25,35-44,India,Large,Partner,Business
C06863,2025-01-11,55+,Canada,Individual,Organic,Business
C06864,2026-04-25,25-34,Australia,Small,Organic,Business
C06865,2025-01-15,45-54,India,Small,Referral,Business
C06866,2025-06-11,18-24,United Kingdom,Small,Organic,Individual
C06867,2025-07-31,35-44,Canada,Medium,Partner,Individual
C06868,2025-05-07,25-34,India,Individual,Organic,Business
C06869,2025-04-11,45-54,India,Individual,Organic,Individual
C06870,2025-07-15,25-34,Singapore,Individual,Google Ads,Individual
C06871,2026-04-23,45-54,Australia,Small,Referral,Individual
C06872,2025-05-24,35-44,Canada,Large,Email,Individual
C06873,2026-01-22,55+,United Kingdom,Medium,Google Ads,Individual
C06874,2025-07-25,35-44,India,Small,Partner,Individual
C06875,2025-10-25,45-54,India,Individual,Partner,Individual
C06876,2025-12-30,18-24,United Kingdom,Individual,Organic,Individual
C06877,2025-11-21,18-24,India,Large,Organic,Individual
C06878,2025-04-08,45-54,Canada,Large,Organic,Individual
C06879,2025-06-22,35-44,United States,Medium,Referral,Business
C06880,2025-01-17,35-44,United States,Individual,Partner,Business
C06881,2025-01-03,35-44,Australia,Medium,Google Ads,Business
C06882,2025-05-07,35-44,India,Individual,Organic,Individual
C06883,2025-05-03,18-24,India,Large,Partner,Business
C06884,2025-10-04,35-44,United Kingdom,Small,Google Ads,Individual
C06885,2025-04-05,45-54,India,Individual,Referral,Business
C06886,2026-01-17,55+,India,Small,Referral,Business
C06887,2025-01-05,25-34,United Kingdom,Medium,Referral,Business
C06888,2026-04-07,25-34,United Kingdom,Medium,Google Ads,Individual
C06889,2025-11-01,35-44,United States,Large,Organic,Individual
C06890,2025-07-14,25-34,Australia,Small,Organic,Individual
C06891,2025-11-24,35-44,Canada,Individual,Google Ads,Individual
C06892,2025-07-03,25-34,United States,Individual,Partner,Individual
C06893,2025-03-03,25-34,India,Small,Meta Ads,Individual
C06894,2025-03-06,35-44,India,Small,Google Ads,Individual
C06895,2025-05-29,45-54,United States,Individual,Meta Ads,Business
C06896,2026-01-31,25-34,India,Individual,Meta Ads,Business
C06897,2025-02-16,25-34,India,Large,Google Ads,Individual
C06898,2025-02-20,25-34,United Kingdom,Small,Organic,Individual
C06899,2025-12-22,25-34,India,Medium,Meta Ads,Individual
C06900,2025-06-12,35-44,Canada,Small,Meta Ads,Individual
C06901,2025-05-11,55+,United Kingdom,Small,Partner,Individual
C06902,2025-01-22,55+,India,Individual,Google Ads,Business
C06903,2026-04-23,25-34,India,Medium,Partner,Individual
C06904,2025-06-06,25-34,United States,Individual,Organic,Individual
C06905,2026-02-21,55+,United Kingdom,Large,Organic,Individual
C06906,2025-03-08,25-34,Australia,Medium,Email,Business
C06907,2025-10-11,35-44,Australia,Small,Google Ads,Individual
C06908,2025-10-04,18-24,United States,Individual,Google Ads,Business
C06909,2025-03-03,25-34,Australia,Individual,Referral,Individual
C06910,2025-02-14,45-54,India,Individual,Meta Ads,Individual
C06911,2025-04-09,45-54,Singapore,Individual,Organic,Individual
C06912,2025-05-28,55+,Canada,Individual,Google Ads,Individual
C06913,2025-07-09,45-54,India,Large,Organic,Business
C06914,2026-02-03,18-24,United States,Individual,Organic,Business
C06915,2025-09-19,25-34,United Kingdom,Medium,Google Ads,Individual
C06916,2025-06-18,25-34,India,Individual,Meta Ads,Individual
C06917,2026-05-16,25-34,Canada,Individual,Email,Individual
C06918,2025-02-11,18-24,India,Individual,Organic,Individual
C06919,2025-11-19,35-44,United Kingdom,Small,Partner,Business
C06920,2026-05-16,25-34,Australia,Medium,Google Ads,Individual
C06921,2025-11-08,25-34,United Kingdom,Small,Referral,Business
C06922,2025-10-04,25-34,Singapore,Individual,Referral,Business
C06923,2025-07-27,45-54,India,Large,Referral,Business
C06924,2025-08-12,25-34,Singapore,Medium,Google Ads,Individual
C06925,2025-09-05,45-54,United Kingdom,Individual,Organic,Business
C06926,2025-02-11,25-34,United States,Individual,Google Ads,Business
C06927,2025-07-20,25-34,United States,Small,Email,Business
C06928,2025-11-13,35-44,Singapore,Individual,Organic,Individual
C06929,2026-04-29,35-44,India,Individual,Email,Individual
C06930,2025-07-18,18-24,India,Small,Organic,Business
C06931,2025-03-16,25-34,India,Large,Meta Ads,Business
C06932,2025-12-03,25-34,India,Small,Organic,Business
C06933,2025-04-04,45-54,India,Small,Organic,Business
C06934,2026-03-11,25-34,India,Individual,Google Ads,Individual
C06935,2025-07-09,25-34,India,Individual,Organic,Individual
C06936,2026-03-20,18-24,India,Individual,Partner,Individual
C06937,2026-05-02,18-24,India,Large,Referral,Business
C06938,2026-02-05,18-24,,Individual,Google Ads,Individual
C06939,2025-06-21,25-34,India,Small,Google Ads,Business
C06940,2025-08-08,25-34,United States,Large,Email,Individual
C06941,2025-02-15,45-54,India,Medium,Google Ads,Business
C06942,2025-12-31,45-54,United Kingdom,Large,Email,Individual
C06943,2026-01-26,45-54,India,Individual,Partner,Individual
C06944,2026-04-24,35-44,United States,Individual,Organic,Business
C06945,2025-03-15,35-44,United States,Medium,Organic,Individual
C06946,2025-06-23,18-24,United Kingdom,Individual,Organic,Business
C06947,2025-04-17,45-54,India,Individual,Email,Individual
C06948,2026-03-27,45-54,United States,Small,Partner,Individual
C06949,2025-10-10,18-24,India,Large,Organic,Individual
C06950,2025-07-11,55+,Canada,Individual,Referral,Business
C06951,2025-05-06,25-34,India,Individual,Meta Ads,Business
C06952,2026-04-28,25-34,India,Individual,Organic,Business
C06953,2025-12-31,25-34,India,Small,Email,Business
C06954,2025-05-02,25-34,India,Individual,Meta Ads,Business
C06955,2025-04-14,35-44,United Kingdom,Small,Referral,Individual
C06956,2025-05-28,18-24,Australia,Small,Referral,Individual
C06957,2026-01-25,55+,India,Small,Meta Ads,Individual
C06958,2026-01-16,55+,India,Medium,Referral,Individual
C06959,2025-05-25,45-54,United States,Medium,Partner,Individual
C06960,2025-11-26,25-34,India,Small,Organic,Business
C06961,2025-10-25,45-54,India,Small,Referral,Business
C06962,2025-01-06,35-44,India,Small,Email,Individual
C06963,2025-02-12,45-54,India,Individual,Google Ads,Business
C06964,2025-02-06,45-54,India,Small,Google Ads,Individual
C06965,2025-12-30,45-54,United States,Individual,Referral,Individual
C06966,2025-07-18,45-54,United Kingdom,Large,Organic,Individual
C06967,2025-09-07,35-44,India,Medium,Google Ads,Business
C06968,2025-11-18,35-44,Canada,Individual,Google Ads,Individual
C06969,2025-06-19,25-34,United States,Small,Referral,Individual
C06970,2025-12-10,18-24,Australia,Small,Organic,Business
C06971,2025-11-20,18-24,Canada,Individual,Google Ads,Business
C06972,2025-08-30,25-34,India,Individual,Referral,Individual
C06973,2025-04-14,25-34,India,Small,Meta Ads,Business
C06974,2026-04-28,25-34,Canada,Medium,Meta Ads,Individual
C06975,2025-04-22,25-34,United States,Individual,Meta Ads,Individual
C06976,2025-01-31,25-34,India,Individual,Organic,Business
C06977,2025-09-29,45-54,Canada,Medium,Email,Individual
C06978,2025-10-02,25-34,India,Small,Organic,Individual
C06979,2025-10-19,18-24,India,Individual,Email,Business
C06980,2026-04-25,18-24,Canada,Large,Google Ads,Individual
C06981,2026-05-02,45-54,Australia,Individual,Referral,Business
C06982,2025-11-21,18-24,India,Large,Organic,Individual
C06983,2025-04-12,25-34,Singapore,Small,Google Ads,Business
C06984,2025-10-20,35-44,United States,Medium,Organic,Individual
C06985,2025-08-21,55+,India,Medium,Organic,Business
C06986,2025-06-07,55+,Singapore,Small,Google Ads,Individual
C06987,2026-02-11,25-34,United Kingdom,Medium,Organic,Individual
C06988,2025-12-30,18-24,India,Medium,Referral,Individual
C06989,2025-07-21,18-24,United States,Individual,Organic,Individual
C06990,2026-01-27,25-34,Singapore,Individual,Referral,Business
C06991,2026-04-27,35-44,United States,Individual,Meta Ads,Business
C06992,2025-08-24,35-44,India,Individual,Google Ads,Individual
C06993,2025-12-14,25-34,United Kingdom,Large,Partner,Individual
C06994,2025-06-10,35-44,Australia,Individual,Referral,Individual
C06995,2026-02-01,35-44,Australia,Large,Google Ads,Business
C06996,2025-02-24,45-54,United States,Individual,Partner,Individual
C06997,2026-04-05,25-34,India,Individual,Referral,Individual
C06998,2026-04-14,45-54,Singapore,Small,Meta Ads,Business
C06999,2025-01-27,25-34,India,Medium,Partner,Individual
C07000,2025-09-01,35-44,India,Small,Email,Individual
C07001,2025-08-19,18-24,India,Individual,Google Ads,Business
C07002,2026-02-07,35-44,Canada,Individual,Google Ads,Individual
C07003,2026-04-30,45-54,India,Small,Meta Ads,Individual
C07004,2025-03-24,45-54,United States,Small,Meta Ads,Individual
C07005,2025-11-18,55+,India,Individual,Google Ads,Business
C07006,2025-12-14,55+,India,Medium,Referral,Business
C07007,2025-06-20,25-34,United Kingdom,Individual,Google Ads,Business
C07008,2025-08-30,35-44,Singapore,Individual,Email,Individual
C07009,2026-02-24,45-54,United Kingdom,Large,Organic,Individual
C07010,2026-01-07,35-44,Canada,Small,Meta Ads,Business
C07011,2025-03-19,25-34,United States,Small,Organic,Individual
C07012,2025-09-19,35-44,United Kingdom,Medium,Meta Ads,Business
C07013,2026-02-19,25-34,Canada,Small,Meta Ads,Business
C07014,2026-01-17,25-34,Canada,Individual,Google Ads,Individual
C07015,2025-02-11,35-44,United Kingdom,Individual,Organic,Individual
C07016,2025-10-28,45-54,India,Small,Partner,Business
C07017,2026-05-08,35-44,India,Medium,Email,Business
C07018,2025-09-07,45-54,India,Small,Organic,Business
C07019,2025-12-23,35-44,India,Individual,Partner,Business
C07020,2025-05-20,45-54,India,Large,Organic,Individual
C07021,2025-09-13,45-54,India,Individual,Meta Ads,Business
C07022,2026-05-01,35-44,United Kingdom,Individual,Organic,Individual
C07023,2026-02-01,35-44,India,Small,Meta Ads,Business
C07024,2025-08-04,18-24,United States,Small,Organic,Individual
C07025,2025-04-02,25-34,India,Small,Organic,Business
C07026,2025-11-15,25-34,India,Small,Email,Individual
C07027,2025-06-15,35-44,United States,Individual,Meta Ads,Business
C07028,2025-08-30,35-44,United Kingdom,Large,Referral,Individual
C07029,2026-03-18,45-54,Singapore,Medium,Email,Individual
C07030,2025-04-01,25-34,India,Medium,Meta Ads,Business
C07031,2025-09-22,45-54,United States,Individual,Organic,Business
C07032,2025-02-15,35-44,United Kingdom,Small,Organic,Individual
C07033,2025-11-02,25-34,India,Small,Partner,Individual
C07034,2025-03-03,18-24,India,Medium,Organic,Business
C07035,2025-12-08,25-34,Australia,Individual,Meta Ads,Individual
C07036,2025-06-22,25-34,India,Individual,Partner,Individual
C07037,2025-03-28,25-34,India,Large,Partner,Business
C07038,2026-02-26,25-34,United States,Individual,Meta Ads,Business
C07039,2026-04-13,35-44,United States,Large,Partner,Individual
C07040,2025-11-15,25-34,United States,Individual,Organic,Individual
C07041,2025-04-13,35-44,Canada,Individual,Organic,Business
C07042,2025-03-27,35-44,India,Small,Partner,Business
C07043,2025-07-03,25-34,Canada,Individual,Meta Ads,Individual
C07044,2025-11-16,18-24,United States,Individual,Organic,Business
C07045,2025-01-17,25-34,India,Individual,Organic,Individual
C07046,2025-09-26,35-44,India,Individual,Partner,Business
C07047,2025-10-16,25-34,India,Individual,Referral,Business
C07048,2026-02-10,55+,Canada,Individual,Google Ads,Individual
C07049,2025-03-04,35-44,India,Individual,Organic,Business
C07050,2025-09-04,35-44,Canada,Small,Referral,Individual
C07051,2025-02-10,35-44,India,Individual,Referral,Business
C07052,2025-11-19,25-34,India,Medium,Organic,Individual
C07053,2025-04-20,35-44,United States,Individual,Referral,Business
C07054,2025-09-28,25-34,Canada,Medium,Meta Ads,Business
C07055,2026-02-03,18-24,United States,Medium,Organic,Business
C07056,2026-04-07,35-44,India,Small,Google Ads,Individual
C07057,2025-01-28,25-34,India,Individual,Referral,Business
C07058,2025-04-20,35-44,India,Small,Google Ads,Individual
C07059,2026-05-11,18-24,Australia,Small,Meta Ads,Business
C07060,2025-05-05,25-34,India,Individual,Organic,Business
C07061,2025-08-09,35-44,India,Large,Organic,Individual
C07062,2025-10-05,25-34,India,Small,Google Ads,Individual
C07063,2025-06-15,55+,India,Large,Meta Ads,Individual
C07064,2025-10-26,45-54,United Kingdom,Individual,Google Ads,Individual
C07065,2026-04-17,35-44,United Kingdom,Individual,Referral,Business
C07066,2026-05-10,45-54,India,Large,Referral,Business
C07067,2025-08-16,35-44,United Kingdom,Small,Referral,Individual
C07068,2026-02-15,25-34,United States,Small,Organic,Individual
C07069,2025-03-19,45-54,United States,Individual,Referral,Individual
C07070,2025-10-27,35-44,Singapore,Medium,Meta Ads,Individual
C07071,2025-05-23,35-44,United States,Individual,Organic,Individual
C07072,2025-04-16,45-54,India,Medium,Partner,Individual
C07073,2025-03-29,45-54,United Kingdom,Medium,Referral,Individual
C07074,2025-10-11,25-34,United Kingdom,Medium,Organic,Individual
C07075,2025-06-02,55+,India,Medium,Meta Ads,Individual
C07076,2025-12-15,25-34,United States,Individual,Meta Ads,Business
C07077,2025-02-17,25-34,India,Individual,Referral,Individual
C07078,2025-12-20,55+,United Kingdom,Large,Meta Ads,Business
C07079,2025-07-02,25-34,India,Individual,Meta Ads,Individual
C07080,2025-12-25,45-54,India,Individual,Organic,Individual
C07081,2025-07-04,25-34,United States,Individual,Referral,Individual
C07082,2025-06-26,25-34,India,Individual,Referral,Individual
C07083,2026-01-27,25-34,United States,Medium,Referral,Individual
C07084,2025-05-31,18-24,United Kingdom,Medium,Referral,Individual
C07085,2026-03-12,25-34,United States,Small,Organic,Individual
C07086,2025-03-19,55+,India,Medium,Referral,Individual
C07087,2025-08-22,55+,India,Medium,Referral,Individual
C07088,2026-03-01,35-44,India,Small,Google Ads,Individual
C07089,2025-10-10,45-54,United Kingdom,Individual,Email,Individual
C07090,2025-01-28,45-54,India,Small,Organic,Business
C07091,2025-07-13,35-44,Canada,Small,Referral,Business
C07092,2026-03-08,35-44,Singapore,Medium,Organic,Individual
C07093,2025-12-02,25-34,India,Small,Google Ads,Individual
C07094,2025-08-19,45-54,India,Small,Meta Ads,Business
C07095,2025-04-29,55+,United Kingdom,Large,Organic,Individual
C07096,2026-02-27,35-44,United Kingdom,Individual,Google Ads,Business
C07097,2026-03-05,45-54,United States,Small,Meta Ads,Business
C07098,2025-09-13,25-34,India,Small,Meta Ads,Individual
C07099,2025-12-20,35-44,United States,Individual,Meta Ads,Business
C07100,2025-06-12,45-54,United Kingdom,Large,Partner,Business
C07101,2025-06-04,35-44,India,Small,Meta Ads,Individual
C07102,2025-06-07,25-34,India,Individual,Partner,Business
C07103,2026-05-11,18-24,United States,Large,Organic,Business
C07104,2026-03-01,25-34,United States,Small,Organic,Business
C07105,2026-02-22,45-54,India,Large,Google Ads,Business
C07106,2025-12-22,35-44,United States,Small,Meta Ads,Business
C07107,2025-01-11,25-34,Singapore,Medium,Partner,Individual
C07108,2025-11-19,45-54,United States,Individual,Partner,Individual
C07109,2025-07-05,25-34,India,Individual,Referral,Business
C07110,2026-05-16,35-44,Canada,Small,Referral,Business
C07111,2025-10-26,18-24,India,Small,Google Ads,Business
C07112,2025-05-18,18-24,United Kingdom,Small,Organic,Business
C07113,2025-05-04,45-54,India,Individual,Referral,Business
C07114,2025-10-17,25-34,United Kingdom,Individual,Meta Ads,Individual
C07115,2025-07-27,25-34,United States,Medium,Referral,Business
C07116,2025-08-13,25-34,United States,Small,Organic,Business
C07117,2026-01-30,25-34,India,Small,Partner,Individual
C07118,2025-10-28,45-54,Canada,Individual,Referral,Individual
C07119,2025-11-07,35-44,India,Small,Google Ads,Business
C07120,2025-11-27,18-24,United Kingdom,Individual,Organic,Individual
C07121,2026-01-21,25-34,India,Individual,Meta Ads,Business
C07122,2025-05-08,55+,Canada,Small,Meta Ads,Individual
C07123,2025-03-04,18-24,United States,Small,Partner,Business
C07124,2026-02-16,35-44,India,Medium,Email,Business
C07125,2025-02-01,35-44,Australia,Individual,Partner,Business
C07126,2026-01-04,25-34,United Kingdom,Large,Google Ads,Individual
C07127,2025-07-10,18-24,India,Large,Meta Ads,Individual
C07128,2025-11-03,45-54,India,Small,Meta Ads,Individual
C07129,2025-06-15,25-34,India,Individual,Email,Individual
C07130,2025-03-23,35-44,Singapore,Small,Meta Ads,Business
C07131,2026-02-24,55+,India,Medium,Organic,Business
C07132,2025-03-01,35-44,India,Individual,Organic,Business
C07133,2026-01-12,35-44,United Kingdom,Large,Organic,Individual
C07134,2025-11-27,35-44,India,Individual,Organic,Individual
C07135,2025-12-01,45-54,United States,Small,Google Ads,Business
C07136,2026-01-20,18-24,Australia,Individual,Referral,Business
C07137,2025-01-02,25-34,India,Individual,Google Ads,Business
C07138,2025-04-05,25-34,India,Large,Organic,Business
C07139,2025-07-25,25-34,United States,Medium,Organic,Individual
C07140,2026-05-13,25-34,United Kingdom,Individual,Meta Ads,Business
C07141,2025-06-25,25-34,United Kingdom,Individual,Google Ads,Business
C07142,2025-03-10,35-44,Singapore,Individual,Email,Individual
C07143,2025-08-09,18-24,India,Individual,Referral,Business
C07144,2025-09-01,35-44,India,Individual,Referral,Business
C07145,2025-11-27,35-44,United States,Large,Organic,Business
C07146,2026-04-22,35-44,Australia,Large,Meta Ads,Business
C07147,2025-09-29,45-54,India,Individual,Email,Individual
C07148,2026-04-11,25-34,Canada,Individual,Email,Business
C07149,2026-02-07,25-34,India,Small,Organic,Individual
C07150,2025-10-26,25-34,India,Individual,Google Ads,Business
C07151,2026-04-01,35-44,United Kingdom,Individual,Email,Business
C07152,2025-02-24,55+,India,Small,Organic,Individual
C07153,2025-09-30,25-34,United Kingdom,Individual,Meta Ads,Individual
C07154,2025-02-16,45-54,India,Individual,Meta Ads,Individual
C07155,2026-04-21,25-34,United States,Individual,Referral,Individual
C07156,2025-12-19,25-34,India,Individual,Partner,Individual
C07157,2025-09-01,35-44,India,Individual,Meta Ads,Business
C07158,2025-08-15,35-44,India,Small,Partner,Business
C07159,2025-07-09,25-34,India,Individual,Partner,Individual
C07160,2026-03-16,45-54,Singapore,Individual,Google Ads,Individual
C07161,2026-04-08,25-34,Australia,Individual,Meta Ads,Individual
C07162,2026-04-29,35-44,United States,Individual,Organic,Individual
C07163,2025-01-28,25-34,Singapore,Individual,Google Ads,Individual
C07164,2026-02-04,25-34,Singapore,Small,Organic,Business
C07165,2025-12-09,45-54,India,Individual,Google Ads,Individual
C07166,2026-02-24,35-44,United States,Small,Organic,Business
C07167,2026-01-19,25-34,India,Individual,Partner,Individual
C07168,2026-03-01,25-34,United Kingdom,Medium,Referral,Individual
C07169,2025-06-16,35-44,India,Small,Referral,Individual
C07170,2025-07-05,25-34,Canada,Medium,Referral,Individual
C07171,2026-03-27,55+,United States,Individual,Meta Ads,Business
C07172,2025-05-20,35-44,United States,Small,Partner,Business
C07173,2025-05-04,45-54,India,Individual,Google Ads,Individual
C07174,2025-07-09,25-34,India,Individual,Partner,Individual
C07175,2025-07-11,45-54,United Kingdom,Medium,Partner,Individual
C07176,2026-01-09,45-54,United States,Individual,Organic,Business
C07177,2026-03-23,18-24,India,Individual,Organic,Individual
C07178,2025-01-01,35-44,India,Medium,Meta Ads,Business
C07179,2026-04-08,35-44,Canada,Small,Organic,Business
C07180,2025-02-02,18-24,Canada,Individual,Meta Ads,Individual
C07181,2026-04-22,45-54,Singapore,Individual,Google Ads,Individual
C07182,2025-10-17,25-34,United States,Medium,Google Ads,Business
C07183,2025-11-16,45-54,United States,Individual,Organic,Individual
C07184,2026-02-05,35-44,India,Individual,Organic,Business
C07185,2025-04-08,45-54,United States,Small,Meta Ads,Business
C07186,2026-01-20,25-34,Canada,Individual,Organic,Individual
C07187,2026-05-03,35-44,Singapore,Medium,Partner,Individual
C07188,2026-05-15,35-44,Canada,Small,Google Ads,Business
C07189,2025-07-09,25-34,Canada,Medium,Email,Individual
C07190,2025-10-09,35-44,India,Medium,Google Ads,Individual
C07191,2025-10-25,25-34,India,Individual,Referral,Business
C07192,2025-05-08,18-24,United States,Individual,Organic,Individual
C07193,2025-09-07,25-34,India,Individual,Organic,Individual
C07194,2025-09-30,25-34,India,Individual,Google Ads,Individual
C07195,2025-04-16,45-54,United Kingdom,Individual,Meta Ads,Business
C07196,2026-04-04,45-54,India,Large,Google Ads,Business
C07197,2026-04-13,25-34,United Kingdom,Individual,Meta Ads,Business
C07198,2025-10-01,35-44,United States,Large,Partner,Individual
C07199,2025-03-04,18-24,United States,Small,Google Ads,Business
C07200,2025-08-28,25-34,United States,Small,Meta Ads,Business
C07201,2025-06-16,35-44,India,Medium,Google Ads,Business
C07202,2025-03-20,55+,United States,Large,Email,Business
C07203,2026-03-04,45-54,Australia,Individual,Referral,Business
C07204,2025-07-25,35-44,Canada,Individual,Meta Ads,Business
C07205,2025-06-18,45-54,India,Medium,Organic,Individual
C07206,2025-10-29,35-44,India,Medium,Google Ads,Individual
C07207,2026-03-10,45-54,Canada,Individual,Email,Individual
C07208,2025-09-13,45-54,India,Small,Organic,Individual
C07209,2026-02-28,35-44,United Kingdom,Individual,Referral,Individual
C07210,2025-01-03,55+,United Kingdom,Medium,Referral,Business
C07211,2025-11-30,45-54,United States,Individual,Partner,Business
C07212,2025-07-07,35-44,United States,Medium,Organic,Individual
C07213,2025-02-16,35-44,United States,Small,Referral,Business
C07214,2025-01-21,25-34,India,Individual,Meta Ads,Individual
C07215,2025-07-28,35-44,Canada,Medium,Organic,Individual
C07216,2025-11-19,25-34,Australia,Small,Google Ads,Business
C07217,2025-10-18,35-44,United Kingdom,Large,Meta Ads,Individual
C07218,2025-09-23,55+,India,Medium,Referral,Business
C07219,2025-09-16,45-54,Singapore,Large,Google Ads,Business
C07220,2025-12-05,45-54,India,Medium,Organic,Business
C07221,2026-03-24,35-44,United States,Small,Organic,Business
C07222,2026-01-26,45-54,India,Small,Meta Ads,Individual
C07223,2025-05-30,35-44,Australia,Individual,Organic,Business
C07224,2025-05-28,55+,India,Individual,Partner,Business
C07225,2025-08-27,45-54,India,Medium,Meta Ads,Business
C07226,2025-01-09,35-44,India,Large,Partner,Individual
C07227,2025-03-02,45-54,India,Individual,Email,Individual
C07228,2025-07-18,35-44,United Kingdom,Medium,Referral,Individual
C07229,2025-10-29,25-34,Singapore,Individual,Referral,Business
C07230,2025-02-23,25-34,India,Medium,Google Ads,Individual
C07231,2026-01-20,45-54,India,Medium,Google Ads,Individual
C07232,2026-01-08,35-44,India,Small,Referral,Business
C07233,2025-12-05,25-34,Singapore,Small,Partner,Business
C07234,2026-01-16,25-34,India,Small,Meta Ads,Individual
C07235,2025-07-14,45-54,United States,Individual,Organic,Business
C07236,2025-02-27,25-34,United States,Individual,Google Ads,Individual
C07237,2026-01-18,45-54,India,Large,Google Ads,Individual
C07238,2025-08-28,18-24,United Kingdom,Large,Referral,Business
C07239,2025-11-27,35-44,India,Individual,Organic,Individual
C07240,2025-05-05,35-44,Australia,Medium,Referral,Individual
C07241,2025-10-28,35-44,India,Small,Referral,Business
C07242,2025-09-16,45-54,United States,Individual,Meta Ads,Individual
C07243,2025-09-19,25-34,United States,Medium,Referral,Individual
C07244,2025-08-04,25-34,India,Individual,Email,Individual
C07245,2025-01-27,35-44,India,Individual,Organic,Business
C07246,2025-07-24,55+,Singapore,Individual,Organic,Business
C07247,2025-07-01,35-44,India,Medium,Google Ads,Business
C07248,2026-01-16,35-44,United States,Medium,Organic,Business
C07249,2026-03-01,35-44,United Kingdom,Small,Organic,Individual
C07250,2025-03-18,45-54,United States,Medium,Email,Individual
C07251,2025-09-29,35-44,United States,Individual,Google Ads,Business
C07252,2026-05-03,45-54,United Kingdom,Individual,Organic,Individual
C07253,2025-01-04,55+,United States,Individual,Partner,Business
C07254,2025-02-03,18-24,Australia,Individual,Referral,Business
C07255,2025-11-29,55+,Australia,Individual,Google Ads,Business
C07256,2025-07-03,35-44,India,Medium,Organic,Individual
C07257,2026-05-09,45-54,United States,Small,Partner,Individual
C07258,2025-08-26,25-34,India,Medium,Organic,Individual
C07259,2025-05-23,55+,Canada,Medium,Organic,Business
C07260,2025-11-09,35-44,United States,Small,Google Ads,Individual
C07261,2025-02-15,35-44,United States,Medium,Meta Ads,Individual
C07262,2026-01-12,25-34,United Kingdom,Small,Referral,Individual
C07263,2025-09-20,45-54,United States,Medium,Google Ads,Individual
C07264,2026-01-24,55+,United States,Individual,Google Ads,Business
C07265,2026-03-18,45-54,India,Small,Partner,Individual
C07266,2025-12-13,25-34,United Kingdom,Large,Referral,Business
C07267,2025-06-16,35-44,Australia,Small,Partner,Business
C07268,2025-08-04,35-44,India,Small,Referral,Business
C07269,2026-04-16,25-34,India,Large,Organic,Individual
C07270,2025-05-01,35-44,India,Small,Meta Ads,Business
C07271,2025-06-06,18-24,India,Individual,Organic,Business
C07272,2025-02-13,25-34,Canada,Medium,Email,Individual
C07273,2025-02-08,35-44,Canada,Individual,Partner,Individual
C07274,2026-03-31,35-44,Singapore,Small,Partner,Individual
C07275,2026-02-11,25-34,United States,Medium,Referral,Individual
C07276,2025-02-01,35-44,India,Medium,Meta Ads,Individual
C07277,2025-04-28,18-24,United Kingdom,Individual,Google Ads,Business
C07278,2025-04-07,25-34,India,Medium,Google Ads,Individual
C07279,2025-05-10,25-34,United Kingdom,Small,Partner,Business
C07280,2025-10-24,35-44,India,Individual,Organic,Business
C07281,2025-01-20,35-44,India,Individual,Organic,Business
C07282,2025-04-08,35-44,United States,Individual,Organic,Individual
C07283,2025-03-02,25-34,United States,Individual,Organic,Individual
C07284,2025-03-24,18-24,Singapore,Individual,Google Ads,Business
C07285,2025-10-21,25-34,India,Individual,Partner,Individual
C07286,2025-10-27,45-54,India,Individual,Referral,Individual
C07287,2025-11-22,35-44,India,Small,Referral,Business
C07288,2025-05-15,55+,United States,Large,Meta Ads,Individual
C07289,2026-04-28,45-54,United States,Medium,Organic,Business
C07290,2026-03-01,25-34,India,Large,Partner,Business
C07291,2026-02-02,35-44,India,Small,Google Ads,Business
C07292,2026-04-06,25-34,India,Individual,Organic,Business
C07293,2025-05-13,35-44,Singapore,Individual,Referral,Business
C07294,2026-04-02,55+,United Kingdom,Small,Referral,Business
C07295,2025-01-06,35-44,India,Large,Email,Business
C07296,2025-12-24,25-34,United States,Individual,Meta Ads,Business
C07297,2025-09-11,35-44,India,Small,Referral,Business
C07298,2025-04-01,35-44,United Kingdom,Individual,Organic,Business
C07299,2025-11-05,25-34,Australia,Small,Meta Ads,Individual
C07300,2025-12-09,18-24,India,Small,Organic,Individual
C07301,2025-10-04,18-24,India,Individual,Email,Business
C07302,2026-05-13,35-44,United States,Large,Referral,Business
C07303,2026-03-15,25-34,India,Individual,Meta Ads,Business
C07304,2025-02-06,45-54,United Kingdom,Individual,Organic,Individual
C07305,2025-03-14,45-54,United Kingdom,Large,Google Ads,Individual
C07306,2025-08-09,25-34,United States,Individual,Meta Ads,Individual
C07307,2025-08-04,35-44,India,Individual,Organic,Business
C07308,2026-02-27,18-24,United Kingdom,Small,Organic,Business
C07309,2025-03-23,55+,United States,Small,Google Ads,Individual
C07310,2025-11-15,35-44,India,Small,Google Ads,Individual
C07311,2025-02-16,35-44,India,Individual,Google Ads,Individual
C07312,2025-12-17,45-54,India,Individual,Partner,Business
C07313,2026-05-01,35-44,Canada,Individual,Referral,Business
C07314,2025-01-05,45-54,India,Large,Meta Ads,Business
C07315,2025-08-07,25-34,Singapore,Individual,Organic,Business
C07316,2025-12-05,45-54,India,Individual,Email,Business
C07317,2025-02-04,18-24,United States,Small,Referral,Individual
C07318,2025-02-09,25-34,India,Small,Google Ads,Individual
C07319,2026-02-25,35-44,United Kingdom,Individual,Google Ads,Individual
C07320,2025-08-14,25-34,Australia,Individual,Organic,Individual
C07321,2025-11-04,55+,Canada,Individual,Meta Ads,Business
C07322,2025-08-28,18-24,India,Large,Meta Ads,Business
C07323,2025-08-28,55+,United States,Individual,Google Ads,Business
C07324,2025-10-05,25-34,Australia,Medium,Organic,Individual
C07325,2025-06-16,18-24,India,Individual,Email,Individual
C07326,2025-04-20,25-34,Singapore,Medium,Organic,Business
C07327,2025-03-28,35-44,India,Individual,Google Ads,Business
C07328,2025-05-23,25-34,India,Small,Partner,Individual
C07329,2025-07-20,25-34,India,Small,Organic,Individual
C07330,2025-03-15,25-34,Singapore,Individual,Organic,Business
C07331,2026-01-08,45-54,India,Small,Meta Ads,Individual
C07332,2025-07-21,35-44,Australia,Individual,Organic,Business
C07333,2025-10-13,25-34,India,Individual,Meta Ads,Individual
C07334,2025-11-05,25-34,India,Large,Google Ads,Individual
C07335,2026-02-08,45-54,United States,Individual,Meta Ads,Individual
C07336,2026-04-15,35-44,India,Individual,Organic,Individual
C07337,2025-05-08,35-44,India,Individual,Meta Ads,Individual
C07338,2025-08-02,35-44,Canada,Large,Google Ads,Individual
C07339,2025-07-21,25-34,United States,Individual,Google Ads,Business
C07340,2025-08-01,25-34,India,Large,Google Ads,Individual
C07341,2026-01-09,25-34,United States,Medium,Email,Individual
C07342,2025-01-27,25-34,India,Small,Email,Business
C07343,2026-01-15,25-34,India,Small,Partner,Business
C07344,2025-08-08,45-54,Australia,Individual,Organic,Individual
C07345,2025-10-23,18-24,Singapore,Individual,Google Ads,Individual
C07346,2025-04-07,25-34,India,Individual,Google Ads,Business
C07347,2026-02-16,25-34,United States,Individual,Partner,Business
C07348,2026-03-03,18-24,Canada,Small,Google Ads,Business
C07349,2026-03-20,25-34,India,Medium,Meta Ads,Business
C07350,2026-04-28,18-24,India,Large,Email,Individual
C07351,2025-03-23,35-44,India,Small,Partner,Business
C07352,2026-02-05,25-34,India,Small,Organic,Individual
C07353,2026-01-29,25-34,India,Small,Organic,Business
C07354,2025-03-18,55+,United States,Individual,Referral,Business
C07355,2025-09-13,35-44,Canada,Small,Organic,Individual
C07356,2025-10-02,35-44,United States,Individual,Referral,Individual
C07357,2025-06-18,25-34,Canada,Individual,Organic,Individual
C07358,2025-12-26,25-34,India,Individual,Meta Ads,Business
C07359,2026-01-01,55+,United States,Individual,Partner,Individual
C07360,2025-07-09,35-44,Australia,Medium,Organic,Individual
C07361,2026-04-04,25-34,United Kingdom,Small,Referral,Individual
C07362,2025-05-16,35-44,India,Small,Referral,Business
C07363,2025-09-08,18-24,Canada,Small,Google Ads,Individual
C07364,2025-05-27,25-34,India,Small,Referral,Individual
C07365,2025-02-20,55+,United Kingdom,Small,Organic,Business
C07366,2026-02-16,35-44,India,Individual,Email,Business
C07367,2026-03-30,18-24,United States,Individual,Meta Ads,Individual
C07368,2025-05-17,25-34,India,Individual,Google Ads,Business
C07369,2025-07-01,35-44,United Kingdom,Individual,Referral,Individual
C07370,2025-12-20,25-34,United Kingdom,Large,Referral,Individual
C07371,2026-02-15,25-34,Australia,Individual,Google Ads,Business
C07372,2025-03-01,25-34,Canada,Medium,Organic,Individual
C07373,2025-10-27,25-34,United Kingdom,Small,Partner,Individual
C07374,2026-04-11,25-34,Canada,Individual,Meta Ads,Business
C07375,2026-02-13,55+,India,Individual,Organic,Individual
C07376,2025-09-23,35-44,India,Small,Partner,Business
C07377,2025-12-08,35-44,United States,Medium,Organic,Business
C07378,2025-09-28,18-24,India,Small,Google Ads,Individual
C07379,2025-09-29,35-44,India,Large,Meta Ads,Individual
C07380,2026-01-23,18-24,United States,Medium,Referral,Business
C07381,2025-06-25,18-24,India,Individual,Referral,Business
C07382,2026-02-19,45-54,United States,Individual,Referral,Individual
C07383,2026-03-24,25-34,United States,Individual,Organic,Individual
C07384,2025-12-29,35-44,India,Medium,Google Ads,Individual
C07385,2026-03-09,25-34,United States,Individual,Referral,Individual
C07386,2026-01-04,45-54,United Kingdom,Individual,Meta Ads,Business
C07387,2025-10-19,35-44,United States,Medium,Google Ads,Individual
C07388,2025-04-25,25-34,Canada,Small,Referral,Individual
C07389,2025-07-23,25-34,United States,Individual,Organic,Individual
C07390,2025-05-16,25-34,Canada,Medium,Referral,Business
C07391,2026-04-19,35-44,United States,Medium,Google Ads,Individual
C07392,2025-12-15,25-34,India,Small,Referral,Individual
C07393,2026-01-28,25-34,India,Individual,Google Ads,Individual
C07394,2025-01-22,25-34,United Kingdom,Small,Google Ads,Individual
C07395,2026-01-23,55+,India,Small,Organic,Individual
C07396,2025-06-30,55+,India,Small,Meta Ads,Business
C07397,2026-01-20,35-44,United States,Large,Referral,Business
C07398,2025-09-03,55+,Canada,Large,Google Ads,Business
C07399,2025-07-22,35-44,India,Large,Referral,Business
C07400,2025-08-21,25-34,India,Small,Referral,Business
C07401,2026-05-12,35-44,India,Medium,Meta Ads,Business
C07402,2025-10-02,45-54,India,Large,Google Ads,Individual
C07403,2025-08-27,35-44,United States,Individual,Organic,Individual
C07404,2026-03-14,25-34,United States,Large,Referral,Individual
C07405,2025-01-25,35-44,India,Individual,Meta Ads,Business
C07406,2025-04-20,45-54,India,Individual,Meta Ads,Business
C07407,2026-04-29,18-24,Canada,Individual,Google Ads,Business
C07408,2025-04-01,35-44,United Kingdom,Individual,Partner,Individual
C07409,2025-07-29,55+,India,Individual,Organic,Business
C07410,2025-03-29,35-44,United States,Small,Meta Ads,Business
C07411,2025-12-04,18-24,Singapore,Small,Partner,Individual
C07412,2025-06-06,25-34,Singapore,Small,Meta Ads,Business
C07413,2025-10-05,45-54,India,Large,Partner,Individual
C07414,2025-02-09,25-34,India,Individual,Email,Individual
C07415,2025-01-23,25-34,United Kingdom,Small,Referral,Individual
C07416,2025-07-27,35-44,Canada,Medium,Email,Individual
C07417,2025-01-21,45-54,Canada,Small,Meta Ads,Individual
C07418,2026-04-01,45-54,Canada,Small,Partner,Individual
C07419,2025-09-07,25-34,Singapore,Large,Organic,Individual
C07420,2025-12-27,35-44,India,Individual,Google Ads,Individual
C07421,2026-02-18,55+,United Kingdom,Individual,Email,Business
C07422,2025-07-17,45-54,Australia,Individual,Organic,Individual
C07423,2025-10-16,25-34,India,Individual,Organic,Business
C07424,2025-11-28,18-24,United States,Individual,Referral,Individual
C07425,2025-12-21,25-34,India,Medium,Partner,Business
C07426,2025-04-10,18-24,India,Individual,Meta Ads,Business
C07427,2025-07-12,25-34,United States,Individual,Referral,Business
C07428,2026-05-03,45-54,Australia,Individual,Google Ads,Individual
C07429,2026-01-01,18-24,India,Small,Meta Ads,Individual
C07430,2026-04-28,35-44,India,Individual,Referral,Business
C07431,2026-03-29,35-44,India,Small,Partner,Business
C07432,2025-12-05,55+,United Kingdom,Individual,Google Ads,Business
C07433,2025-12-20,18-24,Canada,Large,Google Ads,Business
C07434,2025-08-25,35-44,India,Small,Google Ads,Business
C07435,2025-01-18,35-44,Singapore,Small,Google Ads,Individual
C07436,2025-03-30,55+,India,Small,Organic,Individual
C07437,2026-02-25,25-34,United States,Small,Google Ads,Individual
C07438,2025-05-02,18-24,India,Small,Organic,Individual
C07439,2025-08-06,35-44,United States,Small,Organic,Business
C07440,2025-07-16,25-34,United Kingdom,Individual,Organic,Individual
C07441,2025-07-16,25-34,Australia,Individual,Organic,Individual
C07442,2025-11-12,45-54,United Kingdom,Small,Organic,Business
C07443,2025-07-03,45-54,Singapore,Small,Referral,Individual
C07444,2026-05-03,25-34,Australia,Individual,Organic,Individual
C07445,2025-12-16,25-34,Singapore,Medium,Partner,Individual
C07446,2025-12-29,45-54,India,Small,Partner,Business
C07447,2025-04-23,35-44,India,Individual,Google Ads,Business
C07448,2025-05-02,18-24,India,Individual,Meta Ads,Individual
C07449,2025-03-10,55+,United Kingdom,Individual,Google Ads,Individual
C07450,2025-11-09,25-34,United States,Medium,Meta Ads,Business
C07451,2025-06-11,25-34,United States,Individual,Meta Ads,Individual
C07452,2026-04-22,25-34,United Kingdom,Individual,Email,Business
C07453,2025-01-27,25-34,India,Large,Meta Ads,Business
C07454,2025-07-24,55+,United States,Individual,Meta Ads,Individual
C07455,2025-03-20,35-44,United States,Individual,Organic,Business
C07456,2026-03-14,25-34,India,Individual,Organic,Individual
C07457,2025-06-20,25-34,India,Individual,Google Ads,Business
C07458,2025-02-26,25-34,United States,Small,Organic,Individual
C07459,2025-12-13,18-24,United Kingdom,Large,Organic,Individual
C07460,2026-01-14,55+,India,Small,Referral,Individual
C07461,2025-06-27,25-34,India,Medium,Google Ads,Business
C07462,2025-03-19,18-24,United Kingdom,Small,Google Ads,Individual
C07463,2026-04-01,35-44,United Kingdom,Individual,Google Ads,Individual
C07464,2025-12-08,25-34,India,Individual,Referral,Individual
C07465,2025-02-28,35-44,United States,Medium,Organic,Individual
C07466,2025-12-27,35-44,India,Small,Google Ads,Individual
C07467,2025-09-02,18-24,United Kingdom,Small,Organic,Individual
C07468,2025-08-24,45-54,United States,Small,Meta Ads,Business
C07469,2026-04-07,35-44,United States,Individual,Google Ads,Individual
C07470,2025-06-21,25-34,United Kingdom,Individual,Meta Ads,Individual
C07471,2025-05-21,25-34,India,Individual,Organic,Individual
C07472,2026-04-10,35-44,United States,Small,Email,Individual
C07473,2025-08-12,25-34,United States,Medium,Meta Ads,Business
C07474,2025-07-09,25-34,India,Small,Referral,Individual
C07475,2026-01-12,35-44,United Kingdom,Individual,Google Ads,Business
C07476,2025-07-04,55+,India,Medium,Partner,Individual
C07477,2025-10-04,25-34,Canada,Small,Organic,Individual
C07478,2025-08-04,35-44,India,Individual,Google Ads,Individual
C07479,2025-07-16,55+,Canada,Individual,Partner,Business
C07480,2025-10-15,45-54,United Kingdom,Small,Referral,Business
C07481,2026-01-15,45-54,India,Individual,Partner,Individual
C07482,2025-04-08,25-34,India,Small,Google Ads,Individual
C07483,2025-07-09,25-34,United States,Individual,Partner,Individual
C07484,2025-09-08,25-34,United Kingdom,Small,Partner,Business
C07485,2025-09-24,25-34,India,Small,Email,Individual
C07486,2025-07-13,25-34,India,Small,Referral,Individual
C07487,2025-01-26,35-44,Canada,Small,Organic,Individual
C07488,2025-06-07,35-44,India,Individual,Google Ads,Business
C07489,2026-01-31,25-34,India,Large,Organic,Individual
C07490,2025-06-30,18-24,India,Medium,Referral,Business
C07491,2025-03-14,18-24,United States,Individual,Organic,Individual
C07492,2025-12-09,25-34,India,Small,Referral,Individual
C07493,2026-02-24,55+,India,Individual,Meta Ads,Individual
C07494,2025-11-29,35-44,United States,Small,Google Ads,Individual
C07495,2025-10-31,25-34,United Kingdom,Small,Meta Ads,Business
C07496,2025-02-16,25-34,India,Small,Referral,Individual
C07497,2026-03-05,35-44,Canada,Small,Organic,Business
C07498,2026-03-26,45-54,India,Small,Referral,Business
C07499,2026-01-07,55+,United Kingdom,Individual,Referral,Business
C07500,2025-11-25,35-44,United States,Individual,Referral,Business
C07501,2025-12-26,25-34,India,Small,Meta Ads,Business
C07502,2025-09-02,25-34,United States,Large,Google Ads,Individual
C07503,2025-09-15,55+,India,Medium,Partner,Individual
C07504,2025-07-25,18-24,Australia,Medium,Google Ads,Individual
C07505,2026-01-28,25-34,Australia,Small,Google Ads,Business
C07506,2025-09-05,45-54,United States,Individual,Organic,Individual
C07507,2025-06-25,25-34,India,Individual,Partner,Business
C07508,2025-04-24,25-34,United Kingdom,Small,Referral,Individual
C07509,2025-04-09,25-34,India,Small,Partner,Business
C07510,2025-03-26,25-34,United States,Individual,Meta Ads,Business
C07511,2025-02-03,25-34,United States,Small,Referral,Business
C07512,2025-05-03,25-34,United Kingdom,Individual,Partner,Individual
C07513,2026-02-17,25-34,India,Large,Meta Ads,Business
C07514,2025-05-29,55+,United States,Individual,Partner,Business
C07515,2025-11-26,25-34,India,Medium,Meta Ads,Individual
C07516,2025-11-09,25-34,Singapore,Medium,Google Ads,Individual
C07517,2025-06-02,25-34,United States,Small,Google Ads,Individual
C07518,2025-03-21,18-24,United States,Individual,Referral,Business
C07519,2026-01-23,18-24,India,Small,Meta Ads,Business
C07520,2025-09-17,18-24,United States,Individual,Google Ads,Individual
C07521,2025-10-12,35-44,United States,Individual,Partner,Individual
C07522,2026-01-27,25-34,India,Medium,Partner,Individual
C07523,2025-05-30,35-44,Singapore,Individual,Organic,Business
C07524,2026-02-07,45-54,United Kingdom,Small,Google Ads,Individual
C07525,2025-12-18,25-34,India,Large,Organic,Individual
C07526,2025-07-20,35-44,India,Individual,Partner,Individual
C07527,2025-02-27,18-24,India,Individual,Meta Ads,Individual
C07528,2025-01-13,25-34,United States,Small,Partner,Business
C07529,2025-03-07,45-54,India,Individual,Partner,Business
C07530,2025-11-03,45-54,Australia,Small,Organic,Individual
C07531,2025-07-07,25-34,India,Individual,Organic,Individual
C07532,2026-01-13,18-24,United Kingdom,Medium,Organic,Individual
C07533,2025-08-09,25-34,India,Individual,Organic,Business
C07534,2025-10-18,25-34,Australia,Small,Partner,Individual
C07535,2025-11-13,25-34,United Kingdom,Large,Partner,Individual
C07536,2025-09-22,25-34,Australia,Small,Partner,Business
C07537,2025-12-07,25-34,Canada,Small,Email,Business
C07538,2025-09-14,18-24,Singapore,Medium,Organic,Business
C07539,2025-10-17,35-44,Australia,Individual,Referral,Business
C07540,2025-02-18,18-24,India,Individual,Google Ads,Individual
C07541,2025-06-23,25-34,United Kingdom,Large,Organic,Individual
C07542,2026-01-25,45-54,India,Individual,Email,Business
C07543,2025-06-01,35-44,India,Medium,Meta Ads,Business
C07544,2026-01-10,25-34,India,Individual,Partner,Individual
C07545,2025-03-20,25-34,Australia,Individual,Referral,Individual
C07546,2025-12-28,45-54,India,Large,Google Ads,Individual
C07547,2026-02-25,18-24,Australia,Medium,Referral,Business
C07548,2026-04-11,45-54,Australia,Individual,Organic,Business
C07549,2026-05-12,45-54,India,Individual,Google Ads,Individual
C07550,2025-04-24,45-54,Australia,Individual,Email,Individual
C07551,2025-09-04,25-34,India,Large,Partner,Business
C07552,2026-04-15,18-24,India,Individual,Organic,Individual
C07553,2025-07-22,25-34,India,Individual,Organic,Business
C07554,2026-02-12,45-54,United States,Small,Organic,Individual
C07555,2025-12-13,45-54,India,Medium,Organic,Individual
C07556,2025-11-27,35-44,Singapore,Individual,Google Ads,Business
C07557,2025-08-27,35-44,United States,Individual,Email,Individual
C07558,2025-07-15,25-34,United States,Small,Referral,Individual
C07559,2025-08-05,18-24,United States,Small,Partner,Individual
C07560,2026-02-03,45-54,India,Individual,Email,Business
C07561,2025-03-02,25-34,India,Small,Meta Ads,Individual
C07562,2025-01-25,25-34,United States,Individual,Google Ads,Business
C07563,2026-02-05,35-44,Canada,Medium,Organic,Individual
C07564,2025-10-26,35-44,United Kingdom,Medium,Organic,Individual
C07565,2026-03-11,45-54,India,Small,Partner,Individual
C07566,2025-06-20,25-34,India,Medium,Organic,Individual
C07567,2026-04-13,25-34,United States,Individual,Email,Business
C07568,2025-03-03,55+,India,Large,Organic,Individual
C07569,2025-03-24,45-54,India,Small,Organic,Business
C07570,2025-06-13,45-54,India,Individual,Google Ads,Business
C07571,2026-04-01,35-44,India,Individual,Email,Individual
C07572,2025-04-19,25-34,Singapore,Medium,Google Ads,Business
C07573,2025-02-24,25-34,United States,Small,Organic,Individual
C07574,2025-11-17,25-34,United Kingdom,Small,Organic,Individual
C07575,2025-08-16,35-44,United Kingdom,Large,Google Ads,Business
C07576,2025-09-08,35-44,United States,Small,Google Ads,Individual
C07577,2025-12-09,25-34,United States,Small,Partner,Individual
C07578,2026-01-05,25-34,India,Medium,Google Ads,Individual
C07579,2025-11-21,25-34,Australia,Small,Google Ads,Business
C07580,2025-11-07,18-24,India,Individual,Organic,Business
C07581,2026-02-25,35-44,Singapore,Small,Email,Individual
C07582,2026-02-09,25-34,India,Individual,Organic,Individual
C07583,2025-09-16,25-34,United Kingdom,Individual,Meta Ads,Individual
C07584,2025-08-21,35-44,India,Individual,Organic,Individual
C07585,2025-10-27,25-34,United States,Individual,Google Ads,Individual
C07586,2026-02-01,25-34,Singapore,Individual,Google Ads,Business
C07587,2026-01-11,35-44,United States,Medium,Meta Ads,Business
C07588,2026-02-06,35-44,India,Medium,Meta Ads,Individual
C07589,2025-08-12,35-44,India,Medium,Organic,Business
C07590,2025-06-19,25-34,India,Individual,Google Ads,Individual
C07591,2026-05-09,18-24,United States,Individual,Meta Ads,Business
C07592,2026-04-03,55+,United Kingdom,Small,Referral,Individual
C07593,2026-04-01,25-34,Australia,Individual,Organic,Individual
C07594,2025-01-26,55+,United States,Small,Partner,Individual
C07595,2025-10-27,25-34,India,Individual,Partner,Individual
C07596,2025-02-07,55+,India,Individual,Referral,Individual
C07597,2025-02-26,18-24,India,Small,Organic,Business
C07598,2026-02-16,25-34,United States,Small,Email,Individual
C07599,2025-01-26,18-24,Singapore,Small,Organic,Individual
C07600,2025-12-08,45-54,Australia,Small,Organic,Business
C07601,2025-05-04,35-44,Australia,Individual,Organic,Individual
C07602,2025-06-19,55+,India,Small,Email,Individual
C07603,2026-04-24,45-54,India,Individual,Partner,Business
C07604,2025-07-13,45-54,India,Individual,Organic,Individual
C07605,2025-10-03,18-24,India,Small,Meta Ads,Business
C07606,2026-01-08,25-34,India,Individual,Organic,Business
C07607,2025-05-01,25-34,United States,Individual,Email,Individual
C07608,2025-09-27,35-44,India,Individual,Email,Individual
C07609,2026-01-26,35-44,India,Small,Organic,Individual
C07610,2025-04-25,18-24,Canada,Individual,Organic,Business
C07611,2025-07-20,18-24,United Kingdom,Medium,Referral,Business
C07612,2025-08-02,18-24,United States,Individual,Partner,Individual
C07613,2025-11-07,25-34,India,Individual,Partner,Business
C07614,2025-10-29,35-44,Canada,Individual,Organic,Individual
C07615,2025-12-01,25-34,India,Small,Referral,Business
C07616,2025-10-26,25-34,Canada,Medium,Meta Ads,Business
C07617,2026-04-01,25-34,India,Individual,Partner,Individual
C07618,2025-10-05,35-44,Australia,Small,Email,Individual
C07619,2025-08-12,25-34,United Kingdom,Individual,Meta Ads,Business
C07620,2025-06-11,25-34,United Kingdom,Small,Referral,Business
C07621,2026-03-08,18-24,Canada,Small,Email,Business
C07622,2025-01-23,45-54,India,Medium,Partner,Business
C07623,2026-02-10,25-34,United Kingdom,Small,Referral,Business
C07624,2025-05-31,45-54,India,Small,Organic,Individual
C07625,2025-07-30,25-34,United Kingdom,Small,Referral,Individual
C07626,2026-02-16,25-34,India,Individual,Google Ads,Business
C07627,2025-05-30,25-34,United States,Medium,Partner,Individual
C07628,2025-11-20,25-34,India,Medium,Email,Individual
C07629,2025-07-11,25-34,India,Individual,Referral,Individual
C07630,2026-02-20,45-54,United States,Small,Google Ads,Individual
C07631,2026-04-25,25-34,India,Large,Referral,Individual
C07632,2025-10-27,25-34,India,Medium,Google Ads,Individual
C07633,2025-12-05,35-44,United States,Large,Organic,Individual
C07634,2025-02-21,18-24,Australia,Individual,Partner,Individual
C07635,2026-03-11,35-44,India,Individual,Meta Ads,Individual
C07636,2025-08-03,25-34,India,Individual,Partner,Business
C07637,2025-02-19,25-34,India,Medium,Meta Ads,Individual
C07638,2025-08-10,25-34,India,Individual,Google Ads,Business
C07639,2025-06-19,35-44,United States,Small,Google Ads,Individual
C07640,2025-10-19,25-34,India,Small,Organic,Business
C07641,2025-03-23,25-34,India,Small,Referral,Business
C07642,2025-08-23,25-34,India,Small,Meta Ads,Business
C07643,2025-03-13,25-34,Singapore,Individual,Referral,Individual
C07644,2025-07-20,25-34,India,Individual,Partner,Individual
C07645,2025-03-05,25-34,India,Individual,Google Ads,Individual
C07646,2025-03-25,25-34,India,Medium,Referral,Business
C07647,2026-04-02,45-54,India,Medium,Referral,Business
C07648,2025-07-22,25-34,United States,Individual,Organic,Business
C07649,2025-11-06,25-34,United States,Small,Meta Ads,Individual
C07650,2025-10-29,18-24,India,Medium,Google Ads,Individual
C07651,2025-10-06,35-44,Singapore,Medium,Google Ads,Business
C07652,2026-04-06,45-54,United States,Individual,Referral,Business
C07653,2025-07-31,25-34,India,Small,Partner,Individual
C07654,2025-07-23,35-44,Australia,Small,Partner,Business
C07655,2025-02-15,35-44,Australia,Individual,Organic,Business
C07656,2025-12-07,45-54,Australia,Small,Meta Ads,Individual
C07657,2025-06-24,45-54,India,Medium,Organic,Individual
C07658,2026-02-10,35-44,United States,Individual,Partner,Individual
C07659,2025-04-15,35-44,United Kingdom,Individual,Google Ads,Individual
C07660,2025-08-16,18-24,India,Individual,Referral,Individual
C07661,2025-05-19,35-44,India,Individual,Organic,Individual
C07662,2026-04-03,55+,India,Small,Organic,Individual
C07663,2025-06-16,45-54,United States,Medium,Partner,Individual
C07664,2026-01-26,35-44,United States,Small,Organic,Business
C07665,2026-04-19,18-24,Canada,Small,Google Ads,Individual
C07666,2026-04-09,35-44,United States,Small,Organic,Business
C07667,2026-03-11,35-44,India,Individual,Email,Business
C07668,2026-04-14,55+,India,Individual,Organic,Individual
C07669,2025-05-21,45-54,Australia,Large,Referral,Individual
C07670,2026-02-19,25-34,United States,Medium,Meta Ads,Individual
C07671,2025-12-11,25-34,United States,Large,Organic,Business
C07672,2025-11-22,45-54,India,Individual,Organic,Individual
C07673,2025-11-04,18-24,Australia,Large,Organic,Business
C07674,2025-02-24,25-34,Canada,Medium,Email,Business
C07675,2025-02-06,25-34,Australia,Small,Organic,Business
C07676,2026-03-18,25-34,United States,Large,Meta Ads,Business
C07677,2025-06-17,35-44,United States,Small,Partner,Business
C07678,2026-01-03,18-24,United States,Small,Organic,Business
C07679,2025-08-09,25-34,India,Individual,Organic,Business
C07680,2025-10-26,35-44,India,Individual,Organic,Business
C07681,2025-08-23,35-44,India,Large,Organic,Individual
C07682,2025-10-28,45-54,United States,Individual,Google Ads,Individual
C07683,2025-06-26,35-44,Singapore,Individual,Partner,Individual
C07684,2025-11-22,25-34,Singapore,Small,Referral,Individual
C07685,2025-10-22,45-54,India,Small,Google Ads,Individual
C07686,2025-11-29,55+,Canada,Individual,Organic,Business
C07687,2025-01-17,25-34,India,Individual,Meta Ads,Individual
C07688,2026-03-28,45-54,India,Medium,Organic,Business
C07689,2026-05-12,55+,India,Individual,Referral,Business
C07690,2025-06-22,35-44,United Kingdom,Individual,Meta Ads,Individual
C07691,2025-10-30,35-44,United States,Individual,Organic,Business
C07692,2025-05-18,45-54,Singapore,Small,Meta Ads,Individual
C07693,2026-04-27,55+,United Kingdom,Medium,Referral,Individual
C07694,2025-02-12,45-54,India,Individual,Organic,Individual
C07695,2025-07-07,45-54,United Kingdom,Small,Organic,Business
C07696,2025-03-22,35-44,India,Medium,Organic,Individual
C07697,2026-05-10,55+,India,Medium,Referral,Individual
C07698,2026-01-14,35-44,Singapore,Individual,Referral,Business
C07699,2025-04-28,35-44,United Kingdom,Individual,Email,Individual
C07700,2026-03-05,25-34,United States,Small,Google Ads,Individual
C07701,2025-12-13,35-44,Australia,Medium,Organic,Individual
C07702,2025-04-08,35-44,United States,Large,Meta Ads,Individual
C07703,2025-09-16,45-54,India,Individual,Google Ads,Business
C07704,2026-02-07,25-34,India,Small,Google Ads,Individual
C07705,2025-04-12,35-44,Australia,Medium,Google Ads,Individual
C07706,2025-01-12,35-44,India,Small,Organic,Business
C07707,2025-02-10,18-24,India,Medium,Google Ads,Individual
C07708,2025-08-31,35-44,India,Medium,Meta Ads,Individual
C07709,2025-05-24,25-34,United States,Individual,Referral,Business
C07710,2025-08-16,35-44,India,Individual,Referral,Individual
C07711,2025-05-16,25-34,Canada,Small,Meta Ads,Business
C07712,2025-05-08,25-34,India,Individual,Organic,Business
C07713,2025-07-12,25-34,India,Small,Organic,Business
C07714,2025-12-26,35-44,India,Individual,Meta Ads,Individual
C07715,2025-11-10,25-34,Canada,Large,Organic,Individual
C07716,2025-03-17,55+,India,Individual,Organic,Individual
C07717,2026-02-27,25-34,India,Individual,Referral,Individual
C07718,2025-12-21,25-34,United Kingdom,Large,Google Ads,Individual
C07719,2025-09-06,25-34,United States,Individual,Google Ads,Business
C07720,2025-05-08,35-44,United Kingdom,Medium,Organic,Business
C07721,2025-01-11,25-34,India,Small,Partner,Business
C07722,2026-03-11,45-54,United Kingdom,Individual,Google Ads,Business
C07723,2026-01-20,18-24,United Kingdom,Individual,Organic,Individual
C07724,2025-01-28,18-24,United States,Large,Email,Individual
C07725,2025-11-12,25-34,India,Large,Referral,Individual
C07726,2025-05-21,35-44,India,Individual,Google Ads,Business
C07727,2025-04-30,55+,India,Small,Organic,Individual
C07728,2025-03-23,25-34,Singapore,Individual,Partner,Individual
C07729,2025-09-11,35-44,United Kingdom,Individual,Referral,Business
C07730,2025-02-24,35-44,Singapore,Individual,Organic,Business
C07731,2025-12-12,25-34,India,Large,Meta Ads,Business
C07732,2025-11-24,25-34,Canada,Individual,Email,Individual
C07733,2026-04-25,35-44,United States,Small,Google Ads,Individual
C07734,2025-10-10,45-54,India,Small,Organic,Business
C07735,2025-08-10,35-44,United States,Individual,Google Ads,Business
C07736,2025-05-08,45-54,Australia,Small,Referral,Business
C07737,2025-07-26,45-54,India,Individual,Organic,Business
C07738,2025-09-30,55+,India,Large,Organic,Individual
C07739,2025-11-30,25-34,United Kingdom,Small,Organic,Individual
C07740,2025-12-16,25-34,India,Individual,Referral,Individual
C07741,2025-05-09,35-44,India,Medium,Google Ads,Business
C07742,2025-06-13,55+,United Kingdom,Individual,Organic,Business
C07743,2026-01-22,35-44,India,Individual,Google Ads,Business
C07744,2025-08-23,45-54,Singapore,Large,Google Ads,Business
C07745,2025-10-05,35-44,India,Medium,Organic,Business
C07746,2025-06-23,35-44,India,Small,Referral,Business
C07747,2025-04-06,25-34,United Kingdom,Small,Google Ads,Individual
C07748,2025-09-15,35-44,United States,Medium,Email,Individual
C07749,2025-09-29,25-34,India,Large,Meta Ads,Individual
C07750,2025-08-22,45-54,India,Medium,Organic,Individual
C07751,2025-02-09,18-24,United States,Individual,Organic,Business
C07752,2025-11-13,35-44,India,Individual,Organic,Business
C07753,2025-01-18,25-34,India,Large,Partner,Business
C07754,2026-02-22,18-24,United Kingdom,Individual,Partner,Individual
C07755,2025-04-13,35-44,United States,Individual,Partner,Individual
C07756,2025-05-06,35-44,India,Individual,Organic,Business
C07757,2025-02-28,25-34,India,Small,Google Ads,Individual
C07758,2025-05-17,25-34,India,Large,Organic,Individual
C07759,2026-01-07,25-34,India,Individual,Referral,Individual
C07760,2025-03-04,45-54,Singapore,Small,Organic,Business
C07761,2026-04-06,25-34,Australia,Small,Referral,Individual
C07762,2025-04-22,55+,Canada,Large,Partner,Business
C07763,2026-01-14,35-44,India,Medium,Organic,Individual
C07764,2025-07-15,35-44,India,Individual,Organic,Individual
C07765,2026-05-05,45-54,Australia,Individual,Organic,Business
C07766,2025-09-06,35-44,United States,Small,Organic,Individual
C07767,2025-03-21,35-44,Canada,Individual,Google Ads,Business
C07768,2025-08-19,45-54,United Kingdom,Individual,Partner,Individual
C07769,2025-06-12,25-34,India,Medium,Referral,Individual
C07770,2026-01-15,55+,India,Individual,Meta Ads,Individual
C07771,2025-04-02,55+,United Kingdom,Individual,Referral,Business
C07772,2025-05-20,35-44,India,Small,Organic,Business
C07773,2025-09-08,35-44,United States,Small,Referral,Individual
C07774,2026-04-30,45-54,Singapore,Individual,Google Ads,Individual
C07775,2025-01-17,25-34,Singapore,Medium,Referral,Individual
C07776,2025-09-11,35-44,Singapore,Individual,Google Ads,Business
C07777,2026-04-05,25-34,India,Medium,Partner,Business
C07778,2026-05-03,25-34,India,Small,Google Ads,Individual
C07779,2025-04-24,35-44,United States,Small,Referral,Business
C07780,2026-04-22,35-44,India,Individual,Partner,Business
C07781,2025-07-23,25-34,Canada,Individual,Email,Individual
C07782,2026-03-30,18-24,United Kingdom,Large,Meta Ads,Individual
C07783,2025-05-06,35-44,India,Medium,Referral,Business
C07784,2025-06-06,25-34,Canada,Medium,Meta Ads,Business
C07785,2025-04-16,35-44,India,Individual,Google Ads,Business
C07786,2025-03-10,25-34,India,Individual,Meta Ads,Individual
C07787,2026-01-15,45-54,United Kingdom,Small,Referral,Individual
C07788,2026-01-09,35-44,India,Individual,Email,Individual
C07789,2026-02-26,25-34,India,Individual,Referral,Business
C07790,2025-04-22,25-34,Australia,Small,Referral,Individual
C07791,2025-08-10,18-24,United States,Individual,Partner,Individual
C07792,2025-11-06,35-44,United States,Individual,Partner,Individual
C07793,2026-03-24,18-24,United Kingdom,Small,Meta Ads,Individual
C07794,2025-09-13,55+,India,Medium,Meta Ads,Business
C07795,2025-07-05,55+,United Kingdom,Medium,Meta Ads,Individual
C07796,2025-08-24,25-34,India,Small,Partner,Individual
C07797,2026-04-11,45-54,United States,Small,Meta Ads,Individual
C07798,2025-09-11,25-34,India,Individual,Partner,Individual
C07799,2025-10-08,35-44,India,Individual,Referral,Individual
C07800,2026-04-20,18-24,India,Small,Organic,Business
C07801,2025-07-04,25-34,India,Small,Meta Ads,Individual
C07802,2025-08-27,35-44,Canada,Individual,Organic,Business
C07803,2025-07-24,35-44,India,Small,Meta Ads,Individual
C07804,2025-06-15,35-44,Australia,Individual,Meta Ads,Individual
C07805,2025-06-29,25-34,United States,Individual,Organic,Business
C07806,2026-04-22,25-34,United Kingdom,Individual,Organic,Business
C07807,2025-07-05,25-34,United States,Small,Meta Ads,Individual
C07808,2025-01-01,18-24,India,Small,Referral,Business
C07809,2025-03-16,35-44,Canada,Small,Organic,Individual
C07810,2025-05-29,45-54,Canada,Small,Email,Individual
C07811,2025-07-26,45-54,India,Small,Google Ads,Individual
C07812,2025-02-09,55+,Singapore,Small,Referral,Individual
C07813,2026-05-10,25-34,Australia,Small,Referral,Business
C07814,2025-06-08,18-24,India,Individual,Meta Ads,Individual
C07815,2025-02-04,35-44,India,Individual,Meta Ads,Individual
C07816,2026-04-26,25-34,United Kingdom,Individual,Google Ads,Individual
C07817,2025-02-12,25-34,United States,Individual,Meta Ads,Individual
C07818,2025-03-09,25-34,United Kingdom,Medium,Google Ads,Business
C07819,2025-02-23,45-54,India,Medium,Organic,Individual
C07820,2026-03-29,25-34,India,Individual,Organic,Individual
C07821,2026-01-18,25-34,India,Small,Organic,Business
C07822,2025-04-21,25-34,United States,Individual,Google Ads,Business
C07823,2025-04-25,25-34,India,Individual,Partner,Individual
C07824,2025-12-14,35-44,United States,Small,Meta Ads,Individual
C07825,2025-07-19,35-44,United States,Individual,Partner,Individual
C07826,2025-09-24,35-44,India,Small,Partner,Individual
C07827,2026-02-17,55+,India,Large,Meta Ads,Business
C07828,2026-03-24,25-34,United States,Small,Partner,Business
C07829,2025-06-06,45-54,India,Medium,Partner,Individual
C07830,2026-01-08,18-24,United States,Small,Google Ads,Business
C07831,2025-06-29,35-44,United States,Individual,Organic,Individual
C07832,2025-08-03,55+,India,Medium,Referral,Individual
C07833,2025-07-10,18-24,Canada,Individual,Referral,Individual
C07834,2026-05-10,25-34,India,Small,Partner,Business
C07835,2026-02-01,25-34,India,Individual,Email,Business
C07836,2025-04-21,35-44,Canada,Medium,Google Ads,Individual
C07837,2026-01-26,55+,India,Medium,Referral,Business
C07838,2026-01-15,25-34,India,Individual,Referral,Individual
C07839,2026-04-01,35-44,United States,Small,Partner,Individual
C07840,2025-01-15,35-44,United Kingdom,Individual,Referral,Business
C07841,2025-08-07,25-34,India,Large,Organic,Business
C07842,2025-02-04,25-34,India,Medium,Meta Ads,Individual
C07843,2025-10-28,35-44,Singapore,Small,Meta Ads,Individual
C07844,2025-12-23,35-44,India,Individual,Partner,Individual
C07845,2025-03-20,18-24,United Kingdom,Individual,Partner,Individual
C07846,2025-09-01,35-44,India,Medium,Email,Business
C07847,2026-03-04,25-34,Australia,Individual,Email,Business
C07848,2026-01-13,35-44,United States,Small,Partner,Individual
C07849,2026-05-06,18-24,United States,Individual,Organic,Business
C07850,2025-05-21,25-34,Australia,Small,Organic,Business
C07851,2025-06-19,55+,United Kingdom,Individual,Organic,Individual
C07852,2026-04-13,45-54,United States,Medium,Email,Individual
C07853,2025-06-06,25-34,United States,Individual,Organic,Business
C07854,2025-10-21,25-34,United States,Medium,Meta Ads,Individual
C07855,2025-05-25,18-24,United States,Medium,Meta Ads,Individual
C07856,2025-10-24,25-34,United Kingdom,Individual,Organic,Individual
C07857,2025-03-13,55+,India,Individual,Referral,Individual
C07858,2025-10-06,25-34,India,Individual,Referral,Business
C07859,2026-03-06,35-44,India,Individual,Referral,Business
C07860,2026-05-13,25-34,India,Small,Referral,Individual
C07861,2025-03-02,35-44,United States,Individual,Google Ads,Individual
C07862,2025-02-20,25-34,United Kingdom,Individual,Google Ads,Business
C07863,2025-09-02,35-44,Australia,Medium,Google Ads,Individual
C07864,2025-12-26,35-44,United Kingdom,Individual,Referral,Individual
C07865,2025-05-17,45-54,Singapore,Small,Organic,Individual
C07866,2025-03-06,45-54,Australia,Medium,Google Ads,Business
C07867,2025-07-01,25-34,India,Small,Referral,Business
C07868,2025-04-10,25-34,India,Individual,Meta Ads,Individual
C07869,2026-05-07,35-44,United Kingdom,Individual,Referral,Individual
C07870,2026-03-28,35-44,India,Individual,Google Ads,Individual
C07871,2025-05-28,25-34,India,Individual,Organic,Individual
C07872,2026-04-23,35-44,India,Medium,Referral,Business
C07873,2026-05-15,35-44,Canada,Small,Meta Ads,Business
C07874,2025-06-08,45-54,Canada,Individual,Organic,Individual
C07875,2025-09-20,35-44,India,Large,Meta Ads,Individual
C07876,2025-07-03,45-54,India,Individual,Meta Ads,Business
C07877,2026-02-20,25-34,United States,Individual,Referral,Individual
C07878,2026-02-08,18-24,Canada,Small,Referral,Individual
C07879,2026-02-01,25-34,India,Small,Email,Business
C07880,2026-03-31,25-34,United Kingdom,Medium,Meta Ads,Business
C07881,2026-05-14,45-54,United States,Medium,Partner,Individual
C07882,2025-10-03,25-34,India,Medium,Referral,Individual
C07883,2026-05-10,35-44,India,Large,Meta Ads,Individual
C07884,2025-03-11,35-44,Singapore,Medium,Referral,Individual
C07885,2025-05-27,25-34,United Kingdom,Small,Referral,Business
C07886,2025-06-28,55+,Singapore,Individual,Partner,Individual
C07887,2025-05-21,25-34,Singapore,Individual,Organic,Business
C07888,2025-04-04,18-24,Singapore,Small,Partner,Individual
C07889,2026-02-21,25-34,India,Individual,Meta Ads,Individual
C07890,2025-06-21,25-34,India,Individual,Referral,Individual
C07891,2025-09-17,18-24,India,Individual,Organic,Business
C07892,2026-04-29,35-44,Singapore,Individual,Meta Ads,Individual
C07893,2025-10-24,35-44,India,Individual,Partner,Individual
C07894,2025-09-23,25-34,India,Medium,Organic,Business
C07895,2026-01-03,25-34,United Kingdom,Individual,Referral,Business
C07896,2025-01-28,35-44,India,Individual,Partner,Individual
C07897,2025-03-18,45-54,India,Medium,Meta Ads,Business
C07898,2025-04-19,18-24,United Kingdom,Individual,Meta Ads,Individual
C07899,2025-02-04,18-24,India,Individual,Organic,Individual
C07900,2025-05-19,35-44,India,Individual,Referral,Individual
C07901,2025-10-08,25-34,United States,Individual,Partner,Business
C07902,2026-03-20,35-44,United Kingdom,Medium,Organic,Individual
C07903,2025-09-08,35-44,India,Individual,Google Ads,Business
C07904,2026-02-28,35-44,United Kingdom,Medium,Referral,Business
C07905,2025-11-27,25-34,Canada,Medium,Meta Ads,Business
C07906,2025-04-13,25-34,Australia,Individual,Organic,Individual
C07907,2025-05-25,35-44,India,Individual,Referral,Business
C07908,2026-03-28,45-54,United Kingdom,Individual,Organic,Individual
C07909,2025-08-05,35-44,United States,Individual,Partner,Individual
C07910,2025-02-25,25-34,Canada,Small,Meta Ads,Business
C07911,2025-06-24,25-34,United Kingdom,Small,Referral,Business
C07912,2026-01-09,25-34,Singapore,Small,Organic,Business
C07913,2025-12-05,25-34,United States,Medium,Google Ads,Business
C07914,2025-10-31,35-44,India,Small,Google Ads,Individual
C07915,2025-01-10,25-34,Singapore,Small,Organic,Business
C07916,2025-07-18,35-44,Australia,Individual,Partner,Individual
C07917,2026-03-02,18-24,United States,Small,Organic,Individual
C07918,2026-05-07,25-34,United States,Small,Referral,Individual
C07919,2025-05-01,18-24,United States,Individual,Meta Ads,Individual
C07920,2025-06-17,25-34,United States,Large,Organic,Individual
C07921,2026-01-26,35-44,United Kingdom,Individual,Partner,Individual
C07922,2025-11-11,35-44,Canada,Individual,Meta Ads,Individual
C07923,2025-01-02,35-44,Australia,Individual,Referral,Individual
C07924,2026-04-19,25-34,Canada,Small,Meta Ads,Business
C07925,2025-09-23,25-34,United States,Large,Partner,Individual
C07926,2025-09-14,55+,United States,Small,Organic,Business
C07927,2025-05-01,35-44,India,Small,Google Ads,Individual
C07928,2025-07-05,25-34,United States,Individual,Partner,Business
C07929,2025-12-01,35-44,India,Small,Organic,Individual
C07930,2025-08-24,55+,India,Individual,Meta Ads,Individual
C07931,2025-04-05,55+,India,Individual,Partner,Business
C07932,2025-08-06,45-54,India,Small,Email,Business
C07933,2025-09-24,35-44,United States,Large,Organic,Business
C07934,2025-06-08,35-44,India,Individual,Meta Ads,Business
C07935,2026-02-25,25-34,United Kingdom,Small,Google Ads,Individual
C07936,2025-08-14,25-34,Australia,Individual,Meta Ads,Business
C07937,2025-02-23,25-34,India,Individual,Referral,Individual
C07938,2026-01-15,55+,India,Small,Google Ads,Individual
C07939,2026-04-19,35-44,India,Individual,Organic,Individual
C07940,2025-03-15,45-54,India,Small,Organic,Individual
C07941,2025-02-23,35-44,Australia,Individual,Meta Ads,Individual
C07942,2026-01-24,35-44,United Kingdom,Individual,Google Ads,Individual
C07943,2025-04-30,35-44,United States,Small,Organic,Individual
C07944,2025-11-03,18-24,United Kingdom,Individual,Meta Ads,Business
C07945,2025-02-15,35-44,India,Small,Google Ads,Business
C07946,2025-02-19,35-44,Australia,Medium,Partner,Individual
C07947,2026-03-20,18-24,India,Large,Organic,Business
C07948,2026-01-01,35-44,United Kingdom,Medium,Email,Business
C07949,2026-04-06,25-34,India,Medium,Google Ads,Business
C07950,2026-04-30,35-44,India,Medium,Meta Ads,Business
C07951,2026-03-26,35-44,United States,Large,Organic,Individual
C07952,2025-06-25,45-54,India,Individual,Google Ads,Business
C07953,2025-01-29,18-24,India,Small,Referral,Individual
C07954,2025-01-29,18-24,Australia,Large,Google Ads,Individual
C07955,2026-04-28,25-34,United Kingdom,Medium,Organic,Business
C07956,2025-09-25,35-44,Singapore,Individual,Organic,Individual
C07957,2025-07-17,25-34,United Kingdom,Individual,Google Ads,Business
C07958,2025-08-18,45-54,Australia,Medium,Referral,Business
C07959,2025-05-28,25-34,India,Medium,Organic,Individual
C07960,2026-03-08,35-44,India,Individual,Meta Ads,Business
C07961,2026-02-13,45-54,United States,Large,Organic,Individual
C07962,2026-02-13,18-24,India,Small,Partner,Individual
C07963,2025-10-02,45-54,Canada,Medium,Meta Ads,Business
C07964,2026-04-16,25-34,India,Medium,Organic,Individual
C07965,2026-05-06,45-54,United States,Small,Email,Business
C07966,2025-10-12,25-34,United Kingdom,Small,Organic,Business
C07967,2025-06-10,18-24,United States,Small,Referral,Business
C07968,2026-04-04,25-34,Canada,Small,Email,Individual
C07969,2025-03-21,25-34,United States,Individual,Referral,Individual
C07970,2025-01-24,25-34,India,Individual,Meta Ads,Business
C07971,2026-05-08,25-34,United Kingdom,Large,Organic,Business
C07972,2026-02-06,25-34,United States,Large,Meta Ads,Individual
C07973,2025-01-12,45-54,Canada,Individual,Meta Ads,Individual
C07974,2026-04-13,35-44,India,Individual,Partner,Individual
C07975,2026-05-16,45-54,India,Medium,Email,Individual
C07976,2025-09-07,45-54,India,Individual,Email,Business
C07977,2026-03-14,25-34,United States,Small,Organic,Business
C07978,2025-08-07,45-54,United States,Large,Partner,Individual
C07979,2025-04-22,35-44,United States,Medium,Organic,Individual
C07980,2026-05-07,25-34,Australia,Large,Partner,Individual
C07981,2025-01-10,45-54,Canada,Large,Organic,Business
C07982,2026-03-06,45-54,United Kingdom,Medium,Partner,Individual
C07983,2026-03-08,25-34,India,Medium,Email,Individual
C07984,2026-01-27,35-44,India,Individual,Organic,Individual
C07985,2025-12-22,18-24,India,Small,Organic,Individual
C07986,2026-02-11,25-34,India,Small,Meta Ads,Business
C07987,2025-10-02,25-34,Canada,Individual,Meta Ads,Business
C07988,2025-07-17,25-34,United States,Individual,Referral,Business
C07989,2025-04-08,25-34,United Kingdom,Medium,Organic,Individual
C07990,2025-10-21,25-34,India,Small,Meta Ads,Individual
C07991,2025-07-31,35-44,United States,Individual,Google Ads,Individual
C07992,2025-05-06,25-34,United States,Small,Referral,Business
C07993,2025-06-30,35-44,United States,Small,Partner,Individual
C07994,2025-05-05,18-24,United States,Small,Google Ads,Business
C07995,2026-03-25,25-34,Canada,Individual,Organic,Individual
C07996,2026-01-12,35-44,India,Medium,Organic,Individual
C07997,2025-07-12,55+,United States,Small,Organic,Business
C07998,2025-09-10,25-34,Australia,Individual,Partner,Individual
C07999,2025-11-11,25-34,India,Small,Email,Individual
C08000,2026-02-06,35-44,Canada,Medium,Organic,Business
C08001,2026-03-03,55+,India,Individual,Organic,Individual
C08002,2026-01-23,45-54,India,Individual,Meta Ads,Individual
C08003,2025-04-06,35-44,India,Individual,Meta Ads,Individual
C08004,2025-12-13,25-34,United Kingdom,Individual,Organic,Individual
C08005,2026-04-03,25-34,United States,Large,Meta Ads,Individual
C08006,2025-07-11,35-44,India,Individual,Email,Individual
C08007,2025-06-03,25-34,Canada,Small,Partner,Individual
C08008,2026-02-01,25-34,Canada,Large,Partner,Individual
C08009,2026-04-30,25-34,United States,Medium,Referral,Individual
C08010,2025-07-15,25-34,United Kingdom,Medium,Organic,Individual
C08011,2025-06-17,35-44,Canada,Individual,Referral,Business
C08012,2025-10-25,45-54,United States,Individual,Organic,Individual
C08013,2025-11-08,25-34,India,Large,Email,Business
C08014,2025-10-26,35-44,Singapore,Individual,Referral,Business
C08015,2025-09-27,25-34,Australia,Individual,Google Ads,Individual
C08016,2025-06-24,25-34,India,Individual,Meta Ads,Individual
C08017,2025-04-29,35-44,India,Small,Email,Business
C08018,2025-02-16,55+,India,Individual,Email,Individual
C08019,2025-09-10,35-44,United Kingdom,Small,Partner,Business
C08020,2025-12-05,35-44,India,Individual,Organic,Individual
C08021,2025-10-16,18-24,Singapore,Small,Organic,Individual
C08022,2025-12-24,18-24,India,Individual,Organic,Business
C08023,2025-09-08,18-24,United States,Large,Google Ads,Individual
C08024,2025-05-15,25-34,India,Individual,Organic,Business
C08025,2025-12-04,25-34,United States,Small,Referral,Individual
C08026,2025-08-11,45-54,India,Small,Organic,Individual
C08027,2025-08-23,18-24,Singapore,Individual,Google Ads,Individual
C08028,2025-08-07,25-34,United States,Small,Meta Ads,Business
C08029,2025-07-24,35-44,India,Small,Referral,Business
C08030,2025-05-12,18-24,United States,Medium,Organic,Individual
C08031,2025-07-08,25-34,India,Individual,Email,Business
C08032,2025-03-08,45-54,India,Individual,Organic,Individual
C08033,2025-05-26,25-34,United States,Individual,Email,Business
C08034,2026-02-12,25-34,India,Individual,Meta Ads,Business
C08035,2026-02-19,25-34,United States,Individual,Meta Ads,Individual
C08036,2025-06-17,25-34,India,Individual,Organic,Business
C08037,2025-02-27,45-54,United Kingdom,Medium,Google Ads,Business
C08038,2025-12-05,25-34,United Kingdom,Individual,Google Ads,Business
C08039,2025-08-27,45-54,United States,Individual,Organic,Individual
C08040,2025-07-07,45-54,India,Individual,Referral,Individual
C08041,2025-10-05,45-54,India,Individual,Meta Ads,Individual
C08042,2025-10-27,45-54,India,Medium,Partner,Individual
C08043,2025-02-11,25-34,United States,Individual,Google Ads,Individual
C08044,2025-03-25,25-34,India,Medium,Email,Business
C08045,2026-04-25,45-54,Singapore,Small,Google Ads,Individual
C08046,2025-08-12,35-44,India,Individual,Organic,Individual
C08047,2025-04-04,35-44,United Kingdom,Medium,Organic,Individual
C08048,2025-07-06,45-54,United Kingdom,Individual,Partner,Individual
C08049,2025-12-13,18-24,Singapore,Large,Organic,Business
C08050,2025-08-30,25-34,Canada,Medium,Referral,Individual
C08051,2025-03-22,45-54,United States,Medium,Organic,Individual
C08052,2025-12-24,55+,Singapore,Large,Organic,Individual
C08053,2026-04-30,25-34,United Kingdom,Individual,Meta Ads,Individual
C08054,2025-01-01,35-44,India,Small,Organic,Individual
C08055,2025-04-22,35-44,United States,Small,Meta Ads,Business
C08056,2025-03-29,45-54,United Kingdom,Individual,Referral,Individual
C08057,2025-02-05,18-24,India,Individual,Meta Ads,Individual
C08058,2025-01-26,35-44,India,Individual,Referral,Individual
C08059,2025-08-22,45-54,United States,Large,Organic,Individual
C08060,2025-12-28,35-44,India,Individual,Referral,Individual
C08061,2025-10-21,35-44,Australia,Medium,Referral,Business
C08062,2025-09-30,18-24,United Kingdom,Individual,Organic,Individual
C08063,2025-09-21,25-34,India,Individual,Meta Ads,Business
C08064,2025-05-07,35-44,India,Individual,Meta Ads,Individual
C08065,2026-03-10,25-34,United Kingdom,Individual,Meta Ads,Business
C08066,2025-06-15,35-44,India,Individual,Email,Individual
C08067,2026-04-12,25-34,United States,Large,Meta Ads,Business
C08068,2026-02-26,25-34,United States,Individual,Referral,Individual
C08069,2025-11-11,18-24,India,Individual,Meta Ads,Individual
C08070,2026-01-22,25-34,India,Small,Referral,Individual
C08071,2026-01-03,25-34,India,Medium,Meta Ads,Individual
C08072,2026-01-10,55+,United States,Small,Referral,Business
C08073,2025-06-29,25-34,United States,Individual,Referral,Individual
C08074,2025-09-10,35-44,United States,Small,Meta Ads,Individual
C08075,2026-05-05,25-34,,Individual,Organic,Individual
C08076,2025-03-13,25-34,India,Large,Meta Ads,Individual
C08077,2025-09-17,25-34,United States,Medium,Google Ads,Individual
C08078,2025-04-07,45-54,Australia,Individual,Google Ads,Business
C08079,2025-05-21,25-34,Australia,Individual,Partner,Individual
C08080,2025-12-16,18-24,United States,Small,Email,Business
C08081,2025-02-14,25-34,India,Small,Partner,Individual
C08082,2025-11-26,45-54,Canada,Individual,Referral,Business
C08083,2025-03-28,35-44,India,Individual,Meta Ads,Business
C08084,2025-07-01,35-44,India,Small,Organic,Business
C08085,2025-01-06,25-34,United States,Medium,Meta Ads,Individual
C08086,2025-05-22,45-54,Australia,Individual,Email,Individual
C08087,2025-03-20,45-54,United States,Individual,Email,Individual
C08088,2025-09-03,45-54,India,Small,Organic,Business
C08089,2026-01-23,25-34,India,Individual,Google Ads,Individual
C08090,2025-08-07,35-44,United Kingdom,Small,Google Ads,Business
C08091,2025-06-01,25-34,United States,Medium,Google Ads,Business
C08092,2026-02-26,25-34,India,Individual,Referral,Business
C08093,2025-06-14,25-34,India,Individual,Meta Ads,Individual
C08094,2025-12-30,25-34,India,Individual,Email,Individual
C08095,2026-03-02,45-54,Singapore,Individual,Organic,Individual
C08096,2025-02-21,45-54,Canada,Medium,Organic,Individual
C08097,2025-04-09,25-34,India,Individual,Organic,Business
C08098,2025-06-30,35-44,India,Individual,Meta Ads,Individual
C08099,2026-04-27,25-34,Singapore,Medium,Organic,Individual
C08100,2026-04-13,55+,India,Individual,Organic,Individual
C08101,2025-01-20,25-34,United Kingdom,Individual,Referral,Individual
C08102,2025-10-29,18-24,India,Small,Meta Ads,Individual
C08103,2025-04-23,45-54,India,Small,Partner,Individual
C08104,2025-04-04,35-44,Australia,Individual,Organic,Individual
C08105,2026-02-28,35-44,Singapore,Large,Meta Ads,Individual
C08106,2025-07-22,25-34,Australia,Individual,Meta Ads,Business
C08107,2025-10-10,18-24,Singapore,Individual,Email,Individual
C08108,2025-08-14,35-44,Australia,Medium,Organic,Individual
C08109,2026-01-10,45-54,India,Individual,Organic,Business
C08110,2025-08-26,45-54,India,Small,Organic,Individual
C08111,2026-04-02,18-24,United States,Individual,Partner,Business
C08112,2026-01-16,35-44,India,Small,Referral,Individual
C08113,2025-01-28,45-54,India,Medium,Referral,Business
C08114,2025-07-09,35-44,India,Individual,Email,Individual
C08115,2025-11-22,25-34,United States,Medium,Google Ads,Business
C08116,2026-04-21,35-44,India,Medium,Google Ads,Business
C08117,2026-04-13,25-34,United Kingdom,Individual,Meta Ads,Business
C08118,2025-08-05,45-54,India,Small,Organic,Business
C08119,2025-11-13,25-34,India,Individual,Organic,Individual
C08120,2025-12-21,25-34,India,Small,Organic,Individual
C08121,2025-05-20,35-44,India,Individual,Organic,Individual
C08122,2025-03-18,45-54,India,Small,Organic,Individual
C08123,2025-10-17,18-24,United Kingdom,Individual,Partner,Individual
C08124,2025-10-21,25-34,United States,Individual,Partner,Business
C08125,2025-06-01,45-54,India,Individual,Referral,Business
C08126,2026-01-01,55+,India,Small,Partner,Individual
C08127,2026-01-23,25-34,United States,Small,Google Ads,Individual
C08128,2026-04-28,35-44,United States,Small,Meta Ads,Individual
C08129,2025-10-03,45-54,India,Individual,Partner,Business
C08130,2025-03-20,25-34,United States,Individual,Google Ads,Individual
C08131,2025-04-21,45-54,India,Individual,Organic,Business
C08132,2025-05-17,18-24,India,Individual,Partner,Individual
C08133,2026-04-05,18-24,India,Individual,Email,Business
C08134,2025-11-29,45-54,Singapore,Medium,Organic,Business
C08135,2026-02-07,35-44,United States,Large,Organic,Business
C08136,2025-03-21,18-24,India,Individual,Organic,Business
C08137,2025-10-21,25-34,Singapore,Medium,Organic,Individual
C08138,2026-02-19,45-54,Australia,Individual,Meta Ads,Business
C08139,2025-08-27,25-34,Australia,Medium,Google Ads,Business
C08140,2026-04-10,35-44,India,Medium,Referral,Individual
C08141,2025-02-15,25-34,United States,Individual,Google Ads,Individual
C08142,2025-03-29,18-24,United Kingdom,Medium,Email,Business
C08143,2025-05-21,18-24,Canada,Small,Google Ads,Individual
C08144,2025-01-31,35-44,Australia,Individual,Organic,Business
C08145,2026-05-02,35-44,United Kingdom,Individual,Organic,Business
C08146,2025-06-07,35-44,United Kingdom,Medium,Organic,Individual
C08147,2025-12-06,35-44,India,Individual,Partner,Business
C08148,2025-01-31,18-24,United States,Small,Meta Ads,Individual
C08149,2025-09-20,18-24,United States,Individual,Meta Ads,Business
C08150,2026-02-14,25-34,India,Individual,Meta Ads,Individual
C08151,2025-01-18,35-44,United Kingdom,Individual,Meta Ads,Business
C08152,2025-05-11,55+,India,Individual,Referral,Individual
C08153,2025-08-02,25-34,United States,Individual,Google Ads,Business
C08154,2026-03-12,18-24,Australia,Medium,Meta Ads,Business
C08155,2025-05-24,25-34,United States,Small,Referral,Business
C08156,2025-05-06,45-54,Canada,Large,Email,Individual
C08157,2025-01-25,35-44,United States,Small,Referral,Individual
C08158,2025-06-25,25-34,India,Individual,Organic,Business
C08159,2025-01-20,25-34,United Kingdom,Small,Referral,Business
C08160,2025-05-23,18-24,India,Individual,Email,Individual
C08161,2025-12-02,18-24,India,Small,Google Ads,Individual
C08162,2026-04-07,25-34,United Kingdom,Individual,Google Ads,Individual
C08163,2025-01-18,18-24,Singapore,Individual,Meta Ads,Individual
C08164,2025-05-14,25-34,United Kingdom,Small,Organic,Individual
C08165,2025-10-22,25-34,Singapore,Individual,Email,Individual
C08166,2026-01-16,25-34,United States,Medium,Organic,Business
C08167,2026-05-16,55+,India,Individual,Organic,Business
C08168,2025-03-08,45-54,United Kingdom,Medium,Organic,Business
C08169,2025-01-17,25-34,Singapore,Individual,Organic,Business
C08170,2025-11-06,25-34,United States,Small,Google Ads,Individual
C08171,2025-11-06,35-44,Canada,Individual,Organic,Business
C08172,2026-05-14,55+,Canada,Individual,Organic,Individual
C08173,2026-01-11,25-34,India,Small,Meta Ads,Individual
C08174,2025-02-19,25-34,India,Individual,Meta Ads,Individual
C08175,2025-09-17,35-44,India,Small,Organic,Individual
C08176,2026-05-13,18-24,Singapore,Individual,Organic,Individual
C08177,2025-05-03,25-34,United States,Medium,Partner,Individual
C08178,2025-04-01,25-34,India,Small,Partner,Business
C08179,2025-05-15,35-44,India,Small,Meta Ads,Business
C08180,2025-08-14,25-34,India,Individual,Meta Ads,Business
C08181,2025-05-12,55+,Australia,Medium,Referral,Individual
C08182,2025-07-29,25-34,India,Small,Referral,Business
C08183,2026-03-25,45-54,India,Small,Partner,Individual
C08184,2025-05-16,25-34,India,Individual,Referral,Individual
C08185,2026-01-20,55+,United States,Individual,Google Ads,Individual
C08186,2025-08-24,25-34,India,Medium,Organic,Individual
C08187,2025-10-06,25-34,United States,Medium,Google Ads,Individual
C08188,2025-04-09,18-24,India,Small,Organic,Individual
C08189,2025-01-06,18-24,India,Individual,Referral,Individual
C08190,2026-01-14,35-44,India,Small,Partner,Business
C08191,2025-05-17,35-44,Australia,Small,Organic,Business
C08192,2025-04-30,18-24,Australia,Small,Organic,Individual
C08193,2025-01-27,25-34,United States,Individual,Referral,Individual
C08194,2025-01-31,45-54,United States,Small,Organic,Business
C08195,2025-12-04,45-54,United Kingdom,Small,Google Ads,Business
C08196,2026-02-01,18-24,India,Medium,Referral,Business
C08197,2025-11-03,35-44,Australia,Individual,Meta Ads,Business
C08198,2025-04-19,25-34,India,Individual,Partner,Individual
C08199,2026-04-26,25-34,India,Individual,Google Ads,Business
C08200,2025-11-21,35-44,Australia,Small,Referral,Individual
C08201,2025-09-27,55+,India,Medium,Partner,Individual
C08202,2025-11-01,25-34,United States,Small,Organic,Individual
C08203,2026-05-05,35-44,Singapore,Individual,Google Ads,Business
C08204,2026-02-21,18-24,India,Individual,Organic,Individual
C08205,2025-09-12,25-34,Singapore,Individual,Meta Ads,Business
C08206,2025-12-14,35-44,Canada,Medium,Google Ads,Individual
C08207,2025-07-11,35-44,Singapore,Individual,Referral,Individual
C08208,2026-04-20,18-24,India,Medium,Organic,Individual
C08209,2026-04-29,25-34,India,Medium,Partner,Individual
C08210,2026-01-16,35-44,Canada,Medium,Organic,Business
C08211,2026-02-11,18-24,Australia,Large,Organic,Individual
C08212,2025-10-23,35-44,India,Medium,Organic,Individual
C08213,2025-08-23,18-24,India,Individual,Organic,Individual
C08214,2026-04-19,25-34,United States,Individual,Referral,Individual
C08215,2026-03-01,25-34,India,Small,Organic,Individual
C08216,2025-06-15,25-34,India,Small,Referral,Business
C08217,2026-02-11,25-34,India,Small,Referral,Business
C08218,2025-11-20,25-34,Canada,Individual,Organic,Individual
C08219,2025-11-15,25-34,India,Large,Organic,Individual
C08220,2025-06-10,25-34,Canada,Individual,Meta Ads,Individual
C08221,2025-01-21,25-34,India,Individual,Organic,Individual
C08222,2025-01-14,25-34,United Kingdom,Medium,Organic,Business
C08223,2025-02-19,25-34,United States,Individual,Google Ads,Individual
C08224,2025-02-20,45-54,India,Individual,Organic,Individual
C08225,2025-08-19,35-44,Singapore,Individual,Google Ads,Individual
C08226,2025-05-04,25-34,India,Medium,Partner,Business
C08227,2025-05-01,45-54,India,Large,Referral,Individual
C08228,2026-03-22,35-44,India,Individual,Meta Ads,Individual
C08229,2025-08-15,55+,India,Large,Referral,Business
C08230,2025-09-23,45-54,India,Large,Partner,Individual
C08231,2025-10-21,55+,Canada,Large,Partner,Individual
C08232,2026-04-17,45-54,India,Large,Partner,Individual
C08233,2025-01-18,18-24,Australia,Large,Organic,Business
C08234,2025-04-02,45-54,United States,Individual,Referral,Business
C08235,2026-02-21,45-54,United States,Individual,Google Ads,Individual
C08236,2025-05-08,35-44,India,Individual,Organic,Individual
C08237,2025-03-16,45-54,India,Small,Partner,Business
C08238,2025-07-28,45-54,United States,Individual,Organic,Business
C08239,2025-11-01,45-54,Canada,Individual,Partner,Individual
C08240,2025-08-01,25-34,United Kingdom,Individual,Organic,Business
C08241,2025-12-24,25-34,India,Small,Organic,Individual
C08242,2026-01-25,35-44,United Kingdom,Individual,Referral,Individual
C08243,2025-12-05,35-44,Canada,Large,Partner,Individual
C08244,2025-07-30,25-34,India,Individual,Referral,Individual
C08245,2025-12-01,25-34,India,Medium,Referral,Business
C08246,2025-01-10,35-44,Canada,Individual,Google Ads,Individual
C08247,2026-02-15,18-24,Australia,Small,Organic,Individual
C08248,2025-05-16,25-34,Australia,Individual,Partner,Individual
C08249,2025-02-16,55+,United States,Small,Organic,Individual
C08250,2025-07-17,35-44,United States,Individual,Email,Business
C08251,2025-03-05,18-24,India,Individual,Organic,Business
C08252,2025-06-28,25-34,Canada,Medium,Organic,Business
C08253,2025-12-13,45-54,United States,Medium,Referral,Business
C08254,2025-12-11,25-34,India,Small,Organic,Business
C08255,2025-06-29,25-34,United States,Small,Google Ads,Individual
C08256,2025-05-14,35-44,United States,Small,Google Ads,Individual
C08257,2025-08-16,35-44,Singapore,Large,Organic,Individual
C08258,2025-02-09,25-34,Singapore,Individual,Meta Ads,Individual
C08259,2025-01-25,35-44,United States,Small,Referral,Individual
C08260,2025-09-12,55+,India,Individual,Referral,Business
C08261,2025-07-10,25-34,United States,Medium,Referral,Individual
C08262,2025-07-06,18-24,India,Medium,Referral,Individual
C08263,2025-11-22,25-34,Australia,Small,Referral,Individual
C08264,2025-12-22,25-34,United Kingdom,Small,Organic,Individual
C08265,2025-04-23,35-44,United States,Medium,Meta Ads,Business
C08266,2025-09-02,35-44,India,Individual,Google Ads,Individual
C08267,2025-01-11,25-34,United Kingdom,Small,Email,Business
C08268,2025-05-09,25-34,India,Individual,Meta Ads,Business
C08269,2025-05-28,25-34,India,Individual,Meta Ads,Individual
C08270,2026-02-20,35-44,Australia,Small,Organic,Individual
C08271,2026-04-04,35-44,Australia,Small,Referral,Business
C08272,2025-09-29,55+,United States,Medium,Email,Individual
C08273,2025-07-09,25-34,United States,Individual,Organic,Business
C08274,2025-06-30,25-34,Canada,Individual,Partner,Individual
C08275,2026-03-18,45-54,Singapore,Medium,Referral,Individual
C08276,2025-01-12,25-34,Australia,Large,Google Ads,Business
C08277,2025-03-31,25-34,Singapore,Large,Organic,Business
C08278,2025-09-17,25-34,India,Medium,Google Ads,Business
C08279,2025-09-10,45-54,India,Medium,Google Ads,Individual
C08280,2025-03-15,45-54,India,Medium,Referral,Individual
C08281,2025-12-03,18-24,Canada,Individual,Referral,Business
C08282,2025-03-27,55+,India,Medium,Partner,Individual
C08283,2025-03-16,35-44,United Kingdom,Large,Email,Business
C08284,2025-05-27,25-34,United States,Individual,Google Ads,Business
C08285,2026-04-30,25-34,India,Individual,Meta Ads,Business
C08286,2025-11-21,45-54,India,Individual,Meta Ads,Individual
C08287,2026-04-11,25-34,India,Individual,Organic,Business
C08288,2025-06-11,35-44,India,Small,Organic,Individual
C08289,2025-07-12,35-44,India,Medium,Organic,Business
C08290,2025-09-21,35-44,United Kingdom,Small,Google Ads,Business
C08291,2025-04-24,45-54,India,Individual,Organic,Business
C08292,2025-07-30,45-54,India,Medium,Meta Ads,Business
C08293,2025-11-21,25-34,United States,Small,Organic,Business
C08294,2025-04-16,35-44,Singapore,Small,Email,Individual
C08295,2025-06-16,25-34,India,Small,Google Ads,Business
C08296,2025-10-09,45-54,Australia,Medium,Google Ads,Individual
C08297,2026-01-30,35-44,India,Small,Organic,Individual
C08298,2026-05-05,55+,India,Individual,Google Ads,Business
C08299,2025-03-06,25-34,Singapore,Small,Organic,Business
C08300,2026-02-16,25-34,Australia,Medium,Organic,Individual
C08301,2025-05-15,18-24,India,Large,Referral,Individual
C08302,2026-03-31,25-34,United States,Individual,Google Ads,Business
C08303,2026-04-14,55+,United Kingdom,Small,Google Ads,Individual
C08304,2025-01-02,25-34,India,Small,Meta Ads,Individual
C08305,2025-01-13,35-44,India,Individual,Referral,Business
C08306,2025-09-25,25-34,Canada,Individual,Google Ads,Individual
C08307,2025-09-19,35-44,Singapore,Individual,Partner,Business
C08308,2025-11-24,35-44,United Kingdom,Medium,Partner,Individual
C08309,2025-12-13,35-44,United States,Large,Meta Ads,Individual
C08310,2025-03-08,35-44,United States,Individual,Referral,Business
C08311,2026-04-11,35-44,India,Individual,Google Ads,Individual
C08312,2025-06-27,35-44,India,Individual,Partner,Individual
C08313,2025-11-12,18-24,United States,Small,Google Ads,Business
C08314,2025-10-02,25-34,India,Small,Organic,Business
C08315,2025-12-28,35-44,India,Individual,Referral,Individual
C08316,2025-02-14,18-24,India,Individual,Organic,Individual
C08317,2025-08-18,55+,United States,Large,Google Ads,Individual
C08318,2025-03-10,35-44,India,Small,Referral,Individual
C08319,2025-11-15,35-44,India,Small,Email,Individual
C08320,2025-01-22,55+,India,Small,Meta Ads,Business
C08321,2025-09-16,35-44,United States,Individual,Email,Business
C08322,2025-03-14,25-34,India,Individual,Meta Ads,Business
C08323,2025-02-01,35-44,India,Individual,Partner,Individual
C08324,2025-11-18,55+,United States,Individual,Referral,Business
C08325,2025-12-19,45-54,Canada,Individual,Organic,Business
C08326,2026-04-02,35-44,Canada,Small,Referral,Individual
C08327,2026-05-02,35-44,India,Medium,Google Ads,Business
C08328,2025-04-29,35-44,United States,Individual,Organic,Business
C08329,2025-05-09,35-44,India,Individual,Meta Ads,Business
C08330,2025-03-09,35-44,India,Small,Organic,Business
C08331,2025-08-23,45-54,United States,Individual,Meta Ads,Individual
C08332,2025-08-18,25-34,United Kingdom,Large,Organic,Business
C08333,2026-05-08,35-44,India,Medium,Google Ads,Business
C08334,2025-01-09,45-54,United States,Small,Google Ads,Business
C08335,2025-10-09,18-24,India,Individual,Google Ads,Individual
C08336,2026-02-27,55+,India,Large,Organic,Business
C08337,2025-08-27,45-54,India,Large,Partner,Business
C08338,2026-01-18,25-34,India,Individual,Organic,Individual
C08339,2025-05-16,18-24,United States,Small,Meta Ads,Individual
C08340,2025-11-26,18-24,Australia,Individual,Meta Ads,Business
C08341,2026-05-11,45-54,United States,Medium,Meta Ads,Business
C08342,2025-01-19,18-24,United States,Small,Organic,Business
C08343,2025-03-14,25-34,India,Individual,Organic,Individual
C08344,2025-11-19,35-44,United Kingdom,Individual,Referral,Individual
C08345,2025-04-18,35-44,India,Individual,Meta Ads,Individual
C08346,2026-01-13,45-54,India,Medium,Referral,Individual
C08347,2025-03-04,45-54,Canada,Individual,Google Ads,Business
C08348,2025-07-16,18-24,India,Individual,Meta Ads,Business
C08349,2025-02-06,35-44,India,Individual,Google Ads,Individual
C08350,2026-01-02,25-34,India,Small,Meta Ads,Individual
C08351,2025-10-31,25-34,United States,Individual,Referral,Individual
C08352,2025-02-06,35-44,Singapore,Large,Organic,Business
C08353,2026-01-17,35-44,United States,Medium,Partner,Business
C08354,2026-03-14,25-34,India,Small,Google Ads,Individual
C08355,2025-09-26,25-34,India,Individual,Referral,Business
C08356,2025-03-21,18-24,Canada,Small,Meta Ads,Individual
C08357,2026-03-05,45-54,United Kingdom,Individual,Organic,Business
C08358,2025-09-14,35-44,Canada,Individual,Organic,Business
C08359,2025-04-27,45-54,India,Individual,Organic,Individual
C08360,2025-04-07,35-44,United States,Small,Referral,Individual
C08361,2025-09-06,25-34,United States,Small,Organic,Business
C08362,2025-06-04,35-44,Australia,Small,Meta Ads,Individual
C08363,2025-12-22,35-44,Canada,Individual,Meta Ads,Business
C08364,2025-01-06,35-44,India,Small,Referral,Business
C08365,2026-01-22,55+,India,Individual,Meta Ads,Individual
C08366,2025-12-27,25-34,India,Large,Meta Ads,Individual
C08367,2025-02-07,25-34,India,Large,Referral,Individual
C08368,2026-01-23,45-54,India,Individual,Organic,Individual
C08369,2025-02-04,25-34,India,Large,Google Ads,Business
C08370,2026-02-26,35-44,United States,Small,Partner,Individual
C08371,2026-02-25,18-24,United States,Medium,Meta Ads,Individual
C08372,2025-07-13,25-34,United States,Individual,Organic,Individual
C08373,2026-01-22,45-54,India,Medium,Referral,Individual
C08374,2026-01-14,35-44,Canada,Individual,Google Ads,Individual
C08375,2025-03-24,25-34,India,Individual,Organic,Business
C08376,2026-02-28,45-54,Canada,Medium,Google Ads,Individual
C08377,2025-03-17,25-34,Australia,Medium,Referral,Business
C08378,2025-03-05,25-34,India,Individual,Referral,Individual
C08379,2025-06-19,25-34,United States,Small,Referral,Business
C08380,2025-09-03,45-54,United States,Small,Organic,Individual
C08381,2025-07-09,35-44,India,Large,Organic,Business
C08382,2025-03-08,35-44,Canada,Individual,Meta Ads,Individual
C08383,2026-05-08,35-44,India,Large,Organic,Business
C08384,2025-02-22,25-34,United States,Medium,Referral,Business
C08385,2026-02-09,35-44,Singapore,Medium,Email,Individual
C08386,2025-08-30,25-34,India,Medium,Referral,Business
C08387,2025-06-01,35-44,United Kingdom,Medium,Meta Ads,Individual
C08388,2025-05-09,35-44,United States,Small,Google Ads,Business
C08389,2025-08-20,35-44,United States,Individual,Organic,Individual
C08390,2025-05-31,35-44,United States,Individual,Referral,Individual
C08391,2025-05-17,45-54,India,Medium,Organic,Individual
C08392,2025-06-06,35-44,Australia,Individual,Meta Ads,Individual
C08393,2025-06-20,45-54,India,Medium,Organic,Individual
C08394,2025-05-28,25-34,United States,Individual,Referral,Business
C08395,2025-03-15,25-34,Australia,Small,Organic,Business
C08396,2025-06-15,18-24,India,Individual,Meta Ads,Business
C08397,2025-04-19,35-44,India,Medium,Organic,Business
C08398,2025-07-20,25-34,India,Medium,Referral,Business
C08399,2025-05-27,25-34,India,Small,Organic,Individual
C08400,2025-12-14,45-54,India,Individual,Email,Individual
C08401,2026-01-11,35-44,United Kingdom,Individual,Referral,Business
C08402,2025-06-05,35-44,United States,Individual,Referral,Individual
C08403,2025-10-04,25-34,Australia,Medium,Referral,Individual
C08404,2026-03-02,35-44,India,Large,Referral,Individual
C08405,2025-02-09,45-54,Singapore,Individual,Organic,Business
C08406,2025-04-13,35-44,India,Individual,Organic,Business
C08407,2025-08-01,35-44,United Kingdom,Small,Referral,Business
C08408,2025-12-09,25-34,Australia,Large,Google Ads,Business
C08409,2026-05-04,25-34,Canada,Large,Organic,Individual
C08410,2025-02-23,45-54,Singapore,Individual,Google Ads,Individual
C08411,2025-09-29,35-44,United States,Individual,Referral,Individual
C08412,2025-03-03,18-24,United States,Medium,Organic,Individual
C08413,2025-09-20,25-34,United States,Small,Meta Ads,Business
C08414,2025-09-15,18-24,Canada,Individual,Google Ads,Individual
C08415,2025-03-24,35-44,United States,Individual,Email,Individual
C08416,2026-01-12,35-44,United States,Individual,Email,Business
C08417,2025-03-16,25-34,India,Individual,Organic,Individual
C08418,2026-05-07,25-34,United Kingdom,Small,Referral,Individual
C08419,2026-02-23,25-34,India,Individual,Organic,Individual
C08420,2025-08-20,55+,Australia,Large,Email,Business
C08421,2026-01-31,25-34,United States,Individual,Organic,Individual
C08422,2026-02-28,25-34,United Kingdom,Small,Google Ads,Individual
C08423,2025-03-30,45-54,India,Individual,Referral,Individual
C08424,2025-05-03,18-24,India,Medium,Referral,Business
C08425,2026-02-25,25-34,India,Individual,Google Ads,Business
C08426,2025-03-09,45-54,India,Small,Partner,Individual
C08427,2025-12-09,25-34,Singapore,Large,Organic,Individual
C08428,2026-01-19,45-54,India,Small,Referral,Individual
C08429,2025-12-22,45-54,United States,Individual,Meta Ads,Business
C08430,2025-07-02,25-34,United Kingdom,Large,Referral,Individual
C08431,2025-03-02,18-24,Australia,Small,Google Ads,Individual
C08432,2026-03-01,25-34,United Kingdom,Individual,Google Ads,Individual
C08433,2025-06-14,55+,India,Large,Organic,Individual
C08434,2026-04-12,25-34,United Kingdom,Medium,Meta Ads,Individual
C08435,2025-11-30,25-34,India,Small,Organic,Business
C08436,2025-06-26,35-44,India,Individual,Google Ads,Individual
C08437,2025-04-27,25-34,United States,Individual,Referral,Business
C08438,2025-12-30,25-34,India,Individual,Organic,Individual
C08439,2025-03-12,25-34,United Kingdom,Small,Google Ads,Business
C08440,2025-05-24,55+,India,Small,Meta Ads,Individual
C08441,2025-08-12,45-54,India,Medium,Organic,Business
C08442,2025-07-04,35-44,Australia,Large,Email,Individual
C08443,2025-04-25,25-34,United States,Medium,Partner,Individual
C08444,2025-08-24,45-54,India,Small,Organic,Business
C08445,2025-01-16,25-34,Australia,Medium,Organic,Business
C08446,2025-12-27,25-34,Singapore,Small,Referral,Business
C08447,2025-08-14,45-54,United States,Small,Meta Ads,Business
C08448,2025-07-22,18-24,India,Medium,Partner,Individual
C08449,2025-03-04,25-34,United States,Small,Partner,Individual
C08450,2025-03-16,25-34,India,Small,Partner,Business
C08451,2026-05-07,18-24,Singapore,Small,Email,Business
C08452,2025-03-17,45-54,United States,Medium,Partner,Business
C08453,2026-01-03,25-34,India,Small,Meta Ads,Individual
C08454,2025-09-17,25-34,United Kingdom,Medium,Google Ads,Business
C08455,2025-12-04,18-24,United Kingdom,Small,Google Ads,Business
C08456,2025-10-01,45-54,India,Small,Meta Ads,Individual
C08457,2025-11-11,35-44,United States,Small,Referral,Business
C08458,2025-08-11,45-54,India,Individual,Google Ads,Business
C08459,2026-02-21,25-34,Singapore,Large,Email,Business
C08460,2026-02-25,25-34,India,Individual,Partner,Individual
C08461,2025-02-09,35-44,United Kingdom,Small,Meta Ads,Individual
C08462,2025-09-15,25-34,India,Medium,Organic,Business
C08463,2025-07-26,25-34,Australia,Individual,Meta Ads,Individual
C08464,2025-03-31,35-44,United States,Large,Organic,Individual
C08465,2026-03-30,25-34,India,Medium,Meta Ads,Business
C08466,2025-07-26,45-54,United Kingdom,Small,Referral,Business
C08467,2025-03-26,45-54,United States,Small,Meta Ads,Individual
C08468,2025-03-05,35-44,United States,Small,Google Ads,Individual
C08469,2026-01-28,45-54,India,Individual,Meta Ads,Individual
C08470,2025-11-26,55+,India,Individual,Organic,Individual
C08471,2025-06-05,35-44,India,Small,Google Ads,Individual
C08472,2026-04-30,25-34,India,Medium,Email,Business
C08473,2025-10-25,25-34,India,Individual,Meta Ads,Business
C08474,2025-03-14,25-34,India,Individual,Partner,Individual
C08475,2025-05-09,45-54,Australia,Individual,Meta Ads,Individual
C08476,2026-04-13,45-54,India,Individual,Meta Ads,Individual
C08477,2025-06-20,35-44,Australia,Large,Email,Individual
C08478,2025-04-13,55+,United States,Individual,Organic,Individual
C08479,2025-06-19,35-44,United Kingdom,Individual,Referral,Business
C08480,2025-03-26,25-34,India,Medium,Meta Ads,Business
C08481,2026-04-12,35-44,India,Small,Referral,Individual
C08482,2025-02-11,25-34,India,Individual,Google Ads,Business
C08483,2025-08-26,45-54,India,Individual,Referral,Individual
C08484,2025-10-21,25-34,India,Large,Partner,Individual
C08485,2025-07-15,18-24,India,Individual,Referral,Individual
C08486,2025-05-25,35-44,India,Individual,Google Ads,Individual
C08487,2026-03-09,45-54,United Kingdom,Small,Google Ads,Business
C08488,2026-05-12,35-44,India,Individual,Organic,Individual
C08489,2025-06-22,45-54,India,Individual,Organic,Individual
C08490,2025-11-23,35-44,United Kingdom,Individual,Meta Ads,Business
C08491,2025-11-22,18-24,India,Individual,Meta Ads,Business
C08492,2025-04-15,18-24,India,Small,Google Ads,Individual
C08493,2025-01-03,45-54,India,Small,Google Ads,Individual
C08494,2025-03-02,25-34,Singapore,Individual,Meta Ads,Business
C08495,2025-04-13,45-54,United States,Individual,Google Ads,Individual
C08496,2026-03-02,45-54,Canada,Individual,Referral,Business
C08497,2026-01-02,25-34,India,Individual,Google Ads,Individual
C08498,2026-02-15,18-24,United Kingdom,Individual,Meta Ads,Individual
C08499,2025-05-30,25-34,United States,Small,Organic,Individual
C08500,2025-07-27,45-54,United States,Small,Organic,Individual
C08501,2025-05-05,35-44,Australia,Medium,Google Ads,Individual
C08502,2025-03-23,45-54,India,Medium,Partner,Individual
C08503,2025-11-09,18-24,India,Medium,Meta Ads,Business
C08504,2026-02-15,35-44,United Kingdom,Medium,Organic,Business
C08505,2026-03-27,18-24,United Kingdom,Individual,Organic,Business
C08506,2026-02-11,35-44,India,Small,Organic,Individual
C08507,2025-12-10,35-44,United States,Individual,Meta Ads,Individual
C08508,2025-01-23,18-24,India,Large,Google Ads,Individual
C08509,2025-06-01,25-34,India,Large,Email,Individual
C08510,2025-02-15,35-44,Canada,Individual,Referral,Individual
C08511,2025-11-01,45-54,India,Individual,Email,Individual
C08512,2026-02-06,35-44,India,Small,Referral,Business
C08513,2025-05-27,18-24,Australia,Individual,Organic,Individual
C08514,2025-05-20,25-34,India,Individual,Organic,Individual
C08515,2026-05-13,35-44,India,Small,Organic,Individual
C08516,2025-11-02,25-34,United Kingdom,Small,Referral,Business
C08517,2025-10-20,55+,Canada,Large,Organic,Individual
C08518,2026-03-09,25-34,India,Individual,Organic,Individual
C08519,2025-09-19,35-44,Australia,Individual,Organic,Business
C08520,2026-02-15,45-54,United States,Small,Organic,Individual
C08521,2026-02-06,25-34,India,Individual,Organic,Business
C08522,2025-02-12,25-34,India,Individual,Referral,Individual
C08523,2025-05-27,25-34,India,Individual,Organic,Business
C08524,2026-01-09,18-24,Canada,Medium,Google Ads,Business
C08525,2025-05-26,25-34,India,Individual,Partner,Individual
C08526,2025-09-11,55+,India,Large,Google Ads,Individual
C08527,2025-04-25,25-34,India,Medium,Referral,Business
C08528,2025-12-24,35-44,Australia,Large,Organic,Individual
C08529,2025-05-03,45-54,India,Medium,Referral,Business
C08530,2026-02-27,45-54,India,Individual,Organic,Business
C08531,2026-04-16,18-24,United States,Individual,Google Ads,Individual
C08532,2025-04-08,35-44,India,Large,Organic,Individual
C08533,2026-04-21,35-44,India,Medium,Meta Ads,Individual
C08534,2025-11-21,35-44,India,Medium,Partner,Business
C08535,2026-05-06,25-34,United States,Medium,Referral,Individual
C08536,2025-05-12,25-34,United States,Individual,Google Ads,Business
C08537,2025-01-24,25-34,Australia,Individual,Organic,Individual
C08538,2025-11-21,45-54,Australia,Small,Google Ads,Individual
C08539,2026-03-29,18-24,India,Small,Referral,Individual
C08540,2026-02-27,25-34,India,Individual,Organic,Individual
C08541,2026-05-15,25-34,Singapore,Medium,Google Ads,Individual
C08542,2025-07-07,45-54,Canada,Large,Referral,Business
C08543,2026-05-10,25-34,India,Individual,Organic,Business
C08544,2025-12-30,45-54,India,Small,Google Ads,Business
C08545,2026-04-25,25-34,Australia,Small,Partner,Business
C08546,2025-02-03,55+,United Kingdom,Small,Partner,Business
C08547,2025-06-17,35-44,United Kingdom,Small,Google Ads,Individual
C08548,2026-02-15,35-44,India,Small,Referral,Individual
C08549,2026-05-06,18-24,India,Medium,Meta Ads,Individual
C08550,2026-03-11,35-44,India,Small,Google Ads,Individual
C08551,2025-05-11,25-34,United Kingdom,Small,Organic,Business
C08552,2025-07-31,35-44,India,Individual,Organic,Individual
C08553,2026-01-08,55+,Singapore,Small,Referral,Individual
C08554,2026-05-02,35-44,India,Medium,Referral,Business
C08555,2026-04-10,25-34,United States,Individual,Google Ads,Individual
C08556,2025-05-13,45-54,India,Individual,Google Ads,Business
C08557,2026-03-08,25-34,United States,Individual,Referral,Individual
C08558,2025-02-22,25-34,India,Individual,Referral,Individual
C08559,2025-10-10,55+,United States,Small,Referral,Individual
C08560,2026-05-12,25-34,India,Medium,Email,Individual
C08561,2025-07-13,35-44,United States,Medium,Organic,Individual
C08562,2026-03-28,55+,United Kingdom,Individual,Meta Ads,Individual
C08563,2025-02-16,35-44,India,Small,Meta Ads,Individual
C08564,2025-01-13,25-34,United Kingdom,Small,Google Ads,Business
C08565,2025-08-14,18-24,United States,Medium,Organic,Individual
C08566,2025-07-24,25-34,India,Individual,Meta Ads,Individual
C08567,2026-04-04,25-34,India,Large,Meta Ads,Individual
C08568,2025-08-30,45-54,India,Individual,Email,Individual
C08569,2025-12-09,55+,United Kingdom,Small,Meta Ads,Individual
C08570,2025-01-09,35-44,Canada,Medium,Email,Individual
C08571,2025-03-20,45-54,India,Individual,Email,Business
C08572,2025-06-07,18-24,India,Small,Meta Ads,Individual
C08573,2025-01-18,25-34,United States,Individual,Google Ads,Individual
C08574,2025-02-19,18-24,United States,Individual,Meta Ads,Individual
C08575,2025-10-02,35-44,India,Individual,Partner,Individual
C08576,2026-03-25,35-44,United Kingdom,Individual,Email,Individual
C08577,2025-01-19,45-54,United States,Medium,Organic,Individual
C08578,2025-11-21,45-54,India,Individual,Referral,Business
C08579,2025-04-22,45-54,India,Small,Email,Individual
C08580,2025-11-17,45-54,United States,Individual,Organic,Business
C08581,2025-08-16,18-24,United States,Individual,Google Ads,Business
C08582,2026-05-03,25-34,India,Individual,Referral,Business
C08583,2025-03-22,25-34,India,Medium,Email,Business
C08584,2025-10-02,25-34,Canada,Individual,Email,Business
C08585,2026-03-01,25-34,Australia,Individual,Google Ads,Individual
C08586,2025-10-21,18-24,India,Small,Referral,Business
C08587,2026-03-09,18-24,India,Individual,Organic,Business
C08588,2025-01-26,35-44,India,Large,Partner,Individual
C08589,2025-02-04,18-24,United States,Medium,Organic,Individual
C08590,2025-08-15,35-44,India,Individual,Meta Ads,Individual
C08591,2025-10-08,45-54,India,Medium,Organic,Business
C08592,2025-09-08,55+,United States,Individual,Google Ads,Business
C08593,2025-10-29,25-34,United States,Small,Partner,Individual
C08594,2025-02-17,18-24,United States,Individual,Email,Individual
C08595,2025-02-28,25-34,Singapore,Small,Referral,Individual
C08596,2025-05-28,35-44,United States,Medium,Referral,Individual
C08597,2025-01-06,45-54,India,Individual,Meta Ads,Individual
C08598,2025-06-20,55+,India,Individual,Google Ads,Business
C08599,2025-08-23,45-54,United States,Medium,Organic,Individual
C08600,2025-02-26,55+,Australia,Individual,Google Ads,Business
C08601,2025-12-29,55+,India,Small,Organic,Individual
C08602,2026-05-04,55+,India,Individual,Organic,Business
C08603,2025-11-16,25-34,India,Individual,Meta Ads,Business
C08604,2025-07-18,35-44,Canada,Individual,Partner,Business
C08605,2025-11-29,45-54,India,Individual,Email,Individual
C08606,2025-05-05,45-54,India,Individual,Referral,Business
C08607,2026-02-27,35-44,Australia,Medium,Meta Ads,Individual
C08608,2025-03-08,25-34,United States,Small,Email,Business
C08609,2025-07-27,18-24,United States,Large,Google Ads,Business
C08610,2025-05-11,25-34,United Kingdom,Medium,Organic,Individual
C08611,2025-09-07,25-34,Australia,Individual,Partner,Business
C08612,2025-05-16,45-54,Canada,Medium,Referral,Business
C08613,2025-03-18,25-34,India,Small,Google Ads,Individual
C08614,2026-05-10,35-44,India,Small,Email,Individual
C08615,2025-09-25,25-34,India,Individual,Organic,Business
C08616,2026-02-05,45-54,India,Small,Organic,Individual
C08617,2025-12-28,45-54,India,Small,Google Ads,Individual
C08618,2025-05-17,35-44,United States,Small,Organic,Business
C08619,2026-01-17,35-44,India,Individual,Partner,Individual
C08620,2025-05-11,55+,India,Individual,Google Ads,Business
C08621,2026-05-04,25-34,India,Individual,Organic,Individual
C08622,2025-11-02,25-34,India,Small,Meta Ads,Individual
C08623,2026-03-18,25-34,Canada,Individual,Organic,Business
C08624,2026-04-01,35-44,Australia,Medium,Partner,Business
C08625,2025-07-01,35-44,United States,Individual,Referral,Business
C08626,2025-09-08,45-54,Singapore,Medium,Organic,Individual
C08627,2025-02-27,35-44,India,Medium,Google Ads,Business
C08628,2025-06-29,45-54,India,Small,Meta Ads,Individual
C08629,2026-01-16,55+,Australia,Small,Organic,Individual
C08630,2025-02-04,25-34,Australia,Individual,Referral,Business
C08631,2025-09-11,18-24,United States,Individual,Google Ads,Business
C08632,2025-09-01,25-34,United Kingdom,Medium,Partner,Individual
C08633,2026-01-07,55+,Singapore,Medium,Partner,Business
C08634,2025-07-11,35-44,Singapore,Individual,Meta Ads,Business
C08635,2025-09-16,35-44,United States,Individual,Email,Business
C08636,2025-02-03,35-44,United Kingdom,Individual,Partner,Individual
C08637,2026-04-03,25-34,India,Small,Organic,Business
C08638,2025-02-25,45-54,India,Medium,Google Ads,Individual
C08639,2026-05-11,25-34,Singapore,Large,Google Ads,Individual
C08640,2025-02-20,25-34,Singapore,Small,Google Ads,Individual
C08641,2025-12-02,25-34,Canada,Small,Organic,Business
C08642,2026-01-15,18-24,India,Large,Organic,Business
C08643,2025-10-02,35-44,United Kingdom,Small,Referral,Business
C08644,2025-12-07,25-34,United Kingdom,Small,Organic,Individual
C08645,2026-01-13,45-54,India,Individual,Organic,Business
C08646,2025-12-02,25-34,India,Individual,Partner,Individual
C08647,2026-03-02,25-34,United States,Individual,Organic,Business
C08648,2025-11-13,18-24,United States,Medium,Partner,Business
C08649,2025-06-27,35-44,Singapore,Individual,Email,Business
C08650,2026-03-19,35-44,India,Medium,Referral,Individual
C08651,2025-09-11,25-34,India,Medium,Meta Ads,Individual
C08652,2025-08-13,25-34,India,Large,Organic,Business
C08653,2025-01-11,45-54,United States,Small,Meta Ads,Business
C08654,2025-12-13,35-44,India,Small,Organic,Business
C08655,2025-08-09,18-24,India,Individual,Referral,Individual
C08656,2026-02-14,35-44,Australia,Individual,Organic,Individual
C08657,2025-11-03,18-24,Australia,Large,Google Ads,Business
C08658,2026-02-11,25-34,India,Medium,Organic,Business
C08659,2025-08-01,35-44,Singapore,Small,Referral,Business
C08660,2025-10-16,25-34,United Kingdom,Individual,Partner,Individual
C08661,2025-11-14,45-54,India,Individual,Email,Business
C08662,2026-03-18,25-34,India,Individual,Organic,Individual
C08663,2025-08-19,35-44,United Kingdom,Medium,Partner,Individual
C08664,2025-06-25,25-34,Singapore,Individual,Partner,Business
C08665,2026-02-13,35-44,India,Small,Organic,Business
C08666,2026-04-18,45-54,India,Individual,Google Ads,Business
C08667,2025-08-17,18-24,India,Individual,Google Ads,Individual
C08668,2025-01-07,25-34,United States,Large,Meta Ads,Individual
C08669,2025-06-16,18-24,India,Individual,Google Ads,Business
C08670,2026-01-09,45-54,India,Small,Referral,Business
C08671,2025-04-10,55+,Singapore,Medium,Organic,Business
C08672,2025-12-23,45-54,United States,Individual,Google Ads,Individual
C08673,2026-05-13,25-34,India,Medium,Google Ads,Business
C08674,2026-05-03,25-34,India,Medium,Organic,Business
C08675,2026-02-04,25-34,Australia,Medium,Google Ads,Individual
C08676,2025-02-06,25-34,India,Small,Google Ads,Individual
C08677,2025-02-13,35-44,India,Individual,Referral,Business
C08678,2025-10-31,35-44,India,Individual,Organic,Business
C08679,2025-10-17,45-54,United States,Small,Organic,Individual
C08680,2025-06-06,25-34,India,Small,Organic,Business
C08681,2025-07-17,35-44,United States,Small,Organic,Individual
C08682,2026-01-18,25-34,India,Small,Meta Ads,Individual
C08683,2026-04-11,18-24,,Medium,Partner,Business
C08684,2025-08-14,25-34,Singapore,Individual,Meta Ads,Business
C08685,2025-05-04,18-24,Australia,Individual,Partner,Business
C08686,2025-05-13,45-54,United Kingdom,Large,Organic,Individual
C08687,2026-04-12,18-24,India,Small,Referral,Individual
C08688,2025-09-23,25-34,United Kingdom,Individual,Meta Ads,Individual
C08689,2025-09-05,55+,United Kingdom,Small,Email,Business
C08690,2025-09-09,45-54,Singapore,Small,Partner,Individual
C08691,2026-02-28,25-34,India,Medium,Organic,Business
C08692,2025-05-31,25-34,India,Small,Referral,Individual
C08693,2025-09-22,45-54,United Kingdom,Small,Organic,Business
C08694,2026-05-01,55+,United Kingdom,Individual,Meta Ads,Individual
C08695,2026-05-01,45-54,India,Large,Partner,Individual
C08696,2026-02-13,55+,United Kingdom,Individual,Organic,Individual
C08697,2025-08-14,25-34,India,Large,Partner,Individual
C08698,2025-10-24,25-34,India,Small,Email,Business
C08699,2026-03-17,25-34,India,Large,Organic,Individual
C08700,2025-07-10,25-34,India,Large,Referral,Business
C08701,2025-04-03,35-44,Australia,Small,Organic,Business
C08702,2025-01-28,35-44,India,Large,Organic,Business
C08703,2025-01-14,35-44,United Kingdom,Individual,Google Ads,Business
C08704,2026-04-22,45-54,India,Individual,Organic,Individual
C08705,2025-06-03,25-34,India,Small,Organic,Individual
C08706,2025-08-13,25-34,India,Large,Partner,Business
C08707,2026-04-11,25-34,India,Individual,Referral,Business
C08708,2026-02-04,25-34,United States,Small,Organic,Business
C08709,2025-02-02,25-34,United States,Individual,Referral,Individual
C08710,2025-11-21,25-34,India,Medium,Google Ads,Individual
C08711,2025-08-17,25-34,Australia,Small,Meta Ads,Business
C08712,2026-03-27,25-34,India,Individual,Referral,Individual
C08713,2025-09-16,55+,India,Individual,Referral,Business
C08714,2025-02-23,25-34,United States,Individual,Partner,Business
C08715,2025-10-13,35-44,Singapore,Small,Google Ads,Business
C08716,2025-10-26,18-24,India,Small,Meta Ads,Business
C08717,2026-01-28,45-54,India,Small,Organic,Individual
C08718,2025-05-02,25-34,Canada,Individual,Email,Individual
C08719,2026-05-16,18-24,United States,Individual,Organic,Individual
C08720,2026-04-10,25-34,Canada,Medium,Referral,Individual
C08721,2026-01-16,25-34,India,Small,Organic,Individual
C08722,2025-02-11,25-34,Singapore,Individual,Email,Individual
C08723,2025-12-26,25-34,India,Small,Meta Ads,Business
C08724,2026-03-05,45-54,India,Individual,Organic,Individual
C08725,2025-02-12,35-44,Singapore,Individual,Email,Business
C08726,2025-04-02,25-34,India,Medium,Meta Ads,Individual
C08727,2025-08-23,35-44,Canada,Individual,Referral,Business
C08728,2025-02-12,25-34,United Kingdom,Individual,Referral,Business
C08729,2025-02-04,25-34,United States,Large,Email,Individual
C08730,2026-02-07,35-44,United Kingdom,Small,Google Ads,Business
C08731,2025-10-26,25-34,Australia,Individual,Meta Ads,Individual
C08732,2025-11-21,25-34,United States,Small,Referral,Individual
C08733,2025-12-04,25-34,United Kingdom,Individual,Email,Business
C08734,2025-01-22,35-44,India,Medium,Organic,Individual
C08735,2025-09-09,18-24,Canada,Small,Google Ads,Business
C08736,2026-04-06,25-34,Australia,Individual,Referral,Business
C08737,2026-01-24,25-34,United States,Small,Organic,Individual
C08738,2025-03-19,45-54,United Kingdom,Individual,Organic,Individual
C08739,2025-01-31,25-34,United States,Large,Email,Business
C08740,2025-10-05,35-44,United Kingdom,Individual,Organic,Individual
C08741,2026-04-16,35-44,United States,Individual,Partner,Business
C08742,2025-10-10,18-24,United Kingdom,Small,Google Ads,Individual
C08743,2025-11-17,25-34,India,Individual,Partner,Business
C08744,2026-02-06,35-44,United Kingdom,Small,Organic,Individual
C08745,2025-06-02,35-44,India,Individual,Email,Individual
C08746,2025-04-02,35-44,India,Individual,Organic,Individual
C08747,2025-10-26,55+,Canada,Medium,Meta Ads,Business
C08748,2025-05-08,25-34,India,Individual,Referral,Business
C08749,2025-01-12,35-44,United States,Individual,Meta Ads,Individual
C08750,2026-05-16,25-34,Canada,Medium,Organic,Business
C08751,2026-03-27,35-44,India,Individual,Organic,Individual
C08752,2025-07-16,25-34,Australia,Small,Organic,Business
C08753,2025-10-13,18-24,United States,Medium,Referral,Individual
C08754,2025-04-13,35-44,United States,Individual,Referral,Individual
C08755,2025-04-18,25-34,India,Individual,Organic,Individual
C08756,2025-12-27,25-34,India,Small,Email,Individual
C08757,2026-01-27,18-24,Singapore,Medium,Organic,Business
C08758,2025-01-04,45-54,United States,Individual,Partner,Individual
C08759,2025-01-01,35-44,Canada,Small,Meta Ads,Business
C08760,2025-06-09,45-54,United Kingdom,Large,Meta Ads,Individual
C08761,2025-03-18,25-34,Singapore,Medium,Referral,Individual
C08762,2025-07-11,35-44,India,Small,Partner,Individual
C08763,2025-01-24,18-24,India,Individual,Meta Ads,Individual
C08764,2026-02-22,45-54,India,Individual,Google Ads,Business
C08765,2025-11-24,25-34,Singapore,Small,Partner,Individual
C08766,2026-04-07,35-44,Australia,Small,Meta Ads,Individual
C08767,2025-02-02,18-24,United States,Small,Meta Ads,Individual
C08768,2025-09-20,25-34,United Kingdom,Large,Referral,Individual
C08769,2026-04-17,18-24,United States,Individual,Referral,Individual
C08770,2025-12-08,55+,India,Medium,Referral,Individual
C08771,2026-02-02,45-54,Singapore,Large,Referral,Business
C08772,2026-02-21,45-54,United States,Individual,Referral,Individual
C08773,2025-03-01,25-34,United Kingdom,Individual,Google Ads,Individual
C08774,2026-04-16,25-34,United Kingdom,Large,Partner,Business
C08775,2026-02-07,35-44,United States,Medium,Meta Ads,Business
C08776,2025-04-23,25-34,Canada,Individual,Email,Individual
C08777,2026-04-05,55+,India,Small,Google Ads,Business
C08778,2025-10-19,35-44,India,Medium,Google Ads,Business
C08779,2026-04-11,25-34,United States,Individual,Referral,Individual
C08780,2025-02-26,25-34,India,Individual,Google Ads,Business
C08781,2025-08-29,45-54,India,Small,Partner,Business
C08782,2025-06-07,25-34,India,Small,Organic,Business
C08783,2026-05-06,25-34,India,Individual,Organic,Individual
C08784,2025-04-05,25-34,India,Individual,Organic,Individual
C08785,2025-09-19,25-34,Australia,Medium,Meta Ads,Individual
C08786,2025-02-19,35-44,Canada,Individual,Partner,Individual
C08787,2025-01-01,25-34,India,Individual,Email,Individual
C08788,2025-01-23,25-34,Canada,Individual,Organic,Individual
C08789,2026-01-25,35-44,India,Medium,Email,Business
C08790,2025-04-07,45-54,United States,Small,Partner,Business
C08791,2025-05-31,45-54,United Kingdom,Individual,Google Ads,Individual
C08792,2026-02-20,55+,Canada,Individual,Google Ads,Individual
C08793,2025-03-22,25-34,Canada,Small,Google Ads,Individual
C08794,2026-01-05,18-24,Singapore,Individual,Google Ads,Individual
C08795,2025-03-19,35-44,India,Small,Partner,Individual
C08796,2026-04-08,25-34,India,Small,Google Ads,Business
C08797,2025-12-31,25-34,Canada,Medium,Partner,Individual
C08798,2025-01-16,18-24,India,Individual,Referral,Individual
C08799,2025-07-30,55+,Singapore,Small,Google Ads,Business
C08800,2025-08-17,25-34,United Kingdom,Small,Meta Ads,Business
C08801,2025-02-07,25-34,Singapore,Individual,Google Ads,Individual
C08802,2025-01-10,18-24,Australia,Small,Email,Individual
C08803,2025-10-26,35-44,India,Individual,Referral,Individual
C08804,2025-04-26,35-44,India,Individual,Organic,Individual
C08805,2025-10-20,45-54,India,Small,Organic,Business
C08806,2026-02-14,35-44,India,Individual,Partner,Business
C08807,2026-01-12,18-24,Canada,Individual,Partner,Business
C08808,2025-12-07,35-44,Singapore,Medium,Email,Business
C08809,2025-07-18,18-24,Australia,Small,Organic,Business
C08810,2025-01-28,45-54,India,Individual,Email,Business
C08811,2026-04-19,25-34,India,Small,Organic,Individual
C08812,2025-12-22,55+,India,Individual,Google Ads,Individual
C08813,2025-12-31,25-34,United States,Small,Organic,Business
C08814,2025-05-26,45-54,United States,Small,Meta Ads,Individual
C08815,2025-07-26,25-34,India,Medium,Meta Ads,Individual
C08816,2025-07-04,25-34,United Kingdom,Individual,Organic,Individual
C08817,2025-06-30,55+,India,Medium,Email,Business
C08818,2025-06-26,25-34,United States,Individual,Referral,Business
C08819,2025-12-01,55+,India,Small,Partner,Individual
C08820,2026-04-03,35-44,United Kingdom,Medium,Referral,Business
C08821,2025-08-12,18-24,India,Individual,Partner,Individual
C08822,2026-01-03,35-44,India,Small,Google Ads,Business
C08823,2025-03-28,35-44,India,Medium,Organic,Business
C08824,2025-04-24,45-54,United States,Small,Google Ads,Business
C08825,2026-04-24,35-44,Canada,Small,Google Ads,Business
C08826,2026-05-06,35-44,India,Small,Google Ads,Individual
C08827,2025-09-16,25-34,India,Individual,Organic,Individual
C08828,2026-01-25,25-34,Canada,Small,Organic,Individual
C08829,2025-06-09,25-34,India,Medium,Meta Ads,Individual
C08830,2025-04-05,18-24,United States,Individual,Email,Individual
C08831,2025-08-05,25-34,India,Medium,Organic,Business
C08832,2025-09-10,25-34,United States,Individual,Partner,Business
C08833,2025-07-26,25-34,India,Individual,Organic,Individual
C08834,2026-04-03,45-54,United States,Individual,Organic,Business
C08835,2025-10-15,35-44,United Kingdom,Individual,Referral,Business
C08836,2025-12-12,25-34,United States,Medium,Referral,Individual
C08837,2025-02-27,45-54,United States,Medium,Meta Ads,Individual
C08838,2025-06-24,35-44,India,Individual,Referral,Individual
C08839,2025-08-09,45-54,India,Individual,Google Ads,Individual
C08840,2025-08-12,35-44,India,Large,Meta Ads,Individual
C08841,2025-11-07,35-44,India,Large,Meta Ads,Individual
C08842,2025-10-18,25-34,India,Small,Email,Individual
C08843,2025-08-17,25-34,United States,Small,Partner,Business
C08844,2025-09-24,18-24,India,Individual,Meta Ads,Individual
C08845,2025-06-06,18-24,Australia,Individual,Organic,Individual
C08846,2025-05-30,35-44,United Kingdom,Individual,Meta Ads,Individual
C08847,2025-03-14,55+,United Kingdom,Medium,Organic,Business
C08848,2025-09-04,25-34,Singapore,Individual,Meta Ads,Business
C08849,2025-10-04,55+,Canada,Small,Meta Ads,Business
C08850,2025-01-20,35-44,India,Medium,Organic,Individual
C08851,2025-09-09,35-44,India,Medium,Google Ads,Individual
C08852,2025-04-22,25-34,United Kingdom,Individual,Google Ads,Individual
C08853,2025-12-14,45-54,India,Medium,Meta Ads,Individual
C08854,2026-01-02,25-34,United States,Large,Partner,Business
C08855,2025-03-11,25-34,Canada,Small,Organic,Individual
C08856,2025-08-01,25-34,Australia,Small,Referral,Business
C08857,2025-01-19,25-34,United States,Medium,Organic,Individual
C08858,2026-03-07,25-34,India,Small,Google Ads,Business
C08859,2025-09-28,35-44,India,Individual,Organic,Individual
C08860,2025-09-26,35-44,Singapore,Individual,Partner,Individual
C08861,2025-08-30,25-34,United Kingdom,Medium,Meta Ads,Individual
C08862,2025-04-23,25-34,United States,Small,Partner,Business
C08863,2026-02-07,35-44,India,Small,Organic,Business
C08864,2025-04-16,25-34,India,Medium,Organic,Individual
C08865,2025-07-12,35-44,India,Small,Referral,Individual
C08866,2026-01-31,18-24,United States,Individual,Organic,Individual
C08867,2025-11-04,18-24,United Kingdom,Individual,Organic,Individual
C08868,2025-12-10,25-34,United Kingdom,Small,Google Ads,Individual
C08869,2025-03-09,25-34,Australia,Individual,Meta Ads,Individual
C08870,2026-01-04,25-34,India,Small,Organic,Individual
C08871,2025-11-04,25-34,India,Individual,Organic,Business
C08872,2026-01-12,55+,Canada,Large,Partner,Business
C08873,2025-06-21,25-34,United States,Small,Organic,Business
C08874,2025-03-02,25-34,India,Individual,Referral,Individual
C08875,2025-05-22,25-34,Australia,Individual,Organic,Individual
C08876,2026-03-13,45-54,India,Small,Google Ads,Business
C08877,2026-03-15,25-34,India,Individual,Email,Business
C08878,2025-10-08,25-34,United States,Small,Organic,Business
C08879,2025-09-29,35-44,India,Large,Google Ads,Individual
C08880,2025-06-13,35-44,Singapore,Medium,Referral,Business
C08881,2026-02-09,25-34,United Kingdom,Medium,Meta Ads,Individual
C08882,2025-03-19,18-24,United States,Large,Google Ads,Business
C08883,2025-07-16,45-54,India,Individual,Google Ads,Business
C08884,2026-03-28,45-54,India,Individual,Google Ads,Individual
C08885,2025-05-13,35-44,India,Individual,Google Ads,Business
C08886,2025-02-14,25-34,Canada,Individual,Organic,Individual
C08887,2025-08-17,55+,United States,Individual,Meta Ads,Business
C08888,2025-03-15,25-34,India,Medium,Partner,Individual
C08889,2025-11-02,45-54,India,Large,Organic,Individual
C08890,2026-01-10,25-34,India,Large,Organic,Individual
C08891,2025-07-29,55+,United States,Small,Google Ads,Individual
C08892,2025-05-10,35-44,Australia,Medium,Referral,Individual
C08893,2025-04-19,25-34,Singapore,Individual,Referral,Business
C08894,2025-11-01,25-34,United Kingdom,Individual,Referral,Business
C08895,2025-12-15,18-24,India,Individual,Google Ads,Individual
C08896,2025-11-10,25-34,India,Small,Meta Ads,Individual
C08897,2025-09-10,25-34,United Kingdom,Individual,Referral,Business
C08898,2026-02-25,45-54,United States,Large,Organic,Business
C08899,2026-03-23,45-54,India,Individual,Organic,Individual
C08900,2025-07-08,35-44,Canada,Individual,Organic,Individual
C08901,2025-04-13,55+,United States,Medium,Meta Ads,Individual
C08902,2025-04-15,25-34,India,Large,Referral,Individual
C08903,2025-09-21,55+,Singapore,Large,Google Ads,Individual
C08904,2025-07-02,35-44,Canada,Small,Referral,Individual
C08905,2025-03-28,45-54,United Kingdom,Medium,Google Ads,Individual
C08906,2025-07-25,25-34,Australia,Individual,Referral,Individual
C08907,2025-09-06,35-44,United States,Individual,Partner,Individual
C08908,2025-11-21,18-24,India,Small,Email,Individual
C08909,2025-06-05,45-54,India,Individual,Organic,Individual
C08910,2025-11-30,25-34,India,Small,Referral,Individual
C08911,2025-08-27,45-54,India,Small,Meta Ads,Individual
C08912,2026-03-06,45-54,India,Individual,Partner,Individual
C08913,2026-03-27,25-34,India,Small,Organic,Business
C08914,2025-06-29,35-44,Singapore,Small,Google Ads,Individual
C08915,2025-11-29,18-24,India,Individual,Organic,Individual
C08916,2025-01-27,35-44,India,Small,Referral,Business
C08917,2026-05-06,25-34,India,Small,Email,Business
C08918,2025-05-12,35-44,United Kingdom,Medium,Google Ads,Business
C08919,2025-09-07,45-54,United States,Individual,Referral,Business
C08920,2025-01-12,18-24,United States,Small,Referral,Individual
C08921,2026-01-24,45-54,Canada,Medium,Partner,Individual
C08922,2026-04-21,55+,India,Individual,Organic,Individual
C08923,2025-01-21,25-34,India,Large,Organic,Business
C08924,2025-03-02,25-34,Australia,Individual,Meta Ads,Individual
C08925,2025-02-12,35-44,United States,Individual,Partner,Individual
C08926,2026-04-16,25-34,United Kingdom,Large,Organic,Individual
C08927,2026-04-14,55+,India,Individual,Referral,Business
C08928,2026-01-29,45-54,United States,Small,Organic,Individual
C08929,2026-02-10,45-54,Canada,Small,Referral,Individual
C08930,2025-06-15,25-34,India,Individual,Partner,Business
C08931,2026-02-27,55+,United States,Small,Referral,Individual
C08932,2025-02-23,35-44,India,Individual,Meta Ads,Individual
C08933,2025-01-31,35-44,India,Individual,Referral,Individual
C08934,2025-12-15,45-54,India,Individual,Partner,Business
C08935,2025-08-26,35-44,India,Small,Organic,Individual
C08936,2025-12-20,25-34,United States,Individual,Google Ads,Business
C08937,2026-04-10,25-34,India,Small,Referral,Individual
C08938,2025-12-04,45-54,Singapore,Individual,Referral,Business
C08939,2025-10-25,35-44,India,Large,Email,Business
C08940,2025-03-13,35-44,United Kingdom,Small,Google Ads,Individual
C08941,2026-05-12,18-24,India,Medium,Organic,Individual
C08942,2025-09-16,25-34,Singapore,Small,Google Ads,Business
C08943,2026-03-18,25-34,India,Large,Partner,Business
C08944,2025-07-15,25-34,United States,Medium,Meta Ads,Business
C08945,2026-03-25,35-44,India,Large,Organic,Individual
C08946,2025-06-23,35-44,India,Small,Partner,Business
C08947,2025-07-31,25-34,United Kingdom,Large,Google Ads,Individual
C08948,2025-01-11,35-44,Singapore,Individual,Google Ads,Individual
C08949,2026-03-26,45-54,India,Individual,Meta Ads,Individual
C08950,2025-10-30,25-34,United States,Individual,Organic,Individual
C08951,2025-02-18,25-34,United States,Individual,Email,Individual
C08952,2025-04-07,55+,India,Individual,Meta Ads,Individual
C08953,2025-12-06,25-34,United States,Small,Partner,Individual
C08954,2025-05-01,35-44,United States,Medium,Organic,Individual
C08955,2025-03-24,35-44,Australia,Large,Referral,Individual
C08956,2025-05-23,45-54,India,Individual,Organic,Business
C08957,2026-03-29,45-54,United States,Individual,Organic,Individual
C08958,2025-12-11,25-34,India,Small,Email,Individual
C08959,2025-01-28,25-34,Singapore,Individual,Organic,Individual
C08960,2025-08-27,35-44,India,Individual,Referral,Individual
C08961,2026-01-20,45-54,India,Individual,Google Ads,Individual
C08962,2026-02-06,35-44,Australia,Individual,Organic,Individual
C08963,2025-04-12,35-44,United States,Large,Referral,Individual
C08964,2025-01-26,25-34,Australia,Medium,Partner,Individual
C08965,2025-07-28,25-34,India,Large,Meta Ads,Individual
C08966,2026-02-25,25-34,India,Large,Google Ads,Individual
C08967,2025-09-27,25-34,Singapore,Medium,Meta Ads,Business
C08968,2025-06-24,55+,India,Individual,Referral,Individual
C08969,2025-12-13,25-34,India,Individual,Organic,Individual
C08970,2026-03-22,25-34,Canada,Small,Google Ads,Business
C08971,2025-12-29,55+,United States,Small,Referral,Business
C08972,2025-10-17,18-24,India,Individual,Google Ads,Business
C08973,2026-01-30,25-34,Singapore,Individual,Meta Ads,Individual
C08974,2025-06-28,45-54,United States,Individual,Email,Business
C08975,2025-12-11,18-24,Australia,Individual,Organic,Individual
C08976,2025-02-18,25-34,India,Individual,Email,Individual
C08977,2026-04-24,25-34,United Kingdom,Small,Referral,Individual
C08978,2025-02-01,55+,United Kingdom,Medium,Meta Ads,Business
C08979,2025-09-07,35-44,India,Small,Meta Ads,Individual
C08980,2025-07-04,45-54,United States,Small,Referral,Individual
C08981,2025-03-09,35-44,United Kingdom,Individual,Google Ads,Individual
C08982,2026-02-13,25-34,Canada,Small,Meta Ads,Individual
C08983,2025-08-04,18-24,United States,Individual,Organic,Business
C08984,2025-12-04,25-34,United Kingdom,Individual,Organic,Business
C08985,2026-04-16,45-54,India,Medium,Organic,Individual
C08986,2025-03-09,45-54,United States,Individual,Meta Ads,Individual
C08987,2025-06-26,25-34,India,Small,Organic,Individual
C08988,2026-01-07,45-54,United Kingdom,Medium,Organic,Individual
C08989,2025-02-21,25-34,Singapore,Medium,Organic,Individual
C08990,2025-11-11,35-44,United Kingdom,Small,Organic,Individual
C08991,2025-05-29,25-34,United Kingdom,Small,Google Ads,Individual
C08992,2025-01-12,25-34,Canada,Individual,Organic,Individual
C08993,2025-09-15,45-54,United States,Individual,Organic,Individual
C08994,2025-08-07,35-44,Canada,Small,Partner,Business
C08995,2025-05-17,25-34,India,Individual,Meta Ads,Individual
C08996,2025-09-20,18-24,India,Small,Google Ads,Individual
C08997,2025-05-19,25-34,United Kingdom,Medium,Meta Ads,Individual
C08998,2026-02-02,45-54,India,Individual,Organic,Business
C08999,2025-01-06,35-44,United Kingdom,Individual,Google Ads,Business
C09000,2025-09-14,55+,United States,Large,Organic,Individual
C09001,2025-04-19,35-44,Australia,Small,Google Ads,Individual
C09002,2025-03-16,25-34,United States,Medium,Organic,Individual
C09003,2025-10-21,45-54,United Kingdom,Small,Organic,Individual
C09004,2026-04-16,25-34,United Kingdom,Individual,Partner,Individual
C09005,2025-03-29,35-44,United Kingdom,Individual,Meta Ads,Business
C09006,2026-03-12,25-34,India,Small,Email,Individual
C09007,2026-04-18,25-34,United States,Medium,Organic,Individual
C09008,2025-07-03,18-24,Singapore,Individual,Meta Ads,Individual
C09009,2025-07-28,45-54,United States,Large,Referral,Business
C09010,2025-10-28,55+,United States,Individual,Google Ads,Individual
C09011,2025-05-31,45-54,India,Medium,Meta Ads,Business
C09012,2025-04-02,55+,United States,Small,Email,Individual
C09013,2025-06-30,25-34,India,Individual,Meta Ads,Individual
C09014,2026-02-26,25-34,United States,Large,Email,Individual
C09015,2025-09-05,35-44,India,Medium,Email,Individual
C09016,2026-04-20,18-24,United Kingdom,Individual,Partner,Individual
C09017,2025-05-12,55+,India,Individual,Organic,Business
C09018,2025-03-26,35-44,India,Medium,Email,Individual
C09019,2025-02-13,35-44,India,Medium,Organic,Business
C09020,2025-01-12,25-34,Australia,Individual,Partner,Business
C09021,2025-11-23,35-44,Canada,Large,Meta Ads,Business
C09022,2025-01-29,25-34,India,Small,Email,Individual
C09023,2026-04-05,45-54,Canada,Individual,Organic,Business
C09024,2025-05-20,25-34,India,Medium,Meta Ads,Business
C09025,2026-03-01,35-44,India,Small,Referral,Individual
C09026,2026-04-10,35-44,Canada,Small,Organic,Business
C09027,2025-05-23,25-34,India,Individual,Google Ads,Individual
C09028,2025-04-19,25-34,United States,Small,Meta Ads,Individual
C09029,2025-10-04,18-24,Australia,Small,Referral,Individual
C09030,2025-07-06,35-44,United States,Large,Meta Ads,Business
C09031,2026-03-28,35-44,India,Small,Google Ads,Individual
C09032,2025-02-13,45-54,Singapore,Individual,Partner,Individual
C09033,2025-08-08,35-44,United Kingdom,Small,Email,Individual
C09034,2025-06-30,35-44,United Kingdom,Medium,Meta Ads,Business
C09035,2025-02-09,25-34,India,Medium,Referral,Individual
C09036,2025-01-05,45-54,India,Large,Referral,Individual
C09037,2025-10-09,25-34,India,Individual,Referral,Individual
C09038,2026-03-19,18-24,India,Medium,Meta Ads,Individual
C09039,2025-01-07,25-34,India,Individual,Meta Ads,Business
C09040,2025-07-04,25-34,Singapore,Medium,Meta Ads,Individual
C09041,2025-01-29,25-34,United Kingdom,Small,Email,Business
C09042,2025-07-12,25-34,United States,Individual,Google Ads,Individual
C09043,2025-01-16,18-24,United Kingdom,Individual,Google Ads,Individual
C09044,2025-02-11,25-34,India,Small,Email,Individual
C09045,2025-07-18,35-44,India,Small,Organic,Individual
C09046,2025-07-12,25-34,United Kingdom,Individual,Organic,Business
C09047,2025-12-23,45-54,India,Medium,Google Ads,Business
C09048,2026-03-28,35-44,United States,Individual,Partner,Individual
C09049,2025-06-27,55+,India,Medium,Meta Ads,Business
C09050,2025-12-18,18-24,United Kingdom,Small,Partner,Individual
C09051,2026-01-14,55+,Singapore,Individual,Organic,Individual
C09052,2025-02-01,35-44,India,Small,Meta Ads,Business
C09053,2025-12-04,35-44,India,Medium,Google Ads,Business
C09054,2025-03-19,35-44,Singapore,Medium,Organic,Individual
C09055,2026-03-03,18-24,India,Individual,Organic,Individual
C09056,2026-03-02,45-54,Singapore,Medium,Partner,Individual
C09057,2025-06-29,45-54,India,Individual,Organic,Business
C09058,2025-11-07,25-34,Singapore,Small,Organic,Individual
C09059,2025-04-07,25-34,Singapore,Small,Google Ads,Individual
C09060,2025-06-23,25-34,United Kingdom,Medium,Organic,Business
C09061,2025-08-30,45-54,India,Small,Email,Individual
C09062,2025-02-13,25-34,United States,Individual,Meta Ads,Individual
C09063,2025-11-04,25-34,India,Individual,Organic,Business
C09064,2026-01-24,35-44,Canada,Large,Partner,Individual
C09065,2026-03-09,25-34,India,Individual,Referral,Business
C09066,2026-04-28,25-34,India,Small,Partner,Individual
C09067,2025-07-18,35-44,United States,Large,Referral,Individual
C09068,2025-09-04,25-34,India,Small,Email,Individual
C09069,2025-04-22,25-34,Canada,Medium,Meta Ads,Individual
C09070,2025-04-26,35-44,India,Individual,Referral,Individual
C09071,2025-09-24,35-44,Singapore,Medium,Meta Ads,Individual
C09072,2026-01-12,55+,Australia,Small,Email,Individual
C09073,2025-04-01,45-54,United States,Individual,Partner,Individual
C09074,2025-07-01,45-54,India,Small,Google Ads,Business
C09075,2025-04-28,45-54,India,Individual,Meta Ads,Business
C09076,2026-03-29,25-34,Australia,Medium,Google Ads,Business
C09077,2025-07-12,25-34,India,Individual,Google Ads,Business
C09078,2026-03-20,45-54,United Kingdom,Small,Partner,Business
C09079,2025-10-20,35-44,India,Small,Google Ads,Individual
C09080,2025-06-09,35-44,United States,Medium,Google Ads,Individual
C09081,2026-04-29,18-24,India,Individual,Referral,Business
C09082,2026-02-20,35-44,Australia,Medium,Organic,Individual
C09083,2025-04-05,35-44,United States,Individual,Email,Individual
C09084,2025-09-18,35-44,India,Individual,Google Ads,Business
C09085,2026-05-02,35-44,India,Small,Organic,Individual
C09086,2026-01-14,25-34,India,Individual,Organic,Business
C09087,2025-10-29,35-44,India,Small,Google Ads,Individual
C09088,2025-01-10,25-34,United States,Individual,Organic,Individual
C09089,2026-03-02,25-34,India,Individual,Google Ads,Individual
C09090,2026-01-22,25-34,United States,Large,Organic,Individual
C09091,2025-06-21,35-44,Canada,Large,Partner,Individual
C09092,2025-03-27,45-54,Canada,Individual,Organic,Individual
C09093,2025-06-25,25-34,United Kingdom,Large,Organic,Individual
C09094,2026-03-30,45-54,United Kingdom,Individual,Referral,Business
C09095,2025-03-26,35-44,United Kingdom,Small,Email,Individual
C09096,2025-06-01,25-34,United Kingdom,Individual,Referral,Business
C09097,2025-12-11,18-24,Singapore,Medium,Google Ads,Business
C09098,2025-01-23,25-34,United Kingdom,Small,Google Ads,Business
C09099,2025-02-28,55+,India,Small,Organic,Individual
C09100,2025-09-05,35-44,United Kingdom,Medium,Meta Ads,Individual
C09101,2025-08-15,18-24,United States,Large,Organic,Individual
C09102,2026-04-14,45-54,United Kingdom,Small,Meta Ads,Individual
C09103,2025-09-04,55+,India,Medium,Referral,Individual
C09104,2025-07-11,25-34,Canada,Large,Google Ads,Individual
C09105,2026-03-27,35-44,India,Individual,Meta Ads,Business
C09106,2025-03-04,55+,Australia,Small,Organic,Individual
C09107,2026-04-17,25-34,Canada,Small,Partner,Business
C09108,2025-08-29,35-44,India,Small,Referral,Individual
C09109,2025-07-01,18-24,India,Large,Meta Ads,Individual
C09110,2025-12-28,55+,India,Individual,Referral,Business
C09111,2025-12-05,45-54,India,Individual,Referral,Individual
C09112,2025-08-15,35-44,United Kingdom,Small,Google Ads,Business
C09113,2025-09-29,45-54,United States,Large,Google Ads,Business
C09114,2025-12-21,25-34,United States,Individual,Referral,Business
C09115,2025-05-25,45-54,India,Individual,Meta Ads,Individual
C09116,2025-01-27,25-34,Australia,Individual,Organic,Individual
C09117,2025-03-18,35-44,India,Individual,Organic,Individual
C09118,2025-12-13,18-24,United Kingdom,Small,Meta Ads,Business
C09119,2025-02-03,25-34,India,Individual,Google Ads,Individual
C09120,2025-02-13,45-54,Australia,Individual,Google Ads,Individual
C09121,2025-11-21,35-44,Australia,Medium,Email,Individual
C09122,2025-06-15,45-54,India,Individual,Google Ads,Individual
C09123,2025-08-14,25-34,Australia,Medium,Referral,Business
C09124,2026-02-01,25-34,India,Individual,Google Ads,Individual
C09125,2026-05-06,25-34,United States,Large,Meta Ads,Business
C09126,2025-08-04,25-34,Australia,Individual,Referral,Individual
C09127,2025-07-28,35-44,United States,Individual,Referral,Business
C09128,2025-10-04,45-54,United States,Individual,Organic,Individual
C09129,2025-04-12,18-24,United States,Large,Email,Individual
C09130,2025-11-21,35-44,Singapore,Large,Organic,Individual
C09131,2025-10-09,45-54,India,Medium,Google Ads,Individual
C09132,2026-05-16,55+,Australia,Individual,Google Ads,Individual
C09133,2025-05-10,45-54,India,Individual,Meta Ads,Individual
C09134,2026-01-29,18-24,United States,Large,Referral,Individual
C09135,2026-03-05,25-34,India,Large,Partner,Individual
C09136,2025-09-23,18-24,United Kingdom,Small,Meta Ads,Business
C09137,2025-11-22,35-44,United Kingdom,Individual,Google Ads,Business
C09138,2025-09-28,18-24,Australia,Individual,Google Ads,Individual
C09139,2025-08-01,35-44,India,Small,Meta Ads,Individual
C09140,2025-09-19,45-54,Canada,Individual,Referral,Business
C09141,2026-03-03,25-34,United States,Small,Meta Ads,Individual
C09142,2025-01-16,25-34,United States,Small,Organic,Individual
C09143,2026-02-11,55+,Australia,Medium,Email,Individual
C09144,2025-05-02,55+,United States,Medium,Google Ads,Business
C09145,2026-01-21,25-34,India,Medium,Email,Individual
C09146,2025-04-13,18-24,India,Large,Meta Ads,Business
C09147,2026-04-23,35-44,Canada,Large,Organic,Business
C09148,2025-04-24,35-44,India,Medium,Organic,Individual
C09149,2025-08-23,25-34,India,Large,Referral,Individual
C09150,2026-04-21,45-54,United States,Individual,Email,Business
C09151,2026-01-05,45-54,India,Individual,Organic,Business
C09152,2025-11-13,35-44,United States,Individual,Meta Ads,Individual
C09153,2025-05-08,35-44,India,Medium,Referral,Individual
C09154,2026-03-02,25-34,Singapore,Individual,Referral,Individual
C09155,2025-09-22,25-34,Canada,Individual,Email,Individual
C09156,2025-08-04,25-34,India,Large,Referral,Business
C09157,2025-03-19,18-24,United States,Large,Partner,Business
C09158,2026-04-25,25-34,Canada,Individual,Google Ads,Individual
C09159,2025-08-03,35-44,Singapore,Small,Referral,Individual
C09160,2026-03-03,25-34,United Kingdom,Individual,Partner,Individual
C09161,2025-01-22,45-54,Australia,Medium,Referral,Individual
C09162,2025-03-15,25-34,India,Individual,Partner,Individual
C09163,2026-04-05,25-34,India,Small,Partner,Individual
C09164,2025-12-23,35-44,United States,Small,Referral,Individual
C09165,2025-01-14,45-54,India,Medium,Organic,Individual
C09166,2025-11-17,25-34,United Kingdom,Medium,Google Ads,Individual
C09167,2026-05-02,35-44,United States,Individual,Organic,Individual
C09168,2026-04-03,25-34,India,Large,Partner,Business
C09169,2026-02-10,25-34,Canada,Small,Meta Ads,Business
C09170,2026-01-16,35-44,India,Small,Organic,Business
C09171,2025-03-10,55+,Australia,Small,Organic,Individual
C09172,2025-01-05,35-44,India,Small,Meta Ads,Individual
C09173,2025-07-05,25-34,United States,Medium,Referral,Business
C09174,2026-01-23,25-34,United States,Medium,Organic,Business
C09175,2025-08-24,35-44,United States,Small,Meta Ads,Individual
C09176,2025-11-10,45-54,United Kingdom,Individual,Google Ads,Individual
C09177,2025-05-10,45-54,India,Individual,Referral,Individual
C09178,2025-05-22,25-34,United Kingdom,Small,Organic,Business
C09179,2026-02-03,35-44,India,Individual,Organic,Business
C09180,2025-11-23,35-44,India,Individual,Partner,Individual
C09181,2025-06-10,25-34,India,Individual,Meta Ads,Business
C09182,2025-03-22,25-34,India,Small,Organic,Individual
C09183,2025-02-20,45-54,United Kingdom,Small,Google Ads,Individual
C09184,2025-12-26,45-54,Canada,Medium,Referral,Individual
C09185,2025-09-05,35-44,India,Individual,Email,Individual
C09186,2025-03-09,18-24,United Kingdom,Medium,Organic,Business
C09187,2025-12-02,55+,United States,Medium,Meta Ads,Individual
C09188,2026-02-04,35-44,United Kingdom,Medium,Email,Individual
C09189,2025-06-22,25-34,India,Individual,Email,Individual
C09190,2025-03-14,18-24,India,Individual,Email,Individual
C09191,2025-06-03,18-24,India,Large,Meta Ads,Individual
C09192,2026-01-13,35-44,Australia,Medium,Email,Individual
C09193,2025-10-24,35-44,Singapore,Individual,Referral,Individual
C09194,2025-11-05,25-34,Canada,Small,Referral,Individual
C09195,2025-07-03,55+,India,Individual,Meta Ads,Individual
C09196,2025-04-19,25-34,India,Medium,Referral,Individual
C09197,2025-01-11,25-34,Australia,Individual,Meta Ads,Individual
C09198,2025-07-09,25-34,United States,Medium,Meta Ads,Business
C09199,2025-09-12,35-44,India,Individual,Organic,Business
C09200,2025-08-18,55+,United Kingdom,Individual,Meta Ads,Business
C09201,2025-10-18,18-24,United States,Individual,Organic,Individual
C09202,2026-02-13,45-54,Canada,Individual,Google Ads,Individual
C09203,2026-01-02,25-34,India,Individual,Organic,Individual
C09204,2025-03-12,18-24,Canada,Small,Referral,Individual
C09205,2026-02-24,35-44,India,Small,Meta Ads,Individual
C09206,2025-04-11,55+,Singapore,Small,Email,Individual
C09207,2025-10-05,25-34,Australia,Individual,Organic,Individual
C09208,2025-11-28,45-54,United Kingdom,Small,Email,Business
C09209,2026-03-29,45-54,United States,Individual,Organic,Individual
C09210,2025-11-25,35-44,Australia,Individual,Meta Ads,Individual
C09211,2025-11-30,45-54,India,Small,Meta Ads,Individual
C09212,2025-07-11,35-44,India,Medium,Organic,Business
C09213,2025-07-20,18-24,Canada,Individual,Organic,Business
C09214,2026-01-08,18-24,United States,Individual,Partner,Individual
C09215,2025-10-06,35-44,Australia,Large,Email,Individual
C09216,2026-01-27,25-34,India,Individual,Referral,Individual
C09217,2025-11-27,25-34,India,Individual,Organic,Individual
C09218,2025-01-24,25-34,Australia,Individual,Meta Ads,Business
C09219,2025-09-17,35-44,United States,Individual,Organic,Individual
C09220,2025-08-03,35-44,Singapore,Individual,Organic,Individual
C09221,2025-07-24,45-54,India,Individual,Organic,Business
C09222,2025-12-03,55+,India,Small,Google Ads,Business
C09223,2025-06-03,45-54,Australia,Small,Organic,Individual
C09224,2026-02-22,25-34,India,Individual,Organic,Individual
C09225,2026-01-17,25-34,United States,Individual,Google Ads,Business
C09226,2025-05-12,35-44,India,Large,Referral,Business
C09227,2026-04-04,55+,India,Medium,Meta Ads,Business
C09228,2026-02-17,35-44,Singapore,Individual,Organic,Business
C09229,2025-02-11,18-24,Canada,Small,Organic,Individual
C09230,2025-10-12,25-34,India,Individual,Google Ads,Business
C09231,2025-03-21,55+,United States,Individual,Google Ads,Individual
C09232,2026-04-27,25-34,Canada,Individual,Meta Ads,Individual
C09233,2025-05-28,25-34,India,Medium,Partner,Individual
C09234,2025-03-22,25-34,India,Individual,Organic,Individual
C09235,2025-07-04,55+,Australia,Small,Referral,Individual
C09236,2025-02-19,55+,United Kingdom,Small,Referral,Business
C09237,2025-12-18,18-24,India,Individual,Organic,Individual
C09238,2026-05-06,55+,Australia,Individual,Meta Ads,Business
C09239,2025-03-27,35-44,India,Individual,Meta Ads,Individual
C09240,2026-01-22,25-34,India,Medium,Referral,Individual
C09241,2025-05-09,45-54,India,Individual,Google Ads,Individual
C09242,2025-07-20,25-34,United Kingdom,Individual,Meta Ads,Business
C09243,2025-05-09,25-34,Canada,Individual,Partner,Business
C09244,2026-04-17,45-54,Singapore,Individual,Email,Individual
C09245,2025-08-02,55+,India,Individual,Organic,Individual
C09246,2025-12-31,25-34,India,Small,Partner,Individual
C09247,2025-05-11,45-54,India,Small,Google Ads,Individual
C09248,2025-08-04,35-44,United Kingdom,Small,Meta Ads,Business
C09249,2025-06-17,55+,India,Individual,Google Ads,Individual
C09250,2026-01-12,25-34,United States,Individual,Organic,Business
C09251,2026-05-06,45-54,Singapore,Medium,Google Ads,Business
C09252,2025-01-30,25-34,India,Individual,Partner,Business
C09253,2025-02-24,25-34,India,Individual,Partner,Individual
C09254,2025-01-04,35-44,India,Small,Google Ads,Individual
C09255,2025-11-23,25-34,India,Individual,Meta Ads,Individual
C09256,2025-09-22,35-44,India,Individual,Meta Ads,Business
C09257,2025-01-10,35-44,India,Small,Organic,Business
C09258,2025-03-13,45-54,Australia,Small,Google Ads,Individual
C09259,2025-01-23,25-34,Australia,Small,Meta Ads,Individual
C09260,2025-09-01,25-34,India,Individual,Partner,Business
C09261,2025-07-15,45-54,Australia,Individual,Google Ads,Individual
C09262,2025-06-27,18-24,Australia,Individual,Organic,Individual
C09263,2025-06-13,45-54,India,Individual,Referral,Business
C09264,2025-08-01,25-34,India,Individual,Organic,Business
C09265,2025-10-25,18-24,Australia,Medium,Referral,Individual
C09266,2025-08-29,25-34,India,Individual,Email,Business
C09267,2025-12-14,25-34,India,Medium,Organic,Individual
C09268,2025-12-16,25-34,India,Small,Organic,Business
C09269,2025-01-10,25-34,United States,Medium,Referral,Business
C09270,2026-05-15,25-34,India,Individual,Partner,Individual
C09271,2026-04-13,35-44,United States,Individual,Referral,Business
C09272,2026-01-12,35-44,United States,Small,Referral,Individual
C09273,2026-02-05,45-54,India,Large,Google Ads,Individual
C09274,2025-08-22,35-44,Canada,Individual,Partner,Business
C09275,2025-04-08,55+,India,Individual,Meta Ads,Business
C09276,2026-03-21,25-34,United States,Individual,Referral,Business
C09277,2025-07-03,25-34,United States,Small,Referral,Individual
C09278,2025-03-24,55+,United States,Medium,Referral,Individual
C09279,2025-08-03,45-54,India,Individual,Partner,Individual
C09280,2026-04-18,25-34,India,Large,Meta Ads,Individual
C09281,2025-10-27,45-54,India,Small,Google Ads,Business
C09282,2025-11-03,25-34,United States,Small,Meta Ads,Individual
C09283,2025-11-21,25-34,India,Small,Organic,Individual
C09284,2025-04-30,55+,Canada,Small,Email,Business
C09285,2025-08-23,45-54,Canada,Small,Organic,Individual
C09286,2025-09-09,18-24,Canada,Individual,Google Ads,Business
C09287,2025-02-03,45-54,India,Individual,Organic,Business
C09288,2025-02-17,25-34,India,Individual,Referral,Individual
C09289,2025-03-25,35-44,India,Small,Organic,Individual
C09290,2025-11-13,45-54,India,Individual,Meta Ads,Individual
C09291,2025-12-25,18-24,United States,Individual,Organic,Individual
C09292,2025-02-07,35-44,Canada,Individual,Meta Ads,Individual
C09293,2026-01-08,45-54,United Kingdom,Individual,Referral,Individual
C09294,2025-09-14,18-24,India,Medium,Referral,Individual
C09295,2025-05-11,25-34,India,Large,Organic,Individual
C09296,2025-05-01,45-54,Canada,Individual,Organic,Business
C09297,2025-05-25,45-54,India,Individual,Meta Ads,Individual
C09298,2026-04-06,35-44,Australia,Medium,Partner,Individual
C09299,2025-04-24,25-34,India,Individual,Referral,Individual
C09300,2025-06-27,45-54,India,Large,Referral,Business
C09301,2025-10-03,25-34,India,Individual,Google Ads,Business
C09302,2026-04-20,25-34,United States,Medium,Google Ads,Business
C09303,2026-02-26,25-34,Singapore,Individual,Organic,Business
C09304,2025-02-02,18-24,United Kingdom,Medium,Email,Business
C09305,2026-04-30,45-54,India,Small,Referral,Business
C09306,2025-04-03,25-34,United Kingdom,Large,Referral,Individual
C09307,2026-01-31,25-34,United States,Medium,Organic,Business
C09308,2025-06-10,25-34,United States,Medium,Meta Ads,Individual
C09309,2025-02-18,25-34,India,Small,Meta Ads,Individual
C09310,2025-03-25,25-34,United States,Individual,Referral,Business
C09311,2025-11-01,45-54,United States,Medium,Meta Ads,Individual
C09312,2025-11-04,55+,India,Individual,Organic,Business
C09313,2025-11-02,25-34,Australia,Small,Meta Ads,Business
C09314,2025-04-26,25-34,Australia,Individual,Email,Individual
C09315,2025-02-28,35-44,India,Individual,Meta Ads,Business
C09316,2026-01-05,25-34,India,Individual,Google Ads,Individual
C09317,2026-03-02,25-34,Canada,Small,Organic,Business
C09318,2026-01-30,25-34,Australia,Large,Referral,Individual
C09319,2026-01-12,25-34,United States,Small,Organic,Individual
C09320,2025-04-22,25-34,Singapore,Small,Partner,Individual
C09321,2025-05-06,25-34,United Kingdom,Individual,Email,Individual
C09322,2025-10-11,55+,India,Large,Email,Individual
C09323,2025-05-07,45-54,Australia,Medium,Referral,Individual
C09324,2025-09-30,18-24,United States,Individual,Partner,Individual
C09325,2025-08-14,18-24,Singapore,Individual,Organic,Individual
C09326,2026-04-02,45-54,Canada,Medium,Google Ads,Individual
C09327,2025-02-12,45-54,United Kingdom,Individual,Organic,Individual
C09328,2026-01-13,18-24,India,Small,Organic,Individual
C09329,2025-07-27,35-44,United Kingdom,Individual,Email,Individual
C09330,2025-06-24,35-44,United Kingdom,Individual,Google Ads,Individual
C09331,2025-09-19,35-44,United Kingdom,Individual,Referral,Business
C09332,2025-05-26,35-44,United States,Individual,Partner,Individual
C09333,2026-04-25,45-54,United Kingdom,Large,Meta Ads,Business
C09334,2025-11-02,18-24,India,Small,Meta Ads,Business
C09335,2026-03-20,35-44,Australia,Individual,Meta Ads,Business
C09336,2025-10-30,55+,United States,Small,Referral,Individual
C09337,2025-07-14,18-24,Singapore,Small,Partner,Individual
C09338,2025-11-20,35-44,India,Individual,Organic,Individual
C09339,2025-09-12,35-44,India,Medium,Google Ads,Individual
C09340,2026-01-31,35-44,Singapore,Medium,Google Ads,Business
C09341,2025-11-16,35-44,India,Individual,Email,Individual
C09342,2025-07-07,35-44,United States,Large,Email,Business
C09343,2026-01-14,45-54,United Kingdom,Individual,Organic,Individual
C09344,2026-02-19,25-34,United Kingdom,Large,Organic,Individual
C09345,2026-04-03,45-54,United States,Large,Organic,Business
C09346,2025-10-25,35-44,Canada,Large,Organic,Business
C09347,2025-10-04,45-54,United States,Medium,Google Ads,Individual
C09348,2025-07-14,45-54,India,Individual,Email,Individual
C09349,2025-07-13,25-34,Canada,Medium,Meta Ads,Individual
C09350,2025-07-03,35-44,Canada,Individual,Organic,Individual
C09351,2025-07-18,25-34,India,Large,Organic,Individual
C09352,2026-01-30,55+,United States,Medium,Organic,Business
C09353,2025-05-16,25-34,United Kingdom,Individual,Referral,Individual
C09354,2025-11-20,25-34,Australia,Individual,Google Ads,Individual
C09355,2025-11-06,25-34,United Kingdom,Large,Partner,Business
C09356,2025-01-19,18-24,India,Individual,Organic,Individual
C09357,2025-05-14,25-34,India,Individual,Organic,Individual
C09358,2025-12-04,35-44,Canada,Individual,Organic,Business
C09359,2025-10-25,35-44,United States,Medium,Organic,Individual
C09360,2026-03-22,18-24,India,Medium,Organic,Individual
C09361,2025-07-15,45-54,India,Individual,Meta Ads,Business
C09362,2025-07-27,35-44,India,Large,Organic,Business
C09363,2025-06-28,18-24,India,Small,Referral,Business
C09364,2026-01-28,25-34,United States,Individual,Meta Ads,Individual
C09365,2025-05-07,25-34,Singapore,Large,Meta Ads,Individual
C09366,2025-01-09,35-44,Singapore,Individual,Organic,Individual
C09367,2025-07-26,45-54,India,Individual,Partner,Individual
C09368,2026-01-23,35-44,United States,Small,Partner,Individual
C09369,2026-01-17,25-34,India,Individual,Google Ads,Individual
C09370,2025-07-12,45-54,India,Small,Referral,Business
C09371,2025-11-26,35-44,India,Individual,Referral,Individual
C09372,2025-01-24,25-34,India,Small,Google Ads,Individual
C09373,2025-11-17,35-44,India,Small,Google Ads,Individual
C09374,2025-10-10,25-34,Singapore,Small,Organic,Individual
C09375,2025-07-17,35-44,United States,Small,Referral,Business
C09376,2026-03-13,45-54,India,Individual,Partner,Business
C09377,2025-02-26,18-24,Canada,Individual,Referral,Business
C09378,2025-10-02,25-34,Australia,Individual,Meta Ads,Business
C09379,2025-06-07,45-54,India,Individual,Email,Business
C09380,2025-03-16,35-44,India,Individual,Meta Ads,Individual
C09381,2025-10-10,18-24,United States,Medium,Partner,Individual
C09382,2025-01-19,45-54,United States,Small,Partner,Individual
C09383,2025-07-22,25-34,United States,Small,Organic,Individual
C09384,2025-03-31,35-44,Australia,Individual,Email,Individual
C09385,2025-06-25,25-34,United Kingdom,Individual,Organic,Individual
C09386,2026-05-11,45-54,India,Individual,Organic,Individual
C09387,2025-06-23,18-24,United States,Medium,Meta Ads,Individual
C09388,2025-10-28,35-44,India,Large,Meta Ads,Business
C09389,2025-05-05,25-34,India,Small,Google Ads,Individual
C09390,2025-04-05,45-54,Canada,Individual,Google Ads,Individual
C09391,2025-06-23,25-34,India,Medium,Organic,Individual
C09392,2025-05-28,55+,India,Individual,Organic,Individual
C09393,2025-07-23,25-34,India,Individual,Referral,Business
C09394,2025-06-04,25-34,India,Large,Google Ads,Business
C09395,2026-03-24,25-34,India,Medium,Google Ads,Individual
C09396,2025-12-05,35-44,India,Individual,Referral,Individual
C09397,2025-03-03,35-44,India,Small,Organic,Business
C09398,2026-04-28,35-44,United States,Individual,Meta Ads,Individual
C09399,2025-04-07,25-34,India,Large,Organic,Individual
C09400,2025-10-14,35-44,Australia,Individual,Organic,Individual
C09401,2025-09-17,18-24,United States,Medium,Referral,Individual
C09402,2025-05-31,25-34,India,Large,Referral,Business
C09403,2025-10-25,35-44,United Kingdom,Small,Google Ads,Business
C09404,2025-02-28,35-44,India,Medium,Email,Individual
C09405,2025-06-28,25-34,Canada,Individual,Organic,Individual
C09406,2025-09-27,25-34,United States,Small,Google Ads,Individual
C09407,2026-02-07,45-54,India,Individual,Organic,Business
C09408,2025-03-05,35-44,United States,Small,Partner,Individual
C09409,2025-04-25,25-34,Singapore,Individual,Organic,Individual
C09410,2025-10-01,45-54,India,Small,Referral,Business
C09411,2025-05-23,35-44,India,Individual,Google Ads,Business
C09412,2025-02-19,35-44,United States,Small,Meta Ads,Business
C09413,2025-09-09,45-54,United States,Small,Referral,Individual
C09414,2025-02-13,18-24,Singapore,Individual,Referral,Individual
C09415,2025-02-14,35-44,United States,Small,Organic,Individual
C09416,2026-01-01,25-34,United States,Large,Organic,Individual
C09417,2025-07-10,25-34,Canada,Large,Email,Individual
C09418,2026-01-06,25-34,India,Medium,Google Ads,Individual
C09419,2025-11-13,35-44,United States,Medium,Google Ads,Individual
C09420,2026-05-02,55+,Australia,Medium,Partner,Business
C09421,2025-03-29,35-44,United Kingdom,Small,Partner,Business
C09422,2026-04-02,25-34,India,Medium,Partner,Individual
C09423,2026-01-19,45-54,Canada,Large,Meta Ads,Individual
C09424,2025-06-06,45-54,Singapore,Medium,Google Ads,Business
C09425,2026-05-07,25-34,United Kingdom,Individual,Organic,Individual
C09426,2025-12-17,18-24,India,Small,Google Ads,Business
C09427,2025-04-26,35-44,United States,Small,Meta Ads,Business
C09428,2025-02-04,35-44,India,Individual,Meta Ads,Business
C09429,2025-05-17,25-34,Singapore,Small,Email,Individual
C09430,2025-07-18,55+,India,Individual,Referral,Individual
C09431,2025-07-01,45-54,Australia,Individual,Google Ads,Individual
C09432,2025-11-23,35-44,Canada,Individual,Google Ads,Business
C09433,2025-09-05,35-44,India,Individual,Meta Ads,Individual
C09434,2025-12-05,25-34,Australia,Individual,Organic,Individual
C09435,2025-11-22,25-34,United States,Medium,Organic,Individual
C09436,2025-09-03,25-34,Singapore,Large,Organic,Individual
C09437,2025-05-08,18-24,United States,Medium,Google Ads,Business
C09438,2026-01-31,25-34,United States,Medium,Referral,Business
C09439,2025-12-05,35-44,India,Individual,Referral,Business
C09440,2025-05-16,45-54,United States,Small,Referral,Business
C09441,2025-10-15,45-54,India,Individual,Partner,Individual
C09442,2025-10-12,25-34,India,Small,Meta Ads,Individual
C09443,2025-10-16,25-34,India,Small,Referral,Business
C09444,2025-12-24,25-34,India,Individual,Organic,Individual
C09445,2026-04-02,35-44,India,Individual,Google Ads,Business
C09446,2025-01-25,25-34,India,Medium,Google Ads,Business
C09447,2026-03-16,35-44,India,Individual,Google Ads,Individual
C09448,2026-04-01,45-54,Singapore,Small,Organic,Individual
C09449,2025-10-01,25-34,United Kingdom,Individual,Referral,Business
C09450,2025-11-21,45-54,United States,Medium,Email,Individual
C09451,2025-04-10,55+,Australia,Individual,Referral,Individual
C09452,2025-01-26,18-24,Canada,Individual,Partner,Business
C09453,2025-08-01,18-24,India,Small,Organic,Individual
C09454,2026-01-25,35-44,United States,Small,Google Ads,Business
C09455,2026-02-26,35-44,India,Medium,Google Ads,Business
C09456,2026-02-18,18-24,Singapore,Individual,Organic,Business
C09457,2025-06-28,25-34,Australia,Individual,Referral,Individual
C09458,2025-07-03,55+,India,Small,Organic,Business
C09459,2025-06-20,25-34,India,Individual,Referral,Individual
C09460,2025-03-30,35-44,India,Small,Referral,Business
C09461,2025-01-30,25-34,Canada,Individual,Organic,Individual
C09462,2026-02-11,35-44,India,Individual,Referral,Business
C09463,2025-11-28,45-54,United States,Medium,Organic,Individual
C09464,2025-01-09,25-34,Australia,Individual,Meta Ads,Individual
C09465,2025-05-20,35-44,Canada,Small,Email,Business
C09466,2025-09-07,35-44,United States,Individual,Referral,Business
C09467,2025-02-19,35-44,India,Individual,Meta Ads,Business
C09468,2026-02-26,35-44,Australia,Individual,Referral,Business
C09469,2026-01-18,18-24,United States,Small,Organic,Business
C09470,2025-08-26,18-24,United States,Individual,Google Ads,Business
C09471,2026-03-08,55+,Singapore,Individual,Google Ads,Individual
C09472,2026-04-27,25-34,Singapore,Small,Partner,Individual
C09473,2025-12-17,25-34,Singapore,Individual,Organic,Individual
C09474,2026-01-29,25-34,India,Individual,Partner,Individual
C09475,2025-03-26,35-44,India,Large,Meta Ads,Individual
C09476,2025-02-02,25-34,Australia,Small,Google Ads,Business
C09477,2026-02-23,45-54,United States,Small,Organic,Business
C09478,2025-04-20,45-54,United States,Small,Organic,Individual
C09479,2026-02-25,55+,India,Medium,Partner,Individual
C09480,2025-07-30,25-34,,Medium,Meta Ads,Business
C09481,2025-01-17,25-34,United States,Small,Partner,Individual
C09482,2025-05-28,25-34,United States,Individual,Organic,Individual
C09483,2026-04-01,25-34,India,Individual,Google Ads,Business
C09484,2026-04-19,35-44,India,Small,Referral,Individual
C09485,2025-06-17,45-54,India,Individual,Email,Business
C09486,2025-09-30,18-24,India,Individual,Google Ads,Individual
C09487,2026-03-17,35-44,Canada,Individual,Meta Ads,Business
C09488,2026-02-11,35-44,India,Small,Google Ads,Individual
C09489,2025-08-31,25-34,Canada,Individual,Google Ads,Individual
C09490,2025-11-27,25-34,India,Small,Google Ads,Business
C09491,2025-04-18,35-44,India,Individual,Referral,Individual
C09492,2026-02-17,45-54,India,Individual,Google Ads,Business
C09493,2025-03-23,25-34,India,Individual,Email,Individual
C09494,2025-07-16,45-54,Australia,Large,Organic,Individual
C09495,2026-02-07,45-54,India,Large,Google Ads,Individual
C09496,2025-10-31,35-44,United States,Small,Organic,Individual
C09497,2025-11-24,35-44,United Kingdom,Small,Google Ads,Business
C09498,2025-09-04,35-44,United States,Small,Meta Ads,Individual
C09499,2026-01-05,45-54,India,Medium,Google Ads,Individual
C09500,2025-05-20,25-34,Canada,Individual,Google Ads,Individual
C09501,2025-02-27,35-44,Canada,Individual,Partner,Individual
C09502,2026-03-04,45-54,United Kingdom,Individual,Meta Ads,Individual
C09503,2026-01-26,25-34,India,Large,Google Ads,Individual
C09504,2025-12-19,45-54,Australia,Large,Partner,Individual
C09505,2025-03-27,35-44,United Kingdom,Individual,Organic,Individual
C09506,2026-03-20,18-24,India,Medium,Referral,Individual
C09507,2025-10-26,25-34,India,Small,Organic,Business
C09508,2026-02-26,18-24,India,Small,Meta Ads,Business
C09509,2025-08-12,25-34,India,Small,Partner,Business
C09510,2025-08-15,25-34,Australia,Medium,Meta Ads,Individual
C09511,2025-08-04,18-24,Australia,Small,Meta Ads,Individual
C09512,2025-08-18,25-34,India,Medium,Meta Ads,Business
C09513,2025-10-09,55+,United States,Small,Organic,Individual
C09514,2025-02-26,45-54,India,Medium,Google Ads,Individual
C09515,2025-09-07,25-34,India,Individual,Partner,Business
C09516,2025-10-12,25-34,India,Individual,Google Ads,Individual
C09517,2025-08-01,45-54,Australia,Large,Referral,Individual
C09518,2026-03-26,18-24,United States,Medium,Organic,Business
C09519,2025-11-06,25-34,United States,Small,Partner,Individual
C09520,2025-12-18,35-44,India,Individual,Google Ads,Individual
C09521,2025-01-09,25-34,India,Small,Google Ads,Business
C09522,2025-07-17,18-24,United States,Large,Referral,Individual
C09523,2025-01-13,45-54,India,Small,Partner,Individual
C09524,2025-04-12,25-34,United Kingdom,Individual,Organic,Individual
C09525,2025-08-25,35-44,United Kingdom,Medium,Organic,Individual
C09526,2025-01-28,35-44,United Kingdom,Individual,Google Ads,Individual
C09527,2026-02-06,45-54,Canada,Individual,Referral,Individual
C09528,2025-11-01,35-44,India,Medium,Organic,Individual
C09529,2026-01-02,45-54,United Kingdom,Individual,Meta Ads,Individual
C09530,2026-02-14,25-34,India,Small,Google Ads,Business
C09531,2026-04-02,35-44,Australia,Large,Partner,Business
C09532,2025-02-11,45-54,United States,Small,Organic,Business
C09533,2025-08-29,25-34,United States,Individual,Organic,Individual
C09534,2025-03-08,25-34,India,Small,Referral,Business
C09535,2025-08-10,25-34,India,Small,Meta Ads,Individual
C09536,2025-07-22,25-34,India,Medium,Partner,Individual
C09537,2026-05-10,35-44,India,Large,Referral,Business
C09538,2026-05-08,25-34,Singapore,Small,Meta Ads,Individual
C09539,2026-05-08,25-34,Singapore,Medium,Email,Individual
C09540,2025-08-30,45-54,India,Medium,Organic,Business
C09541,2026-03-26,35-44,India,Medium,Google Ads,Individual
C09542,2026-01-30,25-34,India,Individual,Google Ads,Individual
C09543,2026-04-25,25-34,India,Individual,Organic,Business
C09544,2026-03-14,45-54,Australia,Individual,Meta Ads,Individual
C09545,2026-02-15,25-34,United States,Individual,Organic,Individual
C09546,2025-07-29,25-34,Australia,Medium,Referral,Business
C09547,2025-01-07,45-54,India,Individual,Meta Ads,Individual
C09548,2025-10-12,18-24,India,Individual,Organic,Business
C09549,2025-07-04,25-34,India,Individual,Google Ads,Individual
C09550,2026-04-15,55+,United Kingdom,Individual,Organic,Individual
C09551,2025-03-16,18-24,India,Medium,Meta Ads,Individual
C09552,2025-09-01,35-44,United States,Individual,Organic,Individual
C09553,2025-12-14,55+,United States,Individual,Organic,Business
C09554,2025-01-27,35-44,India,Small,Google Ads,Individual
C09555,2026-02-26,45-54,India,Medium,Organic,Individual
C09556,2025-04-21,55+,Singapore,Medium,Email,Business
C09557,2025-06-22,18-24,United States,Individual,Google Ads,Business
C09558,2026-04-21,35-44,United States,Medium,Google Ads,Individual
C09559,2025-08-09,35-44,India,Individual,Referral,Individual
C09560,2025-09-17,45-54,Australia,Large,Partner,Business
C09561,2025-05-06,45-54,India,Individual,Google Ads,Business
C09562,2026-03-07,35-44,India,Small,Organic,Individual
C09563,2026-03-30,18-24,United Kingdom,Small,Referral,Business
C09564,2026-01-11,18-24,India,Small,Google Ads,Individual
C09565,2026-05-10,45-54,Singapore,Small,Organic,Individual
C09566,2025-07-12,25-34,United Kingdom,Medium,Referral,Individual
C09567,2026-01-15,35-44,Canada,Small,Meta Ads,Business
C09568,2025-03-24,18-24,Singapore,Individual,Referral,Business
C09569,2025-06-10,35-44,India,Medium,Partner,Business
C09570,2025-08-10,45-54,United Kingdom,Individual,Referral,Individual
C09571,2025-10-02,45-54,United States,Individual,Meta Ads,Individual
C09572,2025-04-06,25-34,Australia,Individual,Meta Ads,Individual
C09573,2025-07-26,25-34,India,Individual,Email,Individual
C09574,2025-07-19,25-34,United States,Small,Referral,Business
C09575,2025-04-05,18-24,India,Individual,Referral,Individual
C09576,2025-09-02,45-54,Australia,Small,Meta Ads,Individual
C09577,2025-02-07,45-54,India,Individual,Partner,Individual
C09578,2025-12-25,18-24,India,Individual,Referral,Business
C09579,2026-03-25,18-24,India,Individual,Referral,Individual
C09580,2025-03-31,18-24,Australia,Individual,Referral,Business
C09581,2025-09-02,25-34,India,Individual,Meta Ads,Business
C09582,2025-09-26,25-34,United States,Medium,Referral,Business
C09583,2025-12-09,45-54,India,Individual,Organic,Individual
C09584,2025-07-14,25-34,Singapore,Medium,Google Ads,Individual
C09585,2025-12-26,25-34,United States,Small,Organic,Individual
C09586,2025-04-12,45-54,United Kingdom,Individual,Referral,Business
C09587,2025-10-17,35-44,India,Large,Organic,Business
C09588,2025-06-11,45-54,India,Small,Google Ads,Business
C09589,2026-02-24,45-54,Singapore,Individual,Meta Ads,Business
C09590,2026-02-13,35-44,United States,Individual,Google Ads,Individual
C09591,2025-04-19,25-34,India,Individual,Email,Individual
C09592,2025-06-20,35-44,United States,Small,Referral,Individual
C09593,2025-10-30,18-24,India,Individual,Partner,Business
C09594,2025-02-07,25-34,India,Individual,Email,Business
C09595,2026-04-12,55+,United Kingdom,Small,Organic,Individual
C09596,2025-05-23,18-24,India,Medium,Organic,Individual
C09597,2025-10-22,18-24,United States,Individual,Google Ads,Individual
C09598,2025-07-27,25-34,United States,Large,Email,Business
C09599,2026-03-10,55+,United States,Individual,Referral,Business
C09600,2025-10-15,35-44,United Kingdom,Small,Organic,Individual
C09601,2025-11-03,18-24,Singapore,Individual,Organic,Individual
C09602,2026-01-14,35-44,Canada,Individual,Organic,Business
C09603,2026-03-20,55+,United Kingdom,Medium,Referral,Individual
C09604,2025-03-04,35-44,United States,Small,Meta Ads,Business
C09605,2025-04-23,25-34,India,Large,Organic,Individual
C09606,2026-01-20,35-44,India,Individual,Partner,Individual
C09607,2026-03-22,35-44,United Kingdom,Small,Partner,Business
C09608,2025-02-28,25-34,India,Medium,Google Ads,Business
C09609,2025-05-08,35-44,United Kingdom,Medium,Email,Business
C09610,2025-10-20,25-34,United States,Small,Partner,Business
C09611,2026-03-25,25-34,United Kingdom,Individual,Referral,Individual
C09612,2025-07-04,25-34,United States,Individual,Meta Ads,Individual
C09613,2026-02-07,18-24,United States,Medium,Organic,Business
C09614,2025-08-09,45-54,Singapore,Individual,Referral,Individual
C09615,2025-07-30,25-34,United Kingdom,Individual,Organic,Individual
C09616,2025-02-24,35-44,India,Individual,Meta Ads,Individual
C09617,2025-02-15,35-44,United Kingdom,Small,Google Ads,Individual
C09618,2025-04-01,35-44,India,Individual,Google Ads,Individual
C09619,2025-12-02,25-34,United States,Small,Referral,Individual
C09620,2026-03-24,25-34,India,Individual,Organic,Business
C09621,2025-11-24,35-44,Australia,Individual,Meta Ads,Individual
C09622,2025-07-01,45-54,United States,Small,Referral,Individual
C09623,2026-03-22,45-54,India,Medium,Organic,Individual
C09624,2026-02-24,18-24,Canada,Large,Meta Ads,Individual
C09625,2025-06-12,25-34,India,Medium,Meta Ads,Business
C09626,2025-03-28,25-34,India,Small,Partner,Business
C09627,2026-03-20,35-44,United Kingdom,Small,Google Ads,Business
C09628,2026-04-18,25-34,United States,Medium,Organic,Individual
C09629,2025-10-16,45-54,India,Individual,Partner,Individual
C09630,2025-07-04,25-34,Singapore,Large,Organic,Individual
C09631,2025-04-07,25-34,United States,Medium,Google Ads,Individual
C09632,2025-06-13,35-44,,Small,Referral,Individual
C09633,2026-02-20,18-24,India,Individual,Referral,Individual
C09634,2026-02-04,45-54,United Kingdom,Large,Partner,Business
C09635,2025-04-03,45-54,India,Individual,Organic,Individual
C09636,2025-05-28,55+,India,Small,Meta Ads,Individual
C09637,2026-03-12,35-44,India,Individual,Partner,Individual
C09638,2025-12-05,45-54,Singapore,Individual,Meta Ads,Business
C09639,2026-04-07,35-44,United States,Medium,Referral,Individual
C09640,2025-12-12,35-44,United States,Medium,Google Ads,Individual
C09641,2025-04-18,25-34,India,Individual,Organic,Business
C09642,2025-02-19,45-54,Canada,Small,Google Ads,Individual
C09643,2025-06-03,18-24,India,Individual,Organic,Business
C09644,2026-03-05,45-54,India,Large,Google Ads,Individual
C09645,2025-02-25,55+,India,Individual,Email,Business
C09646,2025-11-15,25-34,India,Medium,Organic,Business
C09647,2025-03-11,25-34,India,Small,Email,Business
C09648,2025-12-28,35-44,India,Medium,Email,Business
C09649,2026-01-23,35-44,United States,Large,Email,Business
C09650,2026-01-10,25-34,India,Small,Google Ads,Business
C09651,2025-03-26,25-34,India,Individual,Referral,Business
C09652,2025-02-10,45-54,United States,Small,Partner,Business
C09653,2025-12-21,25-34,India,Medium,Meta Ads,Business
C09654,2026-01-05,35-44,Australia,Individual,Partner,Business
C09655,2025-05-17,25-34,Australia,Individual,Google Ads,Individual
C09656,2025-12-11,25-34,United Kingdom,Individual,Meta Ads,Individual
C09657,2025-06-11,25-34,Australia,Individual,Google Ads,Individual
C09658,2025-04-16,55+,India,Individual,Meta Ads,Individual
C09659,2025-09-27,18-24,India,Individual,Google Ads,Individual
C09660,2026-01-16,25-34,United States,Individual,Google Ads,Individual
C09661,2026-02-23,55+,Singapore,Individual,Partner,Individual
C09662,2025-06-30,25-34,India,Individual,Meta Ads,Individual
C09663,2025-08-30,25-34,United States,Large,Google Ads,Individual
C09664,2025-03-23,25-34,United Kingdom,Individual,Meta Ads,Individual
C09665,2025-09-11,45-54,Singapore,Individual,Google Ads,Business
C09666,2025-01-10,18-24,Canada,Medium,Google Ads,Individual
C09667,2025-07-19,25-34,United Kingdom,Individual,Google Ads,Business
C09668,2025-01-03,25-34,India,Large,Google Ads,Individual
C09669,2025-02-18,35-44,India,Large,Organic,Individual
C09670,2025-12-20,18-24,Canada,Individual,Google Ads,Individual
C09671,2025-06-21,45-54,India,Medium,Google Ads,Business
C09672,2026-03-22,45-54,India,Individual,Organic,Individual
C09673,2026-05-07,25-34,India,Small,Partner,Individual
C09674,2025-10-05,35-44,Canada,Individual,Google Ads,Business
C09675,2026-03-05,45-54,India,Large,Partner,Individual
C09676,2025-02-03,35-44,India,Individual,Email,Business
C09677,2026-04-02,35-44,Australia,Individual,Organic,Individual
C09678,2025-10-09,25-34,United Kingdom,Medium,Partner,Individual
C09679,2026-02-25,25-34,India,Individual,Referral,Business
C09680,2025-06-10,55+,India,Individual,Organic,Individual
C09681,2025-03-17,45-54,United States,Individual,Partner,Individual
C09682,2025-09-29,45-54,Canada,Small,Organic,Business
C09683,2026-05-01,35-44,India,Individual,Google Ads,Individual
C09684,2026-03-28,35-44,India,Large,Google Ads,Individual
C09685,2025-07-30,35-44,India,Individual,Meta Ads,Business
C09686,2025-11-29,18-24,Singapore,Individual,Google Ads,Individual
C09687,2025-06-07,45-54,India,Medium,Email,Business
C09688,2026-03-22,45-54,United States,Small,Google Ads,Individual
C09689,2025-12-02,25-34,India,Small,Organic,Business
C09690,2025-04-08,35-44,India,Medium,Meta Ads,Business
C09691,2025-12-27,35-44,India,Individual,Organic,Individual
C09692,2026-03-17,35-44,United States,Medium,Referral,Individual
C09693,2025-07-19,55+,India,Individual,Organic,Individual
C09694,2026-04-25,25-34,India,Individual,Partner,Business
C09695,2026-03-23,35-44,Australia,Medium,Organic,Individual
C09696,2025-08-21,35-44,Singapore,Large,Google Ads,Individual
C09697,2025-01-16,35-44,India,Medium,Google Ads,Individual
C09698,2025-12-08,35-44,India,Medium,Organic,Business
C09699,2025-05-11,25-34,United States,Medium,Email,Business
C09700,2025-10-29,25-34,India,Individual,Referral,Business
C09701,2025-04-27,18-24,United Kingdom,Individual,Partner,Business
C09702,2025-02-09,25-34,India,Individual,Organic,Individual
C09703,2026-01-09,25-34,Canada,Small,Organic,Individual
C09704,2025-10-27,25-34,United States,Medium,Google Ads,Business
C09705,2025-09-29,25-34,United States,Large,Organic,Individual
C09706,2025-04-09,25-34,India,Medium,Organic,Business
C09707,2025-11-29,25-34,Canada,Small,Partner,Individual
C09708,2025-10-29,35-44,United States,Medium,Meta Ads,Individual
C09709,2025-07-07,25-34,India,Individual,Partner,Individual
C09710,2025-04-05,25-34,Australia,Medium,Google Ads,Individual
C09711,2026-04-26,35-44,India,Large,Email,Business
C09712,2025-07-16,18-24,India,Small,Organic,Individual
C09713,2025-06-13,18-24,Canada,Small,Meta Ads,Individual
C09714,2026-04-24,18-24,United States,Individual,Partner,Individual
C09715,2025-01-10,35-44,India,Small,Organic,Individual
C09716,2026-01-27,45-54,United States,Medium,Referral,Business
C09717,2025-11-26,25-34,India,Individual,Google Ads,Individual
C09718,2025-08-05,25-34,United States,Medium,Partner,Individual
C09719,2025-06-11,45-54,United Kingdom,Individual,Partner,Individual
C09720,2025-08-15,25-34,Australia,Medium,Meta Ads,Business
C09721,2025-05-22,25-34,United States,Individual,Organic,Business
C09722,2025-04-23,45-54,United Kingdom,Individual,Meta Ads,Individual
C09723,2025-02-01,35-44,United States,Individual,Google Ads,Individual
C09724,2025-07-09,35-44,India,Small,Organic,Individual
C09725,2025-01-25,18-24,United States,Large,Google Ads,Business
C09726,2025-06-27,25-34,United States,Individual,Meta Ads,Individual
C09727,2025-07-26,25-34,United States,Large,Partner,Business
C09728,2025-10-31,18-24,Singapore,Medium,Google Ads,Business
C09729,2026-03-16,35-44,Singapore,Individual,Organic,Business
C09730,2025-11-25,45-54,United Kingdom,Individual,Meta Ads,Individual
C09731,2025-11-22,18-24,Canada,Individual,Partner,Individual
C09732,2025-01-04,35-44,United Kingdom,Individual,Meta Ads,Business
C09733,2026-04-21,45-54,India,Large,Organic,Individual
C09734,2025-05-07,18-24,India,Medium,Referral,Business
C09735,2025-06-14,45-54,India,Large,Email,Individual
C09736,2026-03-15,35-44,India,Individual,Google Ads,Individual
C09737,2025-10-19,25-34,India,Medium,Organic,Individual
C09738,2025-04-02,25-34,Singapore,Small,Organic,Business
C09739,2025-05-05,18-24,United States,Large,Google Ads,Individual
C09740,2025-07-21,25-34,India,Individual,Meta Ads,Individual
C09741,2025-10-13,25-34,India,Large,Google Ads,Individual
C09742,2025-01-13,25-34,India,Medium,Google Ads,Individual
C09743,2025-12-25,25-34,India,Individual,Google Ads,Business
C09744,2025-12-19,35-44,India,Small,Referral,Individual
C09745,2025-06-01,25-34,United States,Individual,Meta Ads,Individual
C09746,2025-01-24,25-34,Canada,Individual,Meta Ads,Business
C09747,2025-02-13,25-34,Australia,Individual,Email,Individual
C09748,2025-06-19,55+,United States,Large,Organic,Individual
C09749,2026-05-08,25-34,Singapore,Medium,Organic,Individual
C09750,2025-07-23,45-54,India,Individual,Google Ads,Business
C09751,2026-03-29,55+,Singapore,Individual,Organic,Individual
C09752,2026-04-12,45-54,India,Individual,Meta Ads,Individual
C09753,2026-03-09,25-34,United States,Individual,Referral,Business
C09754,2026-02-11,45-54,United States,Large,Meta Ads,Business
C09755,2025-05-07,25-34,Singapore,Individual,Referral,Individual
C09756,2026-05-03,25-34,United States,Medium,Google Ads,Individual
C09757,2025-06-15,25-34,India,Individual,Referral,Business
C09758,2026-02-21,35-44,India,Individual,Email,Business
C09759,2026-02-15,25-34,United States,Individual,Organic,Business
C09760,2025-09-26,45-54,India,Medium,Google Ads,Individual
C09761,2025-08-22,45-54,United States,Small,Email,Individual
C09762,2025-12-30,35-44,India,Medium,Partner,Individual
C09763,2025-09-05,35-44,India,Individual,Organic,Business
C09764,2025-07-15,18-24,United States,Small,Organic,Individual
C09765,2025-12-22,25-34,Canada,Large,Referral,Individual
C09766,2025-07-01,35-44,United Kingdom,Small,Partner,Individual
C09767,2025-02-17,35-44,Canada,Individual,Organic,Individual
C09768,2026-02-23,18-24,India,Small,Organic,Individual
C09769,2026-04-02,25-34,India,Individual,Referral,Individual
C09770,2026-03-22,25-34,United Kingdom,Individual,Meta Ads,Individual
C09771,2025-12-03,25-34,Singapore,Medium,Google Ads,Business
C09772,2025-01-12,35-44,India,Individual,Meta Ads,Business
C09773,2025-09-26,18-24,India,Small,Referral,Individual
C09774,2025-09-09,25-34,Singapore,Individual,Partner,Business
C09775,2025-02-23,35-44,Singapore,Medium,Meta Ads,Business
C09776,2025-03-16,45-54,United States,Large,Google Ads,Individual
C09777,2025-09-14,25-34,India,Individual,Referral,Business
C09778,2025-02-21,45-54,Canada,Large,Meta Ads,Individual
C09779,2025-04-26,35-44,Australia,Medium,Meta Ads,Business
C09780,2025-10-27,45-54,India,Small,Organic,Individual
C09781,2025-08-25,45-54,Australia,Medium,Organic,Individual
C09782,2026-05-05,35-44,United States,Medium,Referral,Individual
C09783,2026-03-12,25-34,United Kingdom,Small,Organic,Individual
C09784,2026-03-17,25-34,United Kingdom,Individual,Google Ads,Business
C09785,2025-10-09,35-44,United States,Individual,Referral,Business
C09786,2025-05-18,55+,United States,Small,Organic,Individual
C09787,2026-02-18,35-44,Singapore,Small,Organic,Individual
C09788,2025-04-01,25-34,India,Medium,Organic,Individual
C09789,2026-04-05,25-34,India,Medium,Partner,Business
C09790,2025-02-06,25-34,United Kingdom,Small,Google Ads,Business
C09791,2025-04-18,25-34,India,Individual,Organic,Individual
C09792,2025-12-13,35-44,India,Large,Partner,Individual
C09793,2026-03-06,18-24,India,Small,Meta Ads,Business
C09794,2025-07-15,25-34,India,Individual,Google Ads,Business
C09795,2025-08-26,35-44,India,Individual,Organic,Business
C09796,2026-03-07,35-44,India,Small,Meta Ads,Individual
C09797,2025-03-18,25-34,India,Medium,Organic,Business
C09798,2026-04-19,55+,India,Medium,Referral,Individual
C09799,2025-10-23,55+,United Kingdom,Large,Referral,Individual
C09800,2025-01-29,25-34,Canada,Individual,Email,Individual
C09801,2025-02-13,25-34,Canada,Small,Referral,Business
C09802,2026-03-04,25-34,Singapore,Individual,Google Ads,Individual
C09803,2026-01-11,35-44,Canada,Large,Google Ads,Business
C09804,2025-07-23,18-24,Canada,Small,Referral,Individual
C09805,2026-05-01,35-44,India,Medium,Organic,Individual
C09806,2026-01-29,25-34,Australia,Individual,Google Ads,Business
C09807,2025-08-19,35-44,India,Small,Referral,Business
C09808,2025-09-19,35-44,United States,Small,Organic,Individual
C09809,2025-03-05,45-54,United States,Small,Google Ads,Individual
C09810,2025-10-10,25-34,United States,Individual,Meta Ads,Individual
C09811,2025-02-06,25-34,Singapore,Medium,Google Ads,Individual
C09812,2025-05-20,35-44,India,Small,Referral,Individual
C09813,2026-04-18,25-34,India,Individual,Organic,Business
C09814,2025-04-25,25-34,India,Individual,Organic,Business
C09815,2025-01-07,25-34,United States,Medium,Email,Business
C09816,2025-08-17,45-54,Australia,Individual,Email,Individual
C09817,2025-03-27,25-34,India,Individual,Partner,Business
C09818,2025-01-09,35-44,Canada,Individual,Google Ads,Business
C09819,2025-11-14,35-44,India,Medium,Organic,Business
C09820,2026-03-04,25-34,India,Individual,Meta Ads,Individual
C09821,2025-08-17,25-34,United Kingdom,Large,Referral,Individual
C09822,2025-09-27,35-44,India,Individual,Organic,Individual
C09823,2025-11-24,45-54,United States,Individual,Email,Business
C09824,2025-12-02,25-34,United States,Individual,Meta Ads,Individual
C09825,2025-03-20,18-24,United Kingdom,Individual,Google Ads,Business
C09826,2026-04-15,35-44,United States,Large,Organic,Business
C09827,2025-01-25,18-24,United States,Medium,Meta Ads,Individual
C09828,2025-06-15,45-54,India,Individual,Organic,Business
C09829,2026-03-18,18-24,United States,Medium,Referral,Business
C09830,2025-01-24,25-34,India,Large,Organic,Individual
C09831,2025-02-07,35-44,India,Medium,Referral,Individual
C09832,2026-01-29,25-34,Singapore,Small,Meta Ads,Individual
C09833,2025-06-22,35-44,United Kingdom,Individual,Organic,Individual
C09834,2026-04-09,35-44,India,Medium,Referral,Business
C09835,2025-03-30,35-44,India,Individual,Email,Individual
C09836,2025-11-18,25-34,United States,Individual,Google Ads,Individual
C09837,2025-08-28,35-44,United States,Medium,Referral,Business
C09838,2025-07-05,45-54,India,Small,Email,Business
C09839,2025-06-10,35-44,Singapore,Medium,Referral,Individual
C09840,2025-02-10,25-34,Canada,Small,Organic,Business
C09841,2025-07-27,35-44,India,Medium,Email,Business
C09842,2025-05-09,35-44,India,Small,Referral,Business
C09843,2025-07-07,35-44,India,Small,Referral,Individual
C09844,2026-03-15,25-34,Australia,Individual,Organic,Business
C09845,2025-01-16,35-44,United States,Medium,Referral,Business
C09846,2025-11-04,18-24,Canada,Large,Email,Individual
C09847,2025-09-17,45-54,United States,Small,Email,Individual
C09848,2025-08-18,55+,Australia,Medium,Organic,Individual
C09849,2026-01-18,25-34,India,Small,Referral,Individual
C09850,2025-02-12,25-34,United States,Individual,Partner,Business
C09851,2026-02-05,35-44,India,Individual,Google Ads,Individual
C09852,2026-04-18,35-44,United Kingdom,Medium,Referral,Business
C09853,2025-08-06,35-44,United Kingdom,Large,Partner,Individual
C09854,2025-05-31,25-34,India,Small,Organic,Individual
C09855,2025-10-29,25-34,United Kingdom,Small,Organic,Business
C09856,2025-11-09,18-24,India,Individual,Partner,Individual
C09857,2025-05-26,55+,United Kingdom,Small,Google Ads,Business
C09858,2026-01-01,25-34,India,Small,Referral,Business
C09859,2025-12-01,18-24,India,Small,Meta Ads,Individual
C09860,2025-01-02,25-34,India,Small,Organic,Individual
C09861,2025-07-26,35-44,United States,Individual,Referral,Business
C09862,2026-01-14,25-34,India,Medium,Partner,Individual
C09863,2025-12-28,45-54,India,Individual,Google Ads,Business
C09864,2025-02-21,25-34,India,Small,Referral,Individual
C09865,2026-03-05,55+,India,Small,Google Ads,Business
C09866,2025-11-29,25-34,India,Individual,Email,Individual
C09867,2025-07-02,35-44,Canada,Small,Partner,Business
C09868,2026-04-09,35-44,Australia,Individual,Google Ads,Business
C09869,2025-03-27,25-34,United States,Individual,Email,Individual
C09870,2025-01-18,55+,India,Small,Organic,Individual
C09871,2026-02-27,55+,United Kingdom,Medium,Google Ads,Business
C09872,2025-03-26,18-24,Singapore,Small,Referral,Individual
C09873,2025-06-05,45-54,India,Small,Partner,Business
C09874,2025-06-13,25-34,India,Individual,Google Ads,Individual
C09875,2025-07-04,25-34,India,Small,Email,Individual
C09876,2025-01-03,25-34,Australia,Individual,Organic,Business
C09877,2025-10-19,18-24,United Kingdom,Large,Google Ads,Business
C09878,2025-02-10,25-34,Australia,Individual,Referral,Individual
C09879,2025-01-29,35-44,United Kingdom,Small,Meta Ads,Business
C09880,2025-10-20,55+,Australia,Small,Email,Business
C09881,2026-01-24,35-44,Singapore,Individual,Meta Ads,Business
C09882,2025-12-21,45-54,United States,Small,Google Ads,Business
C09883,2025-04-25,25-34,United States,Small,Referral,Individual
C09884,2025-12-13,55+,India,Individual,Meta Ads,Business
C09885,2025-01-24,35-44,United States,Large,Referral,Individual
C09886,2026-04-30,55+,India,Large,Organic,Individual
C09887,2025-03-12,45-54,United States,Individual,Google Ads,Business
C09888,2025-07-22,35-44,Australia,Small,Meta Ads,Individual
C09889,2025-06-15,55+,Canada,Individual,Meta Ads,Individual
C09890,2025-12-06,25-34,India,Small,Google Ads,Individual
C09891,2025-03-10,25-34,Australia,Small,Partner,Business
C09892,2026-05-06,25-34,Canada,Individual,Google Ads,Business
C09893,2025-06-07,35-44,India,Medium,Meta Ads,Business
C09894,2025-07-17,45-54,Singapore,Individual,Meta Ads,Individual
C09895,2025-02-22,35-44,United States,Medium,Google Ads,Business
C09896,2025-11-01,25-34,India,Small,Referral,Individual
C09897,2025-06-26,45-54,India,Individual,Referral,Individual
C09898,2025-10-14,25-34,India,Individual,Referral,Business
C09899,2026-03-20,45-54,Singapore,Medium,Meta Ads,Business
C09900,2026-03-10,18-24,United States,Individual,Organic,Individual
C09901,2025-04-08,45-54,Canada,Small,Google Ads,Individual
C09902,2025-05-18,45-54,United States,Individual,Meta Ads,Business
C09903,2025-03-20,35-44,India,Individual,Meta Ads,Individual
C09904,2025-12-10,25-34,Canada,Large,Organic,Individual
C09905,2025-09-10,18-24,Australia,Individual,Referral,Individual
C09906,2025-09-21,18-24,India,Individual,Organic,Business
C09907,2025-11-01,25-34,Singapore,Small,Email,Individual
C09908,2025-09-20,35-44,Singapore,Small,Organic,Individual
C09909,2025-03-17,35-44,United States,Medium,Meta Ads,Individual
C09910,2025-06-07,18-24,Australia,Individual,Organic,Individual
C09911,2025-09-23,45-54,India,Small,Meta Ads,Business
C09912,2026-05-03,18-24,India,Individual,Referral,Individual
C09913,2025-03-08,25-34,India,Medium,Google Ads,Individual
C09914,2025-08-30,55+,India,Large,Meta Ads,Business
C09915,2025-04-11,35-44,Singapore,Small,Organic,Business
C09916,2025-07-16,25-34,India,Individual,Organic,Individual
C09917,2025-03-29,45-54,United Kingdom,Individual,Google Ads,Individual
C09918,2025-04-08,25-34,Australia,Individual,Referral,Business
C09919,2026-05-16,45-54,United States,Individual,Organic,Individual
C09920,2025-02-16,45-54,India,Large,Organic,Business
C09921,2026-03-10,18-24,India,Small,Google Ads,Business
C09922,2025-03-07,25-34,United States,Small,Referral,Business
C09923,2025-10-23,25-34,India,Medium,Email,Individual
C09924,2025-03-14,45-54,India,Individual,Referral,Business
C09925,2026-03-26,25-34,India,Individual,Google Ads,Business
C09926,2025-06-24,25-34,United Kingdom,Medium,Google Ads,Individual
C09927,2025-12-11,25-34,Australia,Individual,Organic,Business
C09928,2026-01-06,18-24,United States,Small,Meta Ads,Business
C09929,2025-07-04,25-34,India,Small,Referral,Business
C09930,2025-02-10,18-24,India,Individual,Email,Business
C09931,2025-12-18,35-44,India,Small,Referral,Individual
C09932,2025-03-08,45-54,United States,Individual,Email,Business
C09933,2025-07-23,18-24,Australia,Medium,Meta Ads,Business
C09934,2026-04-24,55+,India,Small,Referral,Business
C09935,2025-05-02,25-34,Canada,Individual,Email,Individual
C09936,2026-02-13,25-34,India,Small,Partner,Individual
C09937,2025-06-23,18-24,United States,Medium,Google Ads,Business
C09938,2025-08-24,18-24,United States,Large,Email,Individual
C09939,2026-03-29,25-34,India,Small,Partner,Business
C09940,2026-04-30,35-44,United States,Individual,Meta Ads,Individual
C09941,2025-08-29,18-24,United States,Individual,Meta Ads,Business
C09942,2025-11-12,35-44,India,Individual,Referral,Individual
C09943,2025-07-09,35-44,India,Medium,Email,Business
C09944,2025-08-16,45-54,India,Medium,Meta Ads,Individual
C09945,2025-11-29,45-54,Canada,Individual,Organic,Individual
C09946,2025-11-23,25-34,United Kingdom,Individual,Google Ads,Individual
C09947,2026-04-03,25-34,United States,Individual,Email,Business
C09948,2026-04-20,35-44,India,Individual,Google Ads,Business
C09949,2025-07-22,25-34,United States,Large,Google Ads,Business
C09950,2025-02-08,45-54,India,Individual,Referral,Business
C09951,2025-07-20,25-34,India,Individual,Referral,Business
C09952,2026-04-16,35-44,India,Medium,Organic,Individual
C09953,2025-12-27,45-54,United States,Medium,Partner,Individual
C09954,2026-04-30,35-44,India,Medium,Referral,Individual
C09955,2025-05-27,35-44,United Kingdom,Small,Referral,Individual
C09956,2026-02-15,25-34,Australia,Individual,Email,Individual
C09957,2025-05-19,55+,India,Small,Partner,Business
C09958,2025-01-23,25-34,India,Individual,Referral,Individual
C09959,2025-05-26,45-54,India,Small,Google Ads,Individual
C09960,2026-02-19,25-34,India,Individual,Organic,Business
C09961,2025-02-19,25-34,India,Individual,Referral,Business
C09962,2025-06-30,45-54,United States,Medium,Meta Ads,Business
C09963,2025-09-12,55+,Australia,Individual,Email,Individual
C09964,2026-04-03,35-44,India,Small,Organic,Individual
C09965,2026-03-03,25-34,United Kingdom,Small,Organic,Individual
C09966,2025-04-16,35-44,India,Individual,Organic,Individual
C09967,2025-12-28,35-44,United States,Individual,Meta Ads,Business
C09968,2025-05-29,45-54,India,Individual,Partner,Individual
C09969,2025-12-24,25-34,United States,Medium,Meta Ads,Business
C09970,2025-12-30,45-54,Singapore,Individual,Referral,Business
C09971,2025-09-07,25-34,United States,Individual,Partner,Business
C09972,2025-10-14,35-44,United States,Large,Partner,Individual
C09973,2025-06-22,25-34,India,Small,Partner,Individual
C09974,2025-09-14,35-44,United States,Small,Organic,Individual
C09975,2025-11-16,45-54,United Kingdom,Large,Google Ads,Business
C09976,2026-04-23,35-44,Canada,Medium,Google Ads,Individual
C09977,2025-09-29,35-44,India,Individual,Organic,Individual
C09978,2026-04-06,35-44,United Kingdom,Small,Organic,Business
C09979,2026-03-25,25-34,Singapore,Medium,Organic,Individual
C09980,2026-02-05,35-44,United Kingdom,Individual,Organic,Individual
C09981,2026-03-24,18-24,Australia,Individual,Email,Business
C09982,2025-05-09,35-44,Canada,Individual,Google Ads,Individual
C09983,2026-02-27,35-44,United Kingdom,Small,Meta Ads,Individual
C09984,2025-05-26,45-54,India,Individual,Referral,Individual
C09985,2025-10-13,25-34,India,Small,Google Ads,Individual
C09986,2025-04-26,25-34,India,Individual,Organic,Business
C09987,2025-06-27,45-54,Australia,Individual,Organic,Individual
C09988,2025-03-23,35-44,United States,Individual,Referral,Individual
C09989,2026-03-03,18-24,India,Individual,Organic,Individual
C09990,2025-07-15,25-34,India,Large,Organic,Individual
C09991,2025-03-10,45-54,United States,Small,Referral,Business
C09992,2025-08-21,35-44,Singapore,Large,Meta Ads,Business
C09993,2026-02-17,18-24,United States,Medium,Organic,Individual
C09994,2025-09-23,35-44,United States,Large,Google Ads,Business
C09995,2025-05-25,25-34,India,Individual,Organic,Individual
C09996,2026-02-27,45-54,India,Individual,Meta Ads,Business
C09997,2025-02-27,55+,India,Medium,Partner,Individual
C09998,2025-08-13,35-44,India,Individual,Organic,Business
C09999,2026-03-18,35-44,United States,Large,Email,Individual
C10000,2025-08-05,35-44,United Kingdom,Individual,Google Ads,Individual
