subscription_id,customer_id,plan,start_date,end_date,billing_cycle,monthly_price,status
S00001,C00001,Professional,2026-03-27,2026-06-28,Monthly,49.0,Cancelled
S00002,C00002,Professional,2025-12-08,,Monthly,49.0,Active
S00003,C00003,Professional,2025-11-14,,Annual,41.65,Active
S00004,C00004,Professional,2025-04-11,,Monthly,49.0,Active
S00005,C00005,Basic,2026-03-01,2026-05-26,Monthly,19.0,Cancelled
S00006,C00006,Basic,2025-09-26,,Monthly,19.0,Active
S00007,C00007,Professional,2025-05-05,,Monthly,49.0,Active
S00008,C00008,Professional,2025-12-17,,Monthly,49.0,Active
S00009,C00009,Professional,2025-08-30,,Monthly,49.0,Active
S00010,C00010,Professional,2025-04-26,,Annual,41.65,Active
S00011,C00011,Professional,2025-06-24,,Annual,41.65,Active
S00012,C00012,Professional,2025-11-23,,Monthly,49.0,Active
S00013,C00013,Business,2025-07-07,,Annual,84.15,Active
S00014,C00014,Basic,2026-02-27,,Annual,16.15,Active
S00015,C00015,Basic,2025-10-18,,Monthly,19.0,Active
S00016,C00016,Professional,2025-01-07,,Monthly,49.0,Active
S00017,C00017,Professional,2025-05-02,,Monthly,49.0,Active
S00018,C00018,Business,2025-07-31,,Monthly,99.0,Active
S00019,C00019,Free,2026-03-03,,Monthly,0.0,Active
S00020,C00020,Professional,2025-10-07,,Monthly,49.0,Active
S00021,C00021,Professional,2025-01-28,2026-01-04,Annual,41.65,Cancelled
S00022,C00022,Professional,2025-12-14,,Monthly,49.0,Active
S00023,C00023,Professional,2025-01-27,,Monthly,49.0,Active
S00024,C00024,Professional,2026-03-07,,Monthly,49.0,Active
S00025,C00025,Business,2025-12-22,,Monthly,99.0,Active
S00026,C00026,Basic,2026-04-30,,Annual,16.15,Active
S00027,C00027,Free,2026-04-16,2026-06-10,Monthly,0.0,Cancelled
S00028,C00028,Basic,2025-01-04,,Annual,16.15,Active
S00029,C00029,Free,2025-12-12,,Monthly,0.0,Active
S00030,C00030,Business,2025-03-06,,Annual,84.15,Active
S00031,C00031,Basic,2025-05-18,,Annual,16.15,Active
S00032,C00032,Basic,2025-11-23,2026-03-21,Monthly,19.0,Cancelled
S00033,C00033,Basic,2026-05-02,2026-06-01,Annual,16.15,Cancelled
S00034,C00034,Basic,2025-05-11,2025-08-27,Monthly,19.0,Cancelled
S00035,C00035,Basic,2026-01-09,,Annual,16.15,Active
S00036,C00036,Basic,2025-04-29,,Monthly,19.0,Active
S00037,C00037,Basic,2025-08-19,,Monthly,19.0,Active
S00038,C00038,Basic,2025-11-20,,Monthly,19.0,Active
S00039,C00039,Professional,2025-01-05,,Monthly,49.0,Active
S00040,C00040,Business,2025-09-29,,Monthly,99.0,Active
S00041,C00041,Basic,2026-04-08,2026-06-24,Monthly,19.0,Cancelled
S00042,C00042,Business,2026-05-02,,Monthly,99.0,Active
S00043,C00043,Professional,2025-05-08,,Monthly,49.0,Active
S00044,C00044,Basic,2026-05-10,2026-06-17,Monthly,19.0,Cancelled
S00045,C00045,Free,2025-01-06,2025-04-03,Monthly,0.0,Cancelled
S00046,C00046,Business,2025-08-30,,Monthly,99.0,Active
S00047,C00047,Business,2025-01-24,,Annual,84.15,Active
S00048,C00048,Basic,2026-04-04,,Monthly,19.0,Active
S00049,C00049,Basic,2026-03-16,,Monthly,19.0,Active
S00050,C00050,Professional,2026-04-20,,Monthly,49.0,Active
S00051,C00051,Basic,2025-05-23,,Monthly,19.0,Active
S00052,C00052,Basic,2026-04-14,,Monthly,19.0,Active
S00053,C00053,Professional,2025-10-23,2026-05-29,Monthly,49.0,Cancelled
S00054,C00054,Business,2025-03-13,,Annual,84.15,Active
S00055,C00055,Professional,2026-03-14,,Monthly,49.0,Active
S00056,C00056,Professional,2026-02-22,,Monthly,49.0,Active
S00057,C00057,Professional,2026-04-27,2026-06-12,Monthly,49.0,Cancelled
S00058,C00058,Business,2025-07-30,,Monthly,99.0,Active
S00059,C00059,Business,2025-11-08,,Monthly,99.0,Active
S00060,C00060,Professional,2025-07-05,,Monthly,49.0,Active
S00061,C00061,Business,2025-03-27,,Monthly,99.0,Active
S00062,C00062,Basic,2026-02-20,2026-04-06,Monthly,19.0,Cancelled
S00063,C00063,Business,2025-09-10,,Monthly,99.0,Active
S00064,C00064,Basic,2026-04-27,,Monthly,19.0,Active
S00065,C00065,Business,2025-12-10,,Monthly,99.0,Active
S00066,C00066,Business,2025-12-07,,Monthly,99.0,Active
S00067,C00067,Professional,2026-04-13,,Monthly,49.0,Active
S00068,C00068,Professional,2025-04-04,,Monthly,49.0,Active
S00069,C00069,Professional,2026-04-22,,Monthly,49.0,Active
S00070,C00070,Professional,2025-01-07,2025-05-18,Monthly,49.0,Cancelled
S00071,C00071,Basic,2026-01-21,,Annual,16.15,Active
S00072,C00072,Basic,2026-01-10,,Annual,16.15,Active
S00073,C00073,Professional,2025-12-27,,Monthly,49.0,Active
S00074,C00074,Business,2025-04-10,,Monthly,99.0,Active
S00075,C00075,Professional,2025-08-13,,Monthly,49.0,Active
S00076,C00076,Basic,2025-12-22,,Annual,16.15,Active
S00077,C00077,Basic,2025-09-03,,Monthly,19.0,Active
S00078,C00078,Professional,2025-12-29,,Monthly,49.0,Active
S00079,C00079,Professional,2026-03-26,2026-06-29,Monthly,49.0,Cancelled
S00080,C00080,Professional,2025-11-28,2026-01-30,Monthly,49.0,Cancelled
S00081,C00081,Professional,2025-12-08,,Monthly,49.0,Active
S00082,C00082,Basic,2025-02-07,,Monthly,19.0,Active
S00083,C00083,Professional,2026-05-16,,Monthly,49.0,Active
S00084,C00084,Free,2025-12-17,2026-03-18,Monthly,0.0,Cancelled
S00085,C00085,Professional,2025-10-11,2026-02-01,Monthly,49.0,Cancelled
S00086,C00086,Basic,2025-09-18,,Annual,16.15,Active
S00087,C00087,Professional,2025-03-11,,Monthly,49.0,Active
S00088,C00088,Basic,2025-04-08,,Annual,16.15,Active
S00089,C00089,Professional,2025-06-25,,Monthly,49.0,Active
S00090,C00090,Business,2026-05-04,,Annual,84.15,Active
S00091,C00091,Professional,2025-12-11,,Monthly,49.0,Active
S00092,C00092,Professional,2026-01-01,,Monthly,49.0,Active
S00093,C00093,Business,2025-08-19,,Monthly,99.0,Active
S00094,C00094,Professional,2025-07-14,,Monthly,49.0,Active
S00095,C00095,Free,2025-09-26,,Monthly,0.0,Active
S00096,C00096,Professional,2025-05-19,2026-06-24,Annual,41.65,Cancelled
S00097,C00097,Basic,2026-03-20,,Monthly,19.0,Active
S00098,C00098,Business,2026-04-18,2026-06-29,Monthly,99.0,Cancelled
S00099,C00099,Business,2025-04-20,,Monthly,99.0,Active
S00100,C00100,Professional,2025-03-28,,Monthly,49.0,Active
S00101,C00101,Basic,2026-02-01,,Annual,16.15,Active
S00102,C00102,Basic,2026-03-08,2026-05-28,Annual,16.15,Cancelled
S00103,C00103,Professional,2026-03-12,2026-05-23,Annual,41.65,Cancelled
S00104,C00104,Basic,2025-12-15,2026-04-20,Monthly,19.0,Cancelled
S00105,C00105,Basic,2026-05-14,2026-06-24,Monthly,19.0,Cancelled
S00106,C00106,Basic,2025-09-09,,Monthly,19.0,Active
S00107,C00107,Basic,2025-12-10,,Monthly,19.0,Active
S00108,C00108,Professional,2026-05-15,,Annual,41.65,Active
S00109,C00109,Business,2026-01-19,2026-03-23,Monthly,99.0,Cancelled
S00110,C00110,Free,2026-02-10,,Monthly,0.0,Active
S00111,C00111,Basic,2026-01-20,2026-05-27,Monthly,19.0,Cancelled
S00112,C00112,Basic,2025-08-01,2025-11-16,Monthly,19.0,Cancelled
S00113,C00113,Professional,2025-12-12,,Monthly,49.0,Active
S00114,C00114,Basic,2025-11-25,,Annual,16.15,Active
S00115,C00115,Professional,2026-04-30,2026-05-25,Annual,41.65,Cancelled
S00116,C00116,Professional,2026-01-06,,Monthly,49.0,Active
S00117,C00117,Business,2025-05-19,2025-08-16,Monthly,99.0,Cancelled
S00118,C00118,Basic,2025-09-10,,Monthly,19.0,Active
S00119,C00119,Basic,2025-04-09,,Monthly,19.0,Active
S00120,C00120,Basic,2025-11-21,,Annual,16.15,Active
S00121,C00121,Business,2025-07-25,,Monthly,99.0,Active
S00122,C00122,Professional,2025-07-02,,Monthly,49.0,Active
S00123,C00123,Free,2026-05-13,2026-06-05,Monthly,0.0,Cancelled
S00124,C00124,Basic,2025-09-04,,Monthly,19.0,Active
S00125,C00125,Free,2025-12-25,2026-01-22,Monthly,0.0,Cancelled
S00126,C00126,Basic,2025-07-29,,Monthly,19.0,Active
S00127,C00127,Business,2026-01-01,,Monthly,99.0,Active
S00128,C00128,Professional,2025-01-01,,Monthly,49.0,Active
S00129,C00129,Basic,2025-10-25,,Monthly,19.0,Active
S00130,C00130,Professional,2025-11-27,,Monthly,49.0,Active
S00131,C00131,Business,2026-03-31,,Annual,84.15,Active
S00132,C00132,Basic,2025-04-07,,Monthly,19.0,Active
S00133,C00133,Professional,2026-01-16,,Annual,41.65,Active
S00134,C00134,Basic,2026-01-06,,Monthly,19.0,Active
S00135,C00135,Professional,2025-05-31,2026-02-03,Monthly,49.0,Cancelled
S00136,C00136,Professional,2026-05-06,,Annual,41.65,Active
S00137,C00137,Business,2025-03-04,,Monthly,99.0,Active
S00138,C00138,Professional,2025-06-27,,Monthly,49.0,Active
S00139,C00139,Basic,2025-04-12,,Monthly,19.0,Active
S00140,C00140,Basic,2025-04-15,2026-04-17,Monthly,19.0,Cancelled
S00141,C00141,Business,2025-12-08,,Annual,84.15,Active
S00142,C00142,Basic,2025-08-27,,Monthly,19.0,Active
S00143,C00143,Free,2025-01-28,,Monthly,0.0,Active
S00144,C00144,Basic,2025-04-15,,Monthly,19.0,Active
S00145,C00145,Basic,2025-12-12,,Monthly,19.0,Active
S00146,C00146,Basic,2025-05-16,,Monthly,19.0,Active
S00147,C00147,Business,2025-10-25,,Annual,84.15,Active
S00148,C00148,Basic,2025-04-26,,Monthly,19.0,Active
S00149,C00149,Professional,2025-03-26,,Monthly,49.0,Active
S00150,C00150,Basic,2025-11-08,,Annual,16.15,Active
S00151,C00151,Professional,2026-03-30,,Monthly,49.0,Active
S00152,C00152,Basic,2025-09-22,,Annual,16.15,Active
S00153,C00153,Basic,2025-11-09,,Annual,16.15,Active
S00154,C00154,Business,2025-05-27,,Monthly,99.0,Active
S00155,C00155,Free,2025-04-03,,Monthly,0.0,Active
S00156,C00156,Business,2025-05-22,,Monthly,99.0,Active
S00157,C00157,Basic,2025-02-14,,Monthly,19.0,Active
S00158,C00158,Business,2025-11-02,,Monthly,99.0,Active
S00159,C00159,Business,2026-02-25,,Monthly,99.0,Active
S00160,C00160,Basic,2025-12-18,2026-06-23,Monthly,19.0,Cancelled
S00161,C00161,Professional,2025-08-25,,Monthly,49.0,Active
S00162,C00162,Professional,2025-01-14,,Monthly,49.0,Active
S00163,C00163,Professional,2025-12-31,,Monthly,49.0,Active
S00164,C00164,Professional,2025-02-03,,Monthly,49.0,Active
S00165,C00165,Business,2026-04-23,,Monthly,99.0,Active
S00166,C00166,Professional,2026-03-25,,Monthly,49.0,Active
S00167,C00167,Basic,2025-05-16,,Monthly,19.0,Active
S00168,C00168,Free,2026-04-06,,Monthly,0.0,Active
S00169,C00169,Professional,2025-10-08,,Monthly,49.0,Active
S00170,C00170,Business,2025-10-31,,Monthly,99.0,Active
S00171,C00171,Basic,2026-02-05,2026-04-13,Monthly,19.0,Cancelled
S00172,C00172,Basic,2025-09-14,,Monthly,19.0,Active
S00173,C00173,Professional,2025-07-11,,Monthly,49.0,Active
S00174,C00174,Free,2025-01-10,2025-12-22,Monthly,0.0,Cancelled
S00175,C00175,Professional,2025-11-17,,Monthly,49.0,Active
S00176,C00176,Basic,2026-03-05,,Monthly,19.0,Active
S00177,C00177,Basic,2025-12-17,,Annual,16.15,Active
S00178,C00178,Business,2025-04-02,,Annual,84.15,Active
S00179,C00179,Basic,2026-01-14,,Monthly,19.0,Active
S00180,C00180,Business,2025-07-28,,Monthly,99.0,Active
S00181,C00181,Professional,2025-01-18,2026-02-20,Monthly,49.0,Cancelled
S00182,C00182,Professional,2025-02-24,,Monthly,49.0,Active
S00183,C00183,Free,2025-05-15,,Monthly,0.0,Active
S00184,C00184,Free,2025-10-16,,Monthly,0.0,Active
S00185,C00185,Basic,2025-07-14,2025-12-28,Monthly,19.0,Cancelled
S00186,C00186,Business,2025-07-09,,Monthly,99.0,Active
S00187,C00187,Professional,2026-05-01,,Monthly,49.0,Active
S00188,C00188,Basic,2025-12-24,2026-06-07,Monthly,19.0,Cancelled
S00189,C00189,Basic,2025-07-06,,Monthly,19.0,Active
S00190,C00190,Basic,2025-05-18,,Monthly,19.0,Active
S00191,C00191,Basic,2025-01-22,,Monthly,19.0,Active
S00192,C00192,Free,2025-01-14,2026-01-20,Annual,0.0,Cancelled
S00193,C00193,Business,2025-07-22,,Annual,84.15,Active
S00194,C00194,Professional,2025-06-12,,Monthly,49.0,Active
S00195,C00195,Professional,2026-02-22,,Monthly,49.0,Active
S00196,C00196,Business,2025-03-29,,Annual,84.15,Active
S00197,C00197,Basic,2025-12-25,,Monthly,19.0,Active
S00198,C00198,Basic,2025-12-17,2026-06-22,Monthly,19.0,Cancelled
S00199,C00199,Free,2025-08-31,,Monthly,0.0,Active
S00200,C00200,Professional,2025-07-26,,Annual,41.65,Active
S00201,C00201,Basic,2026-02-02,,Monthly,19.0,Active
S00202,C00202,Basic,2026-04-20,,Monthly,19.0,Active
S00203,C00203,Basic,2025-05-10,,Annual,16.15,Active
S00204,C00204,Professional,2025-02-24,,Monthly,49.0,Active
S00205,C00205,Basic,2025-06-05,,Monthly,19.0,Active
S00206,C00206,Basic,2025-10-31,,Annual,16.15,Active
S00207,C00207,Business,2025-02-08,2025-07-30,Monthly,99.0,Cancelled
S00208,C00208,Business,2025-06-12,,Monthly,99.0,Active
S00209,C00209,Professional,2025-08-15,2026-01-04,Annual,41.65,Cancelled
S00210,C00210,Business,2025-01-30,2026-03-01,Monthly,99.0,Cancelled
S00211,C00211,Professional,2025-08-15,,Monthly,49.0,Active
S00212,C00212,Professional,2025-03-10,2025-07-24,Monthly,49.0,Cancelled
S00213,C00213,Basic,2026-03-28,,Annual,16.15,Active
S00214,C00214,Basic,2025-09-16,2026-01-11,Monthly,19.0,Cancelled
S00215,C00215,Business,2025-09-14,,Monthly,99.0,Active
S00216,C00216,Business,2025-01-15,,Monthly,99.0,Active
S00217,C00217,Free,2025-06-22,,Monthly,0.0,Active
S00218,C00218,Free,2025-07-06,2025-11-02,Annual,0.0,Cancelled
S00219,C00219,Business,2025-07-19,,Monthly,99.0,Active
S00220,C00220,Professional,2026-03-18,,Monthly,49.0,Active
S00221,C00221,Basic,2026-01-15,,Monthly,19.0,Active
S00222,C00222,Professional,2025-09-24,,Monthly,49.0,Active
S00223,C00223,Business,2025-10-04,2026-05-30,Monthly,99.0,Cancelled
S00224,C00224,Basic,2025-08-01,,Monthly,19.0,Active
S00225,C00225,Basic,2026-03-20,,Annual,16.15,Active
S00226,C00226,Professional,2025-05-02,,Annual,41.65,Active
S00227,C00227,Business,2025-05-08,2026-03-20,Annual,84.15,Cancelled
S00228,C00228,Basic,2026-02-02,,Monthly,19.0,Active
S00229,C00229,Basic,2026-05-13,,Annual,16.15,Active
S00230,C00230,Professional,2026-03-08,,Annual,41.65,Active
S00231,C00231,Basic,2025-09-17,2025-12-16,Monthly,19.0,Cancelled
S00232,C00232,Professional,2025-12-08,2026-05-10,Annual,41.65,Cancelled
S00233,C00233,Business,2026-03-25,,Monthly,99.0,Active
S00234,C00234,Free,2025-02-16,,Monthly,0.0,Active
S00235,C00235,Professional,2025-09-28,,Annual,41.65,Active
S00236,C00236,Business,2026-04-15,2026-05-09,Monthly,99.0,Cancelled
S00237,C00237,Professional,2025-01-11,,Monthly,49.0,Active
S00238,C00238,Professional,2025-04-30,,Monthly,49.0,Active
S00239,C00239,Professional,2025-01-16,,Monthly,49.0,Active
S00240,C00240,Business,2026-05-03,,Monthly,99.0,Active
S00241,C00241,Professional,2025-04-11,,Annual,41.65,Active
S00242,C00242,Business,2026-01-12,2026-02-22,Annual,84.15,Cancelled
S00243,C00243,Professional,2026-03-22,,Monthly,49.0,Active
S00244,C00244,Professional,2025-12-13,,Monthly,49.0,Active
S00245,C00245,Basic,2025-01-02,,Monthly,19.0,Active
S00246,C00246,Professional,2025-02-28,,Annual,41.65,Active
S00247,C00247,Free,2025-10-26,2026-01-27,Monthly,0.0,Cancelled
S00248,C00248,Basic,2026-02-07,,Annual,16.15,Active
S00249,C00249,Basic,2026-04-09,,Annual,16.15,Active
S00250,C00250,Basic,2025-09-30,2025-10-29,Monthly,19.0,Cancelled
S00251,C00251,Basic,2025-01-08,,Monthly,19.0,Active
S00252,C00252,Basic,2025-01-07,,Annual,16.15,Active
S00253,C00253,Business,2026-03-23,2026-06-09,Monthly,99.0,Cancelled
S00254,C00254,Professional,2025-04-30,,Monthly,49.0,Active
S00255,C00255,Basic,2025-10-27,2026-02-15,Monthly,19.0,Cancelled
S00256,C00256,Basic,2026-04-04,2026-06-24,Monthly,19.0,Cancelled
S00257,C00257,Business,2025-09-20,,Monthly,99.0,Active
S00258,C00258,Business,2025-03-06,,Annual,84.15,Active
S00259,C00259,Professional,2025-09-04,,Monthly,49.0,Active
S00260,C00260,Basic,2025-11-07,,Annual,16.15,Active
S00261,C00261,Basic,2025-08-31,,Annual,16.15,Active
S00262,C00262,Professional,2025-05-27,,Monthly,49.0,Active
S00263,C00263,Professional,2025-05-02,,Annual,41.65,Active
S00264,C00264,Professional,2025-12-17,,Annual,41.65,Active
S00265,C00265,Free,2025-07-28,,Monthly,0.0,Active
S00266,C00266,Basic,2026-04-21,,Monthly,19.0,Active
S00267,C00267,Business,2025-06-26,2026-05-24,Monthly,99.0,Cancelled
S00268,C00268,Basic,2025-06-22,2025-11-29,Monthly,19.0,Cancelled
S00269,C00269,Basic,2026-03-31,,Annual,16.15,Active
S00270,C00270,Free,2026-04-03,,Monthly,0.0,Active
S00271,C00271,Professional,2025-11-21,,Monthly,49.0,Active
S00272,C00272,Basic,2025-12-09,,Monthly,19.0,Active
S00273,C00273,Professional,2025-01-07,,Monthly,49.0,Active
S00274,C00274,Business,2025-08-01,,Monthly,99.0,Active
S00275,C00275,Free,2026-02-26,2026-03-29,Monthly,0.0,Cancelled
S00276,C00276,Professional,2025-11-20,,Monthly,49.0,Active
S00277,C00277,Free,2025-04-03,,Annual,0.0,Active
S00278,C00278,Business,2025-11-06,,Monthly,99.0,Active
S00279,C00279,Professional,2025-09-10,,Monthly,49.0,Active
S00280,C00280,Professional,2026-03-26,,Annual,41.65,Active
S00281,C00281,Professional,2025-01-01,,Monthly,49.0,Active
S00282,C00282,Business,2025-07-26,2026-04-05,Monthly,99.0,Cancelled
S00283,C00283,Basic,2025-07-18,,Monthly,19.0,Active
S00284,C00284,Business,2025-06-25,,Monthly,99.0,Active
S00285,C00285,Business,2025-11-27,,Monthly,99.0,Active
S00286,C00286,Professional,2026-01-24,,Monthly,49.0,Active
S00287,C00287,Basic,2025-09-10,,Annual,16.15,Active
S00288,C00288,Professional,2025-11-04,2026-01-11,Monthly,49.0,Cancelled
S00289,C00289,Basic,2026-02-12,2026-04-01,Monthly,19.0,Cancelled
S00290,C00290,Free,2025-09-10,,Monthly,0.0,Active
S00291,C00291,Basic,2025-03-23,,Monthly,19.0,Active
S00292,C00292,Free,2025-05-10,,Annual,0.0,Active
S00293,C00293,Professional,2025-05-09,,Monthly,49.0,Active
S00294,C00294,Professional,2025-06-15,2025-08-04,Monthly,49.0,Cancelled
S00295,C00295,Free,2025-02-28,2025-03-22,Monthly,0.0,Cancelled
S00296,C00296,Professional,2025-01-19,,Monthly,49.0,Active
S00297,C00297,Basic,2026-01-04,,Monthly,19.0,Active
S00298,C00298,Professional,2026-03-05,,Monthly,49.0,Active
S00299,C00299,Professional,2026-04-19,,Annual,41.65,Active
S00300,C00300,Professional,2025-04-19,,Monthly,49.0,Active
S00301,C00301,Basic,2025-01-29,2025-08-14,Annual,16.15,Cancelled
S00302,C00302,Professional,2025-07-29,,Monthly,49.0,Active
S00303,C00303,Professional,2025-02-10,,Annual,41.65,Active
S00304,C00304,Professional,2025-08-13,,Monthly,49.0,Active
S00305,C00305,Free,2025-06-05,2026-01-26,Monthly,0.0,Cancelled
S00306,C00306,Business,2025-02-09,,Monthly,99.0,Active
S00307,C00307,Free,2025-08-14,,Monthly,0.0,Active
S00308,C00308,Professional,2025-06-30,,Monthly,49.0,Active
S00309,C00309,Professional,2025-04-16,2025-10-20,Monthly,49.0,Cancelled
S00310,C00310,Free,2025-08-07,2026-01-21,Monthly,0.0,Cancelled
S00311,C00311,Basic,2025-07-21,,Monthly,19.0,Active
S00312,C00312,Professional,2025-02-03,,Monthly,49.0,Active
S00313,C00313,Basic,2025-04-09,,Monthly,19.0,Active
S00314,C00314,Basic,2025-03-11,,Monthly,19.0,Active
S00315,C00315,Professional,2026-01-21,2026-05-12,Monthly,49.0,Cancelled
S00316,C00316,Basic,2025-03-27,2025-10-09,Monthly,19.0,Cancelled
S00317,C00317,Professional,2025-08-06,,Monthly,49.0,Active
S00318,C00318,Business,2025-06-25,,Monthly,99.0,Active
S00319,C00319,Basic,2025-03-23,,Monthly,19.0,Active
S00320,C00320,Professional,2025-02-19,,Monthly,49.0,Active
S00321,C00321,Professional,2025-02-16,,Monthly,49.0,Active
S00322,C00322,Professional,2025-08-18,,Annual,41.65,Active
S00323,C00323,Professional,2025-04-13,,Monthly,49.0,Active
S00324,C00324,Business,2025-03-28,,Monthly,99.0,Active
S00325,C00325,Professional,2025-09-23,,Annual,41.65,Active
S00326,C00326,Professional,2025-11-03,,Monthly,49.0,Active
S00327,C00327,Professional,2026-03-15,,Monthly,49.0,Active
S00328,C00328,Business,2026-02-07,,Monthly,99.0,Active
S00329,C00329,Business,2026-04-13,2026-05-09,Monthly,99.0,Cancelled
S00330,C00330,Business,2025-03-23,,Monthly,99.0,Active
S00331,C00331,Basic,2025-08-25,,Monthly,19.0,Active
S00332,C00332,Basic,2026-03-16,,Annual,16.15,Active
S00333,C00333,Basic,2026-02-22,,Monthly,19.0,Active
S00334,C00334,Basic,2025-04-17,,Monthly,19.0,Active
S00335,C00335,Free,2026-03-31,2026-06-26,Monthly,0.0,Cancelled
S00336,C00336,Professional,2026-04-13,,Monthly,49.0,Active
S00337,C00337,Basic,2026-04-20,,Monthly,19.0,Active
S00338,C00338,Professional,2025-09-01,,Monthly,49.0,Active
S00339,C00339,Basic,2025-02-12,,Monthly,19.0,Active
S00340,C00340,Professional,2025-01-17,,Annual,41.65,Active
S00341,C00341,Professional,2025-05-25,,Monthly,49.0,Active
S00342,C00342,Professional,2025-06-12,,Annual,41.65,Active
S00343,C00343,Business,2026-03-21,,Monthly,99.0,Active
S00344,C00344,Free,2025-06-01,,Monthly,0.0,Active
S00345,C00345,Professional,2025-11-27,,Monthly,49.0,Active
S00346,C00346,Professional,2026-03-08,,Monthly,49.0,Active
S00347,C00347,Professional,2025-07-23,,Monthly,49.0,Active
S00348,C00348,Basic,2025-09-12,,Monthly,19.0,Active
S00349,C00349,Business,2026-04-25,,Monthly,99.0,Active
S00350,C00350,Professional,2025-10-12,,Monthly,49.0,Active
S00351,C00351,Professional,2025-07-15,,Monthly,49.0,Active
S00352,C00352,Basic,2025-07-02,2026-03-18,Monthly,19.0,Cancelled
S00353,C00353,Free,2025-11-09,,Annual,0.0,Active
S00354,C00354,Basic,2025-02-08,,Monthly,19.0,Active
S00355,C00355,Free,2025-07-02,,Annual,0.0,Active
S00356,C00356,Professional,2025-08-08,,Annual,41.65,Active
S00357,C00357,Basic,2025-06-08,2026-05-19,Monthly,19.0,Cancelled
S00358,C00358,Basic,2025-06-15,,Monthly,19.0,Active
S00359,C00359,Basic,2025-03-09,,Monthly,19.0,Active
S00360,C00360,Basic,2025-08-30,,Monthly,19.0,Active
S00361,C00361,Basic,2025-04-15,,Monthly,19.0,Active
S00362,C00362,Basic,2025-05-02,,Monthly,19.0,Active
S00363,C00363,Free,2025-07-28,2026-01-29,Monthly,0.0,Cancelled
S00364,C00364,Professional,2025-10-30,,Monthly,49.0,Active
S00365,C00365,Professional,2026-03-10,,Monthly,49.0,Active
S00366,C00366,Business,2025-06-24,,Annual,84.15,Active
S00367,C00367,Basic,2025-01-09,,Annual,16.15,Active
S00368,C00368,Basic,2025-09-10,,Monthly,19.0,Active
S00369,C00369,Free,2025-01-07,2025-02-09,Monthly,0.0,Cancelled
S00370,C00370,Basic,2026-03-05,2026-04-14,Annual,16.15,Cancelled
S00371,C00371,Professional,2026-02-18,,Monthly,49.0,Active
S00372,C00372,Professional,2026-04-18,,Monthly,49.0,Active
S00373,C00373,Professional,2025-01-17,,Monthly,49.0,Active
S00374,C00374,Professional,2025-08-04,,Monthly,49.0,Active
S00375,C00375,Professional,2025-11-01,,Annual,41.65,Active
S00376,C00376,Business,2025-05-20,,Monthly,99.0,Active
S00377,C00377,Business,2026-01-31,,Monthly,99.0,Active
S00378,C00378,Basic,2026-03-20,,Monthly,19.0,Active
S00379,C00379,Basic,2025-01-05,,Annual,16.15,Active
S00380,C00380,Basic,2025-07-20,,Annual,16.15,Active
S00381,C00381,Basic,2025-11-28,,Annual,16.15,Active
S00382,C00382,Basic,2025-11-02,,Monthly,19.0,Active
S00383,C00383,Professional,2025-05-14,,Annual,41.65,Active
S00384,C00384,Professional,2026-03-06,,Annual,41.65,Active
S00385,C00385,Professional,2025-08-12,,Annual,41.65,Active
S00386,C00386,Free,2026-04-21,2026-06-02,Monthly,0.0,Cancelled
S00387,C00387,Professional,2026-02-05,,Monthly,49.0,Active
S00388,C00388,Basic,2026-02-26,,Monthly,19.0,Active
S00389,C00389,Business,2025-04-08,,Monthly,99.0,Active
S00390,C00390,Business,2025-10-19,2026-01-15,Monthly,99.0,Cancelled
S00391,C00391,Professional,2025-02-28,,Monthly,49.0,Active
S00392,C00392,Professional,2026-02-25,,Monthly,49.0,Active
S00393,C00393,Basic,2026-05-10,2026-06-16,Monthly,19.0,Cancelled
S00394,C00394,Professional,2025-02-24,,Monthly,49.0,Active
S00395,C00395,Basic,2026-04-25,,Monthly,19.0,Active
S00396,C00396,Professional,2025-02-01,,Monthly,49.0,Active
S00397,C00397,Professional,2026-01-04,2026-02-14,Monthly,49.0,Cancelled
S00398,C00398,Business,2026-05-10,2026-06-28,Monthly,99.0,Cancelled
S00399,C00399,Basic,2025-07-22,,Monthly,19.0,Active
S00400,C00400,Free,2025-06-16,,Monthly,0.0,Active
S00401,C00401,Professional,2025-10-30,,Monthly,49.0,Active
S00402,C00402,Basic,2026-05-16,,Annual,16.15,Active
S00403,C00403,Professional,2025-12-19,,Monthly,49.0,Active
S00404,C00404,Basic,2025-02-20,,Annual,16.15,Active
S00405,C00405,Free,2026-01-08,2026-06-16,Monthly,0.0,Cancelled
S00406,C00406,Professional,2025-02-04,,Monthly,49.0,Active
S00407,C00407,Basic,2026-02-09,,Monthly,19.0,Active
S00408,C00408,Professional,2025-08-26,,Monthly,49.0,Active
S00409,C00409,Basic,2025-07-29,,Monthly,19.0,Active
S00410,C00410,Free,2026-02-06,,Monthly,0.0,Active
S00411,C00411,Professional,2025-09-21,2026-03-08,Annual,41.65,Cancelled
S00412,C00412,Basic,2026-04-04,,Monthly,19.0,Active
S00413,C00413,Professional,2026-03-20,,Monthly,49.0,Active
S00414,C00414,Business,2025-09-27,,Monthly,99.0,Active
S00415,C00415,Business,2026-01-29,,Monthly,99.0,Active
S00416,C00416,Professional,2025-05-24,,Monthly,49.0,Active
S00417,C00417,Professional,2025-11-14,,Monthly,49.0,Active
S00418,C00418,Free,2026-05-14,2026-06-07,Monthly,0.0,Cancelled
S00419,C00419,Basic,2026-02-17,,Annual,16.15,Active
S00420,C00420,Basic,2025-06-16,,Monthly,19.0,Active
S00421,C00421,Basic,2026-04-10,,Annual,16.15,Active
S00422,C00422,Basic,2025-11-15,,Monthly,19.0,Active
S00423,C00423,Basic,2026-01-07,,Monthly,19.0,Active
S00424,C00424,Basic,2026-01-25,2026-05-04,Annual,16.15,Cancelled
S00425,C00425,Professional,2025-11-13,,Annual,41.65,Active
S00426,C00426,Basic,2026-02-18,,Monthly,19.0,Active
S00427,C00427,Professional,2025-01-22,,Monthly,49.0,Active
S00428,C00428,Basic,2025-08-17,2025-11-11,Annual,16.15,Cancelled
S00429,C00429,Professional,2025-08-23,,Annual,41.65,Active
S00430,C00430,Professional,2025-10-24,,Annual,41.65,Active
S00431,C00431,Business,2025-12-07,,Annual,84.15,Active
S00432,C00432,Basic,2025-03-18,,Monthly,19.0,Active
S00433,C00433,Professional,2025-01-06,,Monthly,49.0,Active
S00434,C00434,Professional,2025-01-26,,Monthly,49.0,Active
S00435,C00435,Basic,2025-12-21,,Annual,16.15,Active
S00436,C00436,Basic,2026-05-15,2026-06-19,Monthly,19.0,Cancelled
S00437,C00437,Professional,2025-07-06,,Monthly,49.0,Active
S00438,C00438,Professional,2025-08-15,,Monthly,49.0,Active
S00439,C00439,Basic,2026-04-15,2026-06-21,Monthly,19.0,Cancelled
S00440,C00440,Professional,2025-11-02,2025-12-12,Monthly,49.0,Cancelled
S00441,C00441,Professional,2025-05-12,2025-10-10,Monthly,49.0,Cancelled
S00442,C00442,Professional,2025-01-16,,Monthly,49.0,Active
S00443,C00443,Basic,2025-11-24,,Monthly,19.0,Active
S00444,C00444,Professional,2025-09-24,,Annual,41.65,Active
S00445,C00445,Basic,2025-01-20,,Monthly,19.0,Active
S00446,C00446,Basic,2025-11-03,,Monthly,19.0,Active
S00447,C00447,Basic,2025-01-26,,Annual,16.15,Active
S00448,C00448,Business,2025-06-11,,Monthly,99.0,Active
S00449,C00449,Business,2025-02-17,,Annual,84.15,Active
S00450,C00450,Professional,2025-09-02,,Annual,41.65,Active
S00451,C00451,Professional,2025-04-19,2026-02-04,Monthly,49.0,Cancelled
S00452,C00452,Business,2025-10-31,,Monthly,99.0,Active
S00453,C00453,Business,2025-02-08,,Annual,84.15,Active
S00454,C00454,Basic,2025-09-08,2025-10-04,Monthly,19.0,Cancelled
S00455,C00455,Professional,2025-12-19,2026-04-27,Monthly,49.0,Cancelled
S00456,C00456,Business,2025-02-22,,Annual,84.15,Active
S00457,C00457,Professional,2025-03-30,,Annual,41.65,Active
S00458,C00458,Professional,2025-01-05,,Monthly,49.0,Active
S00459,C00459,Basic,2025-01-13,,Monthly,19.0,Active
S00460,C00460,Business,2025-06-03,,Monthly,99.0,Active
S00461,C00461,Professional,2025-03-05,,Monthly,49.0,Active
S00462,C00462,Basic,2025-05-28,,Monthly,19.0,Active
S00463,C00463,Free,2025-01-16,,Annual,0.0,Active
S00464,C00464,Basic,2025-08-17,2026-04-30,Monthly,19.0,Cancelled
S00465,C00465,Professional,2026-01-29,,Monthly,49.0,Active
S00466,C00466,Free,2026-03-16,,Annual,0.0,Active
S00467,C00467,Business,2025-03-07,,Monthly,99.0,Active
S00468,C00468,Professional,2025-02-09,,Monthly,49.0,Active
S00469,C00469,Professional,2025-08-14,,Monthly,49.0,Active
S00470,C00470,Basic,2025-10-24,,Monthly,19.0,Active
S00471,C00471,Basic,2025-01-12,,Monthly,19.0,Active
S00472,C00472,Business,2025-10-28,,Monthly,99.0,Active
S00473,C00473,Professional,2026-01-08,,Monthly,49.0,Active
S00474,C00474,Professional,2025-11-29,,Annual,41.65,Active
S00475,C00475,Professional,2025-07-06,,Monthly,49.0,Active
S00476,C00476,Basic,2025-12-23,,Annual,16.15,Active
S00477,C00477,Basic,2026-03-23,,Annual,16.15,Active
S00478,C00478,Professional,2025-05-17,,Annual,41.65,Active
S00479,C00479,Professional,2026-03-19,,Annual,41.65,Active
S00480,C00480,Basic,2025-09-02,,Annual,16.15,Active
S00481,C00481,Professional,2025-10-15,,Monthly,49.0,Active
S00482,C00482,Business,2025-09-22,,Monthly,99.0,Active
S00483,C00483,Business,2025-09-13,,Monthly,99.0,Active
S00484,C00484,Business,2025-12-27,,Annual,84.15,Active
S00485,C00485,Professional,2025-06-25,,Monthly,49.0,Active
S00486,C00486,Basic,2026-05-03,,Monthly,19.0,Active
S00487,C00487,Professional,2026-03-26,,Monthly,49.0,Active
S00488,C00488,Professional,2025-10-10,2026-06-02,Monthly,49.0,Cancelled
S00489,C00489,Basic,2025-04-11,,Monthly,19.0,Active
S00490,C00490,Professional,2025-05-28,,Monthly,49.0,Active
S00491,C00491,Free,2025-08-29,,Monthly,0.0,Active
S00492,C00492,Basic,2025-08-26,,Monthly,19.0,Active
S00493,C00493,Basic,2026-01-03,,Monthly,19.0,Active
S00494,C00494,Basic,2026-02-07,,Monthly,19.0,Active
S00495,C00495,Professional,2025-09-06,,Monthly,49.0,Active
S00496,C00496,Professional,2025-02-10,,Monthly,49.0,Active
S00497,C00497,Free,2025-11-27,,Annual,0.0,Active
S00498,C00498,Business,2025-12-29,,Monthly,99.0,Active
S00499,C00499,Business,2025-01-05,2025-07-01,Monthly,99.0,Cancelled
S00500,C00500,Business,2025-01-28,,Monthly,99.0,Active
S00501,C00501,Professional,2025-01-17,2025-12-27,Annual,41.65,Cancelled
S00502,C00502,Professional,2025-11-16,,Monthly,49.0,Active
S00503,C00503,Basic,2026-04-19,2026-06-11,Monthly,19.0,Cancelled
S00504,C00504,Basic,2025-03-10,2025-12-26,Monthly,19.0,Cancelled
S00505,C00505,Professional,2026-03-14,,Monthly,49.0,Active
S00506,C00506,Professional,2025-05-11,,Monthly,49.0,Active
S00507,C00507,Basic,2025-01-03,,Annual,16.15,Active
S00508,C00508,Professional,2026-04-16,,Monthly,49.0,Active
S00509,C00509,Basic,2025-03-30,2025-09-21,Monthly,19.0,Cancelled
S00510,C00510,Professional,2025-09-30,,Monthly,49.0,Active
S00511,C00511,Professional,2025-02-02,,Annual,41.65,Active
S00512,C00512,Professional,2025-07-01,,Monthly,49.0,Active
S00513,C00513,Business,2025-02-23,2025-05-04,Monthly,99.0,Cancelled
S00514,C00514,Professional,2025-08-01,2025-12-12,Annual,41.65,Cancelled
S00515,C00515,Professional,2025-10-15,2026-06-17,Monthly,49.0,Cancelled
S00516,C00516,Professional,2026-05-13,,Monthly,49.0,Active
S00517,C00517,Professional,2025-12-09,,Annual,41.65,Active
S00518,C00518,Basic,2025-06-27,,Monthly,19.0,Active
S00519,C00519,Professional,2025-05-20,,Monthly,49.0,Active
S00520,C00520,Professional,2025-09-02,,Monthly,49.0,Active
S00521,C00521,Basic,2025-10-04,2025-11-29,Annual,16.15,Cancelled
S00522,C00522,Basic,2026-04-29,,Monthly,19.0,Active
S00523,C00523,Professional,2025-05-19,,Monthly,49.0,Active
S00524,C00524,Professional,2025-10-29,,Monthly,49.0,Active
S00525,C00525,Basic,2026-03-29,,Monthly,19.0,Active
S00526,C00526,Basic,2025-05-26,,Monthly,19.0,Active
S00527,C00527,Professional,2026-01-18,,Monthly,49.0,Active
S00528,C00528,Professional,2025-03-24,,Monthly,49.0,Active
S00529,C00529,Professional,2025-05-27,,Monthly,49.0,Active
S00530,C00530,Professional,2025-02-18,,Monthly,49.0,Active
S00531,C00531,Professional,2026-03-08,,Annual,41.65,Active
S00532,C00532,Free,2025-03-05,2025-09-08,Monthly,0.0,Cancelled
S00533,C00533,Basic,2025-07-25,,Annual,16.15,Active
S00534,C00534,Free,2025-02-02,,Monthly,0.0,Active
S00535,C00535,Basic,2025-10-28,,Monthly,19.0,Active
S00536,C00536,Free,2026-05-13,2026-06-08,Monthly,0.0,Cancelled
S00537,C00537,Professional,2025-03-22,,Annual,41.65,Active
S00538,C00538,Basic,2026-01-27,2026-02-27,Annual,16.15,Cancelled
S00539,C00539,Professional,2025-08-31,,Monthly,49.0,Active
S00540,C00540,Professional,2025-08-06,,Annual,41.65,Active
S00541,C00541,Professional,2025-10-06,,Monthly,49.0,Active
S00542,C00542,Basic,2025-02-21,,Annual,16.15,Active
S00543,C00543,Basic,2025-06-09,,Monthly,19.0,Active
S00544,C00544,Business,2026-04-28,2026-06-28,Monthly,99.0,Cancelled
S00545,C00545,Professional,2025-07-21,,Annual,41.65,Active
S00546,C00546,Business,2025-04-12,,Monthly,99.0,Active
S00547,C00547,Basic,2025-11-19,,Monthly,19.0,Active
S00548,C00548,Basic,2025-12-22,,Monthly,19.0,Active
S00549,C00549,Free,2025-08-26,,Monthly,0.0,Active
S00550,C00550,Basic,2026-03-25,,Monthly,19.0,Active
S00551,C00551,Free,2026-01-07,,Monthly,0.0,Active
S00552,C00552,Business,2025-04-26,2025-08-23,Monthly,99.0,Cancelled
S00553,C00553,Basic,2025-08-06,,Monthly,19.0,Active
S00554,C00554,Professional,2025-05-11,,Monthly,49.0,Active
S00555,C00555,Basic,2025-08-12,,Monthly,19.0,Active
S00556,C00556,Basic,2026-04-02,,Annual,16.15,Active
S00557,C00557,Professional,2025-09-30,,Annual,41.65,Active
S00558,C00558,Business,2025-06-09,,Monthly,99.0,Active
S00559,C00559,Basic,2025-06-11,,Annual,16.15,Active
S00560,C00560,Professional,2025-10-19,,Annual,41.65,Active
S00561,C00561,Professional,2025-12-09,,Monthly,49.0,Active
S00562,C00562,Professional,2025-12-24,,Annual,41.65,Active
S00563,C00563,Professional,2025-06-08,,Annual,41.65,Active
S00564,C00564,Professional,2025-12-12,,Monthly,49.0,Active
S00565,C00565,Basic,2025-03-26,,Annual,16.15,Active
S00566,C00566,Professional,2025-11-03,,Monthly,49.0,Active
S00567,C00567,Professional,2025-07-02,,Monthly,49.0,Active
S00568,C00568,Professional,2025-08-07,,Monthly,49.0,Active
S00569,C00569,Business,2025-04-04,,Monthly,99.0,Active
S00570,C00570,Professional,2025-10-06,,Monthly,49.0,Active
S00571,C00571,Basic,2025-05-19,,Monthly,19.0,Active
S00572,C00572,Basic,2026-01-12,,Monthly,19.0,Active
S00573,C00573,Basic,2026-03-08,,Annual,16.15,Active
S00574,C00574,Professional,2026-03-30,,Monthly,49.0,Active
S00575,C00575,Basic,2025-01-08,,Monthly,19.0,Active
S00576,C00576,Basic,2025-03-25,,Annual,16.15,Active
S00577,C00577,Professional,2025-01-19,2025-12-12,Monthly,49.0,Cancelled
S00578,C00578,Professional,2025-01-28,,Monthly,49.0,Active
S00579,C00579,Business,2025-11-09,,Monthly,99.0,Active
S00580,C00580,Professional,2025-09-22,,Monthly,49.0,Active
S00581,C00581,Basic,2025-07-07,,Annual,16.15,Active
S00582,C00582,Business,2025-01-30,,Monthly,99.0,Active
S00583,C00583,Professional,2025-12-17,2026-02-16,Monthly,49.0,Cancelled
S00584,C00584,Professional,2026-04-21,,Annual,41.65,Active
S00585,C00585,Professional,2025-04-21,2025-10-22,Monthly,49.0,Cancelled
S00586,C00586,Professional,2026-03-20,,Monthly,49.0,Active
S00587,C00587,Basic,2025-01-02,,Monthly,19.0,Active
S00588,C00588,Professional,2025-04-10,,Annual,41.65,Active
S00589,C00589,Basic,2025-09-23,,Monthly,19.0,Active
S00590,C00590,Business,2026-04-28,2026-06-23,Monthly,99.0,Cancelled
S00591,C00591,Basic,2025-06-02,,Monthly,19.0,Active
S00592,C00592,Basic,2026-02-07,,Annual,16.15,Active
S00593,C00593,Professional,2026-01-29,,Monthly,49.0,Active
S00594,C00594,Professional,2025-05-27,,Annual,41.65,Active
S00595,C00595,Basic,2025-01-06,,Annual,16.15,Active
S00596,C00596,Basic,2025-05-28,,Monthly,19.0,Active
S00597,C00597,Basic,2025-04-05,,Monthly,19.0,Active
S00598,C00598,Professional,2025-01-13,,Monthly,49.0,Active
S00599,C00599,Business,2025-01-03,,Monthly,99.0,Active
S00600,C00600,Professional,2025-06-26,,Monthly,49.0,Active
S00601,C00601,Professional,2025-12-10,2026-06-25,Annual,41.65,Cancelled
S00602,C00602,Basic,2026-05-08,,Annual,16.15,Active
S00603,C00603,Business,2025-08-11,,Monthly,99.0,Active
S00604,C00604,Professional,2025-07-27,,Monthly,49.0,Active
S00605,C00605,Professional,2025-02-13,2026-02-01,Monthly,49.0,Cancelled
S00606,C00606,Professional,2025-11-25,2026-03-28,Monthly,49.0,Cancelled
S00607,C00607,Business,2026-02-14,,Monthly,99.0,Active
S00608,C00608,Professional,2025-01-05,,Monthly,49.0,Active
S00609,C00609,Business,2026-02-15,2026-04-12,Annual,84.15,Cancelled
S00610,C00610,Business,2025-10-09,,Monthly,99.0,Active
S00611,C00611,Professional,2025-12-30,2026-04-07,Annual,41.65,Cancelled
S00612,C00612,Free,2025-08-27,,Annual,0.0,Active
S00613,C00613,Business,2026-04-13,,Monthly,99.0,Active
S00614,C00614,Free,2026-05-14,,Monthly,0.0,Active
S00615,C00615,Basic,2025-07-18,,Monthly,19.0,Active
S00616,C00616,Professional,2025-04-13,,Monthly,49.0,Active
S00617,C00617,Basic,2026-03-17,,Monthly,19.0,Active
S00618,C00618,Business,2026-03-01,,Monthly,99.0,Active
S00619,C00619,Basic,2025-09-08,,Monthly,19.0,Active
S00620,C00620,Professional,2025-07-17,,Monthly,49.0,Active
S00621,C00621,Business,2025-06-27,,Monthly,99.0,Active
S00622,C00622,Basic,2025-04-23,2026-04-22,Monthly,19.0,Cancelled
S00623,C00623,Basic,2025-08-16,,Annual,16.15,Active
S00624,C00624,Basic,2026-04-01,,Monthly,19.0,Active
S00625,C00625,Professional,2025-06-13,,Annual,41.65,Active
S00626,C00626,Basic,2026-02-23,,Annual,16.15,Active
S00627,C00627,Professional,2025-12-07,,Monthly,49.0,Active
S00628,C00628,Basic,2025-11-19,,Monthly,19.0,Active
S00629,C00629,Basic,2025-01-28,,Annual,16.15,Active
S00630,C00630,Free,2025-09-14,2026-02-06,Monthly,0.0,Cancelled
S00631,C00631,Business,2025-05-06,,Monthly,99.0,Active
S00632,C00632,Basic,2025-05-15,,Monthly,19.0,Active
S00633,C00633,Business,2025-07-04,,Monthly,99.0,Active
S00634,C00634,Free,2026-01-28,,Monthly,0.0,Active
S00635,C00635,Professional,2025-07-25,,Monthly,49.0,Active
S00636,C00636,Basic,2025-11-04,,Monthly,19.0,Active
S00637,C00637,Basic,2025-09-23,,Monthly,19.0,Active
S00638,C00638,Basic,2025-04-07,,Annual,16.15,Active
S00639,C00639,Professional,2025-05-07,,Annual,41.65,Active
S00640,C00640,Professional,2025-07-26,,Monthly,49.0,Active
S00641,C00641,Professional,2025-11-13,,Annual,41.65,Active
S00642,C00642,Basic,2025-06-08,2026-06-15,Monthly,19.0,Cancelled
S00643,C00643,Professional,2026-01-15,2026-05-03,Monthly,49.0,Cancelled
S00644,C00644,Free,2026-03-07,2026-05-26,Annual,0.0,Cancelled
S00645,C00645,Professional,2025-07-21,2026-03-17,Monthly,49.0,Cancelled
S00646,C00646,Professional,2025-04-20,2025-05-18,Monthly,49.0,Cancelled
S00647,C00647,Free,2026-05-15,,Monthly,0.0,Active
S00648,C00648,Professional,2025-01-03,,Monthly,49.0,Active
S00649,C00649,Basic,2025-06-10,2025-07-31,Monthly,19.0,Cancelled
S00650,C00650,Professional,2026-01-13,,Monthly,49.0,Active
S00651,C00651,Business,2025-11-20,,Monthly,99.0,Active
S00652,C00652,Basic,2026-03-12,,Monthly,19.0,Active
S00653,C00653,Professional,2026-01-01,,Monthly,49.0,Active
S00654,C00654,Professional,2025-08-01,2026-03-02,Monthly,49.0,Cancelled
S00655,C00655,Professional,2025-08-08,,Monthly,49.0,Active
S00656,C00656,Professional,2025-03-23,,Monthly,49.0,Active
S00657,C00657,Professional,2025-12-14,,Monthly,49.0,Active
S00658,C00658,Business,2025-07-11,,Monthly,99.0,Active
S00659,C00659,Basic,2025-01-03,,Monthly,19.0,Active
S00660,C00660,Basic,2025-08-29,,Annual,16.15,Active
S00661,C00661,Professional,2025-03-22,,Monthly,49.0,Active
S00662,C00662,Basic,2025-04-05,,Annual,16.15,Active
S00663,C00663,Professional,2025-10-13,,Monthly,49.0,Active
S00664,C00664,Professional,2025-02-07,,Monthly,49.0,Active
S00665,C00665,Basic,2025-06-14,2026-06-01,Monthly,19.0,Cancelled
S00666,C00666,Professional,2026-01-19,,Monthly,49.0,Active
S00667,C00667,Professional,2026-01-01,,Monthly,49.0,Active
S00668,C00668,Professional,2025-09-14,,Monthly,49.0,Active
S00669,C00669,Basic,2026-04-12,,Annual,16.15,Active
S00670,C00670,Professional,2025-10-22,,Monthly,49.0,Active
S00671,C00671,Business,2026-04-20,,Monthly,99.0,Active
S00672,C00672,Business,2025-04-12,,Monthly,99.0,Active
S00673,C00673,Professional,2025-02-07,,Monthly,49.0,Active
S00674,C00674,Professional,2025-08-02,,Annual,41.65,Active
S00675,C00675,Basic,2025-09-05,,Annual,16.15,Active
S00676,C00676,Basic,2025-08-05,,Annual,16.15,Active
S00677,C00677,Professional,2025-12-08,,Monthly,49.0,Active
S00678,C00678,Professional,2026-01-03,,Monthly,49.0,Active
S00679,C00679,Professional,2025-04-25,,Monthly,49.0,Active
S00680,C00680,Business,2025-06-30,,Monthly,99.0,Active
S00681,C00681,Basic,2025-01-10,,Monthly,19.0,Active
S00682,C00682,Free,2025-07-25,,Monthly,0.0,Active
S00683,C00683,Business,2025-10-12,,Monthly,99.0,Active
S00684,C00684,Professional,2025-05-31,,Monthly,49.0,Active
S00685,C00685,Basic,2025-06-19,,Monthly,19.0,Active
S00686,C00686,Professional,2026-04-22,,Monthly,49.0,Active
S00687,C00687,Basic,2025-04-11,2025-05-20,Monthly,19.0,Cancelled
S00688,C00688,Business,2025-09-03,2026-01-12,Monthly,99.0,Cancelled
S00689,C00689,Basic,2025-02-07,,Annual,16.15,Active
S00690,C00690,Business,2025-10-03,,Monthly,99.0,Active
S00691,C00691,Free,2026-01-11,,Monthly,0.0,Active
S00692,C00692,Professional,2025-11-13,,Monthly,49.0,Active
S00693,C00693,Basic,2026-05-07,,Monthly,19.0,Active
S00694,C00694,Business,2025-11-07,,Annual,84.15,Active
S00695,C00695,Professional,2026-02-23,,Annual,41.65,Active
S00696,C00696,Basic,2025-07-25,,Monthly,19.0,Active
S00697,C00697,Basic,2025-05-07,,Monthly,19.0,Active
S00698,C00698,Business,2025-12-02,,Monthly,99.0,Active
S00699,C00699,Business,2025-04-25,,Monthly,99.0,Active
S00700,C00700,Basic,2025-02-04,,Annual,16.15,Active
S00701,C00701,Basic,2026-02-28,2026-05-27,Monthly,19.0,Cancelled
S00702,C00702,Basic,2025-03-11,,Monthly,19.0,Active
S00703,C00703,Professional,2026-03-25,,Monthly,49.0,Active
S00704,C00704,Basic,2026-04-19,2026-06-08,Monthly,19.0,Cancelled
S00705,C00705,Business,2026-02-01,,Monthly,99.0,Active
S00706,C00706,Professional,2026-03-27,,Annual,41.65,Active
S00707,C00707,Professional,2025-11-10,,Monthly,49.0,Active
S00708,C00708,Business,2026-04-23,,Annual,84.15,Active
S00709,C00709,Professional,2026-04-20,2026-06-05,Annual,41.65,Cancelled
S00710,C00710,Business,2025-01-22,,Annual,84.15,Active
S00711,C00711,Basic,2025-05-04,,Monthly,19.0,Active
S00712,C00712,Free,2025-08-03,,Annual,0.0,Active
S00713,C00713,Basic,2025-11-02,,Monthly,19.0,Active
S00714,C00714,Professional,2025-04-27,,Monthly,49.0,Active
S00715,C00715,Free,2025-09-04,,Annual,0.0,Active
S00716,C00716,Basic,2025-10-28,,Annual,16.15,Active
S00717,C00717,Basic,2026-02-01,,Monthly,19.0,Active
S00718,C00718,Professional,2025-04-04,,Monthly,49.0,Active
S00719,C00719,Free,2025-12-20,,Monthly,0.0,Active
S00720,C00720,Basic,2025-04-17,,Monthly,19.0,Active
S00721,C00721,Professional,2026-02-06,,Monthly,49.0,Active
S00722,C00722,Business,2025-10-26,,Annual,84.15,Active
S00723,C00723,Free,2025-09-12,,Annual,0.0,Active
S00724,C00724,Professional,2026-02-14,,Annual,41.65,Active
S00725,C00725,Professional,2025-03-30,,Monthly,49.0,Active
S00726,C00726,Professional,2025-09-23,,Annual,41.65,Active
S00727,C00727,Basic,2025-05-02,,Monthly,19.0,Active
S00728,C00728,Professional,2026-01-10,,Monthly,49.0,Active
S00729,C00729,Basic,2025-04-25,2026-02-28,Monthly,19.0,Cancelled
S00730,C00730,Professional,2025-12-13,2026-01-18,Monthly,49.0,Cancelled
S00731,C00731,Basic,2025-11-22,2025-12-17,Monthly,19.0,Cancelled
S00732,C00732,Basic,2025-07-11,,Monthly,19.0,Active
S00733,C00733,Basic,2025-02-20,,Monthly,19.0,Active
S00734,C00734,Basic,2026-03-19,2026-04-26,Monthly,19.0,Cancelled
S00735,C00735,Professional,2026-04-04,,Monthly,49.0,Active
S00736,C00736,Professional,2025-06-07,,Monthly,49.0,Active
S00737,C00737,Basic,2026-05-06,,Annual,16.15,Active
S00738,C00738,Basic,2025-03-06,2025-05-18,Monthly,19.0,Cancelled
S00739,C00739,Basic,2026-04-05,,Monthly,19.0,Active
S00740,C00740,Professional,2026-05-08,,Annual,41.65,Active
S00741,C00741,Free,2025-03-05,2025-05-22,Monthly,0.0,Cancelled
S00742,C00742,Basic,2026-03-06,,Monthly,19.0,Active
S00743,C00743,Professional,2025-11-22,2026-01-07,Monthly,49.0,Cancelled
S00744,C00744,Professional,2026-02-27,,Monthly,49.0,Active
S00745,C00745,Basic,2025-01-09,,Monthly,19.0,Active
S00746,C00746,Business,2025-07-04,2025-08-12,Annual,84.15,Cancelled
S00747,C00747,Basic,2026-01-20,,Monthly,19.0,Active
S00748,C00748,Professional,2025-06-07,,Monthly,49.0,Active
S00749,C00749,Basic,2026-04-05,2026-06-24,Annual,16.15,Cancelled
S00750,C00750,Professional,2025-11-16,2026-05-29,Annual,41.65,Cancelled
S00751,C00751,Professional,2025-06-09,,Monthly,49.0,Active
S00752,C00752,Professional,2025-03-18,,Monthly,49.0,Active
S00753,C00753,Business,2025-02-20,,Monthly,99.0,Active
S00754,C00754,Free,2025-07-11,,Monthly,0.0,Active
S00755,C00755,Professional,2026-05-13,,Monthly,49.0,Active
S00756,C00756,Business,2025-07-22,,Annual,84.15,Active
S00757,C00757,Business,2025-06-16,,Annual,84.15,Active
S00758,C00758,Basic,2026-04-25,,Annual,16.15,Active
S00759,C00759,Free,2025-08-15,,Annual,0.0,Active
S00760,C00760,Basic,2026-04-28,,Annual,16.15,Active
S00761,C00761,Business,2025-10-25,2026-06-17,Monthly,99.0,Cancelled
S00762,C00762,Basic,2025-04-14,,Monthly,19.0,Active
S00763,C00763,Professional,2025-10-30,2026-01-09,Monthly,49.0,Cancelled
S00764,C00764,Basic,2025-05-28,2026-05-04,Annual,16.15,Cancelled
S00765,C00765,Basic,2026-01-21,2026-05-20,Monthly,19.0,Cancelled
S00766,C00766,Basic,2025-04-25,,Annual,16.15,Active
S00767,C00767,Basic,2026-03-29,,Monthly,19.0,Active
S00768,C00768,Professional,2025-05-26,,Monthly,49.0,Active
S00769,C00769,Basic,2025-02-23,,Monthly,19.0,Active
S00770,C00770,Professional,2025-10-03,,Monthly,49.0,Active
S00771,C00771,Basic,2025-06-11,2026-01-31,Monthly,19.0,Cancelled
S00772,C00772,Business,2025-01-30,,Annual,84.15,Active
S00773,C00773,Business,2025-03-05,,Monthly,99.0,Active
S00774,C00774,Professional,2025-06-13,,Monthly,49.0,Active
S00775,C00775,Professional,2025-02-22,,Monthly,49.0,Active
S00776,C00776,Basic,2025-09-17,2026-04-16,Monthly,19.0,Cancelled
S00777,C00777,Basic,2025-11-11,,Annual,16.15,Active
S00778,C00778,Free,2025-06-30,,Monthly,0.0,Active
S00779,C00779,Business,2026-03-14,,Annual,84.15,Active
S00780,C00780,Basic,2025-08-14,,Monthly,19.0,Active
S00781,C00781,Basic,2025-03-15,,Monthly,19.0,Active
S00782,C00782,Basic,2025-11-23,,Monthly,19.0,Active
S00783,C00783,Professional,2026-04-29,,Monthly,49.0,Active
S00784,C00784,Basic,2025-06-14,2025-10-04,Monthly,19.0,Cancelled
S00785,C00785,Basic,2025-07-06,,Monthly,19.0,Active
S00786,C00786,Professional,2026-04-29,,Annual,41.65,Active
S00787,C00787,Professional,2025-07-10,,Monthly,49.0,Active
S00788,C00788,Professional,2025-03-29,2025-05-11,Monthly,49.0,Cancelled
S00789,C00789,Basic,2025-12-02,2026-03-15,Monthly,19.0,Cancelled
S00790,C00790,Basic,2026-04-19,,Monthly,19.0,Active
S00791,C00791,Basic,2025-04-19,,Annual,16.15,Active
S00792,C00792,Basic,2025-01-20,,Annual,16.15,Active
S00793,C00793,Free,2025-01-14,,Monthly,0.0,Active
S00794,C00794,Professional,2026-03-18,,Monthly,49.0,Active
S00795,C00795,Professional,2025-02-19,,Annual,41.65,Active
S00796,C00796,Free,2025-05-23,,Monthly,0.0,Active
S00797,C00797,Professional,2026-03-04,,Monthly,49.0,Active
S00798,C00798,Free,2025-04-10,,Monthly,0.0,Active
S00799,C00799,Professional,2026-01-22,,Annual,41.65,Active
S00800,C00800,Basic,2025-10-02,2026-01-06,Monthly,19.0,Cancelled
S00801,C00801,Professional,2026-01-27,,Annual,41.65,Active
S00802,C00802,Professional,2026-03-18,,Monthly,49.0,Active
S00803,C00803,Basic,2025-02-21,2025-09-28,Annual,16.15,Cancelled
S00804,C00804,Free,2025-01-26,,Monthly,0.0,Active
S00805,C00805,Basic,2026-04-25,2026-05-20,Monthly,19.0,Cancelled
S00806,C00806,Professional,2025-01-16,2026-01-04,Monthly,49.0,Cancelled
S00807,C00807,Free,2025-02-10,,Annual,0.0,Active
S00808,C00808,Basic,2025-01-13,,Annual,16.15,Active
S00809,C00809,Basic,2025-06-06,2025-09-16,Monthly,19.0,Cancelled
S00810,C00810,Business,2025-06-29,2026-04-16,Monthly,99.0,Cancelled
S00811,C00811,Basic,2025-06-04,,Monthly,19.0,Active
S00812,C00812,Free,2026-01-02,,Monthly,0.0,Active
S00813,C00813,Professional,2025-05-21,,Monthly,49.0,Active
S00814,C00814,Basic,2025-11-11,,Monthly,19.0,Active
S00815,C00815,Free,2025-02-20,,Monthly,0.0,Active
S00816,C00816,Basic,2026-01-10,,Annual,16.15,Active
S00817,C00817,Basic,2026-02-05,,Monthly,19.0,Active
S00818,C00818,Professional,2025-10-26,,Monthly,49.0,Active
S00819,C00819,Basic,2026-02-03,,Monthly,19.0,Active
S00820,C00820,Business,2025-08-12,,Monthly,99.0,Active
S00821,C00821,Professional,2025-06-03,,Monthly,49.0,Active
S00822,C00822,Basic,2026-02-17,2026-05-26,Monthly,19.0,Cancelled
S00823,C00823,Business,2025-08-30,,Monthly,99.0,Active
S00824,C00824,Basic,2025-08-28,,Monthly,19.0,Active
S00825,C00825,Basic,2025-04-03,,Annual,16.15,Active
S00826,C00826,Free,2025-09-10,,Monthly,0.0,Active
S00827,C00827,Professional,2025-03-02,,Monthly,49.0,Active
S00828,C00828,Business,2026-01-17,,Monthly,99.0,Active
S00829,C00829,Professional,2025-03-25,,Monthly,49.0,Active
S00830,C00830,Professional,2026-01-20,,Monthly,49.0,Active
S00831,C00831,Professional,2026-05-13,,Monthly,49.0,Active
S00832,C00832,Basic,2025-06-03,,Monthly,19.0,Active
S00833,C00833,Basic,2025-03-09,,Monthly,19.0,Active
S00834,C00834,Professional,2025-07-10,,Monthly,49.0,Active
S00835,C00835,Free,2025-06-29,,Monthly,0.0,Active
S00836,C00836,Basic,2026-01-18,,Monthly,19.0,Active
S00837,C00837,Professional,2025-12-17,,Monthly,49.0,Active
S00838,C00838,Professional,2026-03-15,2026-05-29,Annual,41.65,Cancelled
S00839,C00839,Professional,2025-05-28,,Monthly,49.0,Active
S00840,C00840,Business,2025-09-26,,Monthly,99.0,Active
S00841,C00841,Basic,2025-04-03,2025-11-09,Monthly,19.0,Cancelled
S00842,C00842,Basic,2026-01-21,,Monthly,19.0,Active
S00843,C00843,Free,2025-10-12,2026-06-15,Monthly,0.0,Cancelled
S00844,C00844,Basic,2025-08-27,,Monthly,19.0,Active
S00845,C00845,Professional,2025-07-24,,Monthly,49.0,Active
S00846,C00846,Free,2025-01-12,,Monthly,0.0,Active
S00847,C00847,Basic,2025-07-23,,Annual,16.15,Active
S00848,C00848,Free,2026-01-22,,Monthly,0.0,Active
S00849,C00849,Professional,2025-12-11,,Monthly,49.0,Active
S00850,C00850,Professional,2026-03-18,,Monthly,49.0,Active
S00851,C00851,Professional,2025-06-30,,Monthly,49.0,Active
S00852,C00852,Professional,2026-03-06,,Annual,41.65,Active
S00853,C00853,Professional,2025-12-27,2026-06-24,Monthly,49.0,Cancelled
S00854,C00854,Basic,2026-03-31,,Monthly,19.0,Active
S00855,C00855,Professional,2025-07-02,,Annual,41.65,Active
S00856,C00856,Business,2025-10-02,,Monthly,99.0,Active
S00857,C00857,Professional,2025-08-15,,Monthly,49.0,Active
S00858,C00858,Professional,2025-05-16,,Monthly,49.0,Active
S00859,C00859,Professional,2025-09-08,,Monthly,49.0,Active
S00860,C00860,Basic,2026-04-26,,Monthly,19.0,Active
S00861,C00861,Basic,2026-02-04,2026-04-12,Monthly,19.0,Cancelled
S00862,C00862,Professional,2026-04-02,,Monthly,49.0,Active
S00863,C00863,Free,2025-08-10,,Annual,0.0,Active
S00864,C00864,Basic,2025-09-08,,Monthly,19.0,Active
S00865,C00865,Business,2025-01-25,2025-06-11,Monthly,99.0,Cancelled
S00866,C00866,Professional,2025-10-28,2026-02-16,Monthly,49.0,Cancelled
S00867,C00867,Professional,2025-11-01,,Monthly,49.0,Active
S00868,C00868,Professional,2025-12-29,,Monthly,49.0,Active
S00869,C00869,Business,2025-06-03,,Monthly,99.0,Active
S00870,C00870,Basic,2025-10-02,,Monthly,19.0,Active
S00871,C00871,Business,2025-06-19,,Monthly,99.0,Active
S00872,C00872,Professional,2026-03-19,,Monthly,49.0,Active
S00873,C00873,Professional,2026-01-23,,Monthly,49.0,Active
S00874,C00874,Basic,2026-01-12,2026-02-20,Monthly,19.0,Cancelled
S00875,C00875,Basic,2025-12-16,2026-04-17,Monthly,19.0,Cancelled
S00876,C00876,Free,2025-03-31,,Monthly,0.0,Active
S00877,C00877,Professional,2025-01-03,2025-02-18,Monthly,49.0,Cancelled
S00878,C00878,Business,2025-07-19,,Annual,84.15,Active
S00879,C00879,Professional,2025-04-03,,Annual,41.65,Active
S00880,C00880,Professional,2025-12-31,,Annual,41.65,Active
S00881,C00881,Basic,2025-08-12,,Annual,16.15,Active
S00882,C00882,Basic,2025-03-13,,Monthly,19.0,Active
S00883,C00883,Basic,2026-02-27,,Monthly,19.0,Active
S00884,C00884,Professional,2025-12-17,,Monthly,49.0,Active
S00885,C00885,Basic,2025-10-11,2026-02-07,Annual,16.15,Cancelled
S00886,C00886,Basic,2025-09-02,,Monthly,19.0,Active
S00887,C00887,Basic,2025-01-03,2025-03-13,Monthly,19.0,Cancelled
S00888,C00888,Professional,2025-03-06,,Monthly,49.0,Active
S00889,C00889,Professional,2026-03-10,2026-04-10,Annual,41.65,Cancelled
S00890,C00890,Professional,2026-04-05,,Monthly,49.0,Active
S00891,C00891,Professional,2025-10-14,,Monthly,49.0,Active
S00892,C00892,Professional,2025-10-03,2025-10-30,Annual,41.65,Cancelled
S00893,C00893,Basic,2026-04-23,2026-05-18,Monthly,19.0,Cancelled
S00894,C00894,Free,2025-01-19,,Monthly,0.0,Active
S00895,C00895,Professional,2025-07-14,,Monthly,49.0,Active
S00896,C00896,Basic,2025-04-21,,Monthly,19.0,Active
S00897,C00897,Basic,2026-04-29,2026-06-30,Monthly,19.0,Cancelled
S00898,C00898,Business,2025-03-02,,Annual,84.15,Active
S00899,C00899,Professional,2025-12-08,,Monthly,49.0,Active
S00900,C00900,Business,2026-03-03,,Annual,84.15,Active
S00901,C00901,Professional,2025-02-22,,Monthly,49.0,Active
S00902,C00902,Free,2026-01-02,,Monthly,0.0,Active
S00903,C00903,Basic,2025-09-29,,Monthly,19.0,Active
S00904,C00904,Basic,2025-03-10,,Annual,16.15,Active
S00905,C00905,Professional,2025-03-21,,Annual,41.65,Active
S00906,C00906,Basic,2025-10-31,,Monthly,19.0,Active
S00907,C00907,Business,2026-01-21,,Monthly,99.0,Active
S00908,C00908,Basic,2026-04-11,2026-06-01,Annual,16.15,Cancelled
S00909,C00909,Free,2025-12-02,,Monthly,0.0,Active
S00910,C00910,Professional,2025-03-25,,Monthly,49.0,Active
S00911,C00911,Basic,2025-10-06,,Monthly,19.0,Active
S00912,C00912,Business,2025-12-04,,Annual,84.15,Active
S00913,C00913,Basic,2025-11-19,,Annual,16.15,Active
S00914,C00914,Professional,2025-11-04,,Monthly,49.0,Active
S00915,C00915,Basic,2025-08-19,2026-04-29,Monthly,19.0,Cancelled
S00916,C00916,Professional,2026-05-05,,Annual,41.65,Active
S00917,C00917,Professional,2025-01-19,,Monthly,49.0,Active
S00918,C00918,Professional,2026-01-09,,Annual,41.65,Active
S00919,C00919,Free,2025-08-06,,Monthly,0.0,Active
S00920,C00920,Basic,2025-03-07,,Monthly,19.0,Active
S00921,C00921,Business,2025-02-19,,Annual,84.15,Active
S00922,C00922,Business,2025-09-09,2025-11-10,Monthly,99.0,Cancelled
S00923,C00923,Basic,2025-06-14,,Monthly,19.0,Active
S00924,C00924,Basic,2026-04-27,,Monthly,19.0,Active
S00925,C00925,Professional,2025-09-04,2026-05-02,Monthly,49.0,Cancelled
S00926,C00926,Basic,2026-03-09,,Monthly,19.0,Active
S00927,C00927,Basic,2025-12-22,,Monthly,19.0,Active
S00928,C00928,Basic,2025-06-16,,Annual,16.15,Active
S00929,C00929,Basic,2026-02-18,,Monthly,19.0,Active
S00930,C00930,Business,2025-05-29,,Annual,84.15,Active
S00931,C00931,Basic,2025-12-02,2026-05-04,Monthly,19.0,Cancelled
S00932,C00932,Professional,2026-02-20,,Monthly,49.0,Active
S00933,C00933,Professional,2026-02-24,,Monthly,49.0,Active
S00934,C00934,Professional,2026-01-25,,Annual,41.65,Active
S00935,C00935,Basic,2025-11-06,,Annual,16.15,Active
S00936,C00936,Professional,2026-01-31,,Monthly,49.0,Active
S00937,C00937,Basic,2025-04-03,,Monthly,19.0,Active
S00938,C00938,Basic,2025-08-07,,Monthly,19.0,Active
S00939,C00939,Basic,2026-04-27,2026-06-28,Monthly,19.0,Cancelled
S00940,C00940,Basic,2025-08-15,,Monthly,19.0,Active
S00941,C00941,Basic,2025-04-19,,Monthly,19.0,Active
S00942,C00942,Business,2025-05-29,,Monthly,99.0,Active
S00943,C00943,Professional,2025-10-08,,Annual,41.65,Active
S00944,C00944,Professional,2025-11-04,,Annual,41.65,Active
S00945,C00945,Professional,2025-12-31,,Monthly,49.0,Active
S00946,C00946,Professional,2026-01-05,,Monthly,49.0,Active
S00947,C00947,Basic,2025-01-01,,Monthly,19.0,Active
S00948,C00948,Basic,2025-09-21,,Annual,16.15,Active
S00949,C00949,Professional,2025-06-20,,Annual,41.65,Active
S00950,C00950,Professional,2026-04-03,2026-06-07,Monthly,49.0,Cancelled
S00951,C00951,Basic,2026-01-04,,Annual,16.15,Active
S00952,C00952,Free,2025-09-09,,Monthly,0.0,Active
S00953,C00953,Basic,2025-12-05,,Annual,16.15,Active
S00954,C00954,Business,2025-11-09,,Monthly,99.0,Active
S00955,C00955,Free,2025-11-23,,Monthly,0.0,Active
S00956,C00956,Business,2025-01-16,,Monthly,99.0,Active
S00957,C00957,Business,2026-03-22,,Monthly,99.0,Active
S00958,C00958,Basic,2025-01-13,,Monthly,19.0,Active
S00959,C00959,Professional,2025-05-02,,Annual,41.65,Active
S00960,C00960,Basic,2025-06-19,,Monthly,19.0,Active
S00961,C00961,Basic,2026-05-13,2026-06-05,Annual,16.15,Cancelled
S00962,C00962,Professional,2025-12-20,2026-01-20,Monthly,49.0,Cancelled
S00963,C00963,Basic,2026-01-07,2026-03-29,Monthly,19.0,Cancelled
S00964,C00964,Basic,2025-07-05,,Annual,16.15,Active
S00965,C00965,Professional,2026-01-16,,Monthly,49.0,Active
S00966,C00966,Professional,2025-04-04,,Annual,41.65,Active
S00967,C00967,Basic,2026-02-19,,Monthly,19.0,Active
S00968,C00968,Professional,2025-12-15,,Annual,41.65,Active
S00969,C00969,Professional,2025-10-10,,Monthly,49.0,Active
S00970,C00970,Professional,2025-12-22,,Annual,41.65,Active
S00971,C00971,Professional,2025-08-11,2026-04-17,Monthly,49.0,Cancelled
S00972,C00972,Basic,2026-04-16,,Monthly,19.0,Active
S00973,C00973,Professional,2026-04-16,,Monthly,49.0,Active
S00974,C00974,Basic,2025-11-03,,Monthly,19.0,Active
S00975,C00975,Free,2025-06-14,,Annual,0.0,Active
S00976,C00976,Free,2025-11-16,,Annual,0.0,Active
S00977,C00977,Professional,2025-08-31,,Monthly,49.0,Active
S00978,C00978,Basic,2026-03-21,2026-06-25,Monthly,19.0,Cancelled
S00979,C00979,Professional,2025-06-14,,Annual,41.65,Active
S00980,C00980,Free,2026-03-14,,Annual,0.0,Active
S00981,C00981,Professional,2025-10-05,,Monthly,49.0,Active
S00982,C00982,Professional,2026-01-23,2026-05-04,Annual,41.65,Cancelled
S00983,C00983,Professional,2026-05-06,,Monthly,49.0,Active
S00984,C00984,Professional,2025-02-16,,Monthly,49.0,Active
S00985,C00985,Business,2025-08-07,,Annual,84.15,Active
S00986,C00986,Basic,2025-07-01,,Monthly,19.0,Active
S00987,C00987,Free,2025-03-21,,Monthly,0.0,Active
S00988,C00988,Basic,2025-06-28,,Monthly,19.0,Active
S00989,C00989,Professional,2025-12-31,,Annual,41.65,Active
S00990,C00990,Basic,2026-01-09,2026-02-22,Annual,16.15,Cancelled
S00991,C00991,Basic,2025-10-02,,Annual,16.15,Active
S00992,C00992,Business,2025-11-24,2026-04-20,Monthly,99.0,Cancelled
S00993,C00993,Professional,2025-03-08,,Monthly,49.0,Active
S00994,C00994,Professional,2026-03-01,,Annual,41.65,Active
S00995,C00995,Professional,2025-06-03,,Monthly,49.0,Active
S00996,C00996,Basic,2025-09-16,,Monthly,19.0,Active
S00997,C00997,Professional,2026-01-15,,Monthly,49.0,Active
S00998,C00998,Business,2025-05-01,,Monthly,99.0,Active
S00999,C00999,Professional,2026-04-14,,Monthly,49.0,Active
S01000,C01000,Basic,2025-02-16,,Monthly,19.0,Active
S01001,C01001,Free,2025-11-05,,Monthly,0.0,Active
S01002,C01002,Professional,2026-04-28,,Monthly,49.0,Active
S01003,C01003,Professional,2025-09-09,,Monthly,49.0,Active
S01004,C01004,Free,2026-04-18,2026-05-11,Monthly,0.0,Cancelled
S01005,C01005,Basic,2025-02-22,,Annual,16.15,Active
S01006,C01006,Basic,2025-06-05,2026-01-20,Monthly,19.0,Cancelled
S01007,C01007,Basic,2025-04-03,2026-02-18,Annual,16.15,Cancelled
S01008,C01008,Professional,2025-05-15,,Annual,41.65,Active
S01009,C01009,Free,2025-10-13,,Monthly,0.0,Active
S01010,C01010,Professional,2025-07-10,,Monthly,49.0,Active
S01011,C01011,Basic,2025-03-15,,Monthly,19.0,Active
S01012,C01012,Basic,2025-03-14,,Annual,16.15,Active
S01013,C01013,Free,2025-05-20,,Monthly,0.0,Active
S01014,C01014,Professional,2026-05-15,,Monthly,49.0,Active
S01015,C01015,Professional,2026-04-12,,Monthly,49.0,Active
S01016,C01016,Business,2025-06-27,,Monthly,99.0,Active
S01017,C01017,Professional,2025-10-05,,Annual,41.65,Active
S01018,C01018,Professional,2025-11-13,,Annual,41.65,Active
S01019,C01019,Free,2025-09-30,,Annual,0.0,Active
S01020,C01020,Basic,2025-10-12,,Annual,16.15,Active
S01021,C01021,Business,2026-04-21,,Monthly,99.0,Active
S01022,C01022,Basic,2026-05-01,2026-06-01,Monthly,19.0,Cancelled
S01023,C01023,Professional,2026-02-04,,Monthly,49.0,Active
S01024,C01024,Basic,2025-11-07,2025-12-06,Monthly,19.0,Cancelled
S01025,C01025,Professional,2026-01-11,,Monthly,49.0,Active
S01026,C01026,Basic,2025-02-05,,Annual,16.15,Active
S01027,C01027,Professional,2026-04-29,,Annual,41.65,Active
S01028,C01028,Basic,2025-10-19,,Monthly,19.0,Active
S01029,C01029,Business,2025-02-18,,Monthly,99.0,Active
S01030,C01030,Business,2025-01-15,,Monthly,99.0,Active
S01031,C01031,Free,2026-05-11,,Monthly,0.0,Active
S01032,C01032,Free,2025-02-09,,Monthly,0.0,Active
S01033,C01033,Professional,2025-01-15,,Monthly,49.0,Active
S01034,C01034,Basic,2026-02-20,,Monthly,19.0,Active
S01035,C01035,Professional,2025-11-21,,Monthly,49.0,Active
S01036,C01036,Free,2025-01-08,2025-03-28,Annual,0.0,Cancelled
S01037,C01037,Business,2025-09-02,,Monthly,99.0,Active
S01038,C01038,Professional,2025-08-24,,Monthly,49.0,Active
S01039,C01039,Free,2025-08-20,,Monthly,0.0,Active
S01040,C01040,Free,2025-03-05,,Monthly,0.0,Active
S01041,C01041,Professional,2025-05-07,,Annual,41.65,Active
S01042,C01042,Professional,2025-03-27,,Monthly,49.0,Active
S01043,C01043,Professional,2026-03-29,,Monthly,49.0,Active
S01044,C01044,Professional,2026-05-13,,Monthly,49.0,Active
S01045,C01045,Professional,2026-02-25,2026-05-10,Monthly,49.0,Cancelled
S01046,C01046,Basic,2025-02-17,,Monthly,19.0,Active
S01047,C01047,Business,2025-08-18,,Monthly,99.0,Active
S01048,C01048,Basic,2025-09-03,,Monthly,19.0,Active
S01049,C01049,Business,2026-01-22,2026-06-17,Monthly,99.0,Cancelled
S01050,C01050,Basic,2026-05-02,,Monthly,19.0,Active
S01051,C01051,Business,2025-06-12,,Monthly,99.0,Active
S01052,C01052,Professional,2025-09-10,2026-05-03,Annual,41.65,Cancelled
S01053,C01053,Basic,2025-10-25,,Monthly,19.0,Active
S01054,C01054,Basic,2026-01-29,,Monthly,19.0,Active
S01055,C01055,Basic,2026-01-21,,Monthly,19.0,Active
S01056,C01056,Free,2025-05-19,,Annual,0.0,Active
S01057,C01057,Business,2025-05-26,,Annual,84.15,Active
S01058,C01058,Business,2025-09-22,2026-04-13,Monthly,99.0,Cancelled
S01059,C01059,Business,2026-05-11,,Monthly,99.0,Active
S01060,C01060,Basic,2025-09-02,,Annual,16.15,Active
S01061,C01061,Basic,2025-03-31,,Monthly,19.0,Active
S01062,C01062,Basic,2025-10-31,,Monthly,19.0,Active
S01063,C01063,Business,2025-04-25,,Monthly,99.0,Active
S01064,C01064,Basic,2025-03-28,,Annual,16.15,Active
S01065,C01065,Basic,2025-03-29,,Monthly,19.0,Active
S01066,C01066,Basic,2025-12-30,2026-05-17,Monthly,19.0,Cancelled
S01067,C01067,Business,2026-03-24,,Monthly,99.0,Active
S01068,C01068,Business,2026-02-21,,Monthly,99.0,Active
S01069,C01069,Free,2025-08-02,,Annual,0.0,Active
S01070,C01070,Basic,2025-09-23,,Monthly,19.0,Active
S01071,C01071,Basic,2026-02-23,,Monthly,19.0,Active
S01072,C01072,Free,2025-07-15,,Monthly,0.0,Active
S01073,C01073,Professional,2025-12-29,2026-06-16,Monthly,49.0,Cancelled
S01074,C01074,Basic,2025-06-16,,Monthly,19.0,Active
S01075,C01075,Basic,2025-04-08,,Monthly,19.0,Active
S01076,C01076,Professional,2025-12-18,,Monthly,49.0,Active
S01077,C01077,Basic,2025-09-19,,Monthly,19.0,Active
S01078,C01078,Business,2025-05-01,,Monthly,99.0,Active
S01079,C01079,Basic,2026-01-15,2026-04-18,Annual,16.15,Cancelled
S01080,C01080,Basic,2026-04-03,2026-05-30,Monthly,19.0,Cancelled
S01081,C01081,Basic,2025-11-10,2026-01-10,Annual,16.15,Cancelled
S01082,C01082,Professional,2026-05-04,,Monthly,49.0,Active
S01083,C01083,Business,2026-05-01,,Monthly,99.0,Active
S01084,C01084,Professional,2026-03-10,,Monthly,49.0,Active
S01085,C01085,Basic,2025-04-18,,Annual,16.15,Active
S01086,C01086,Basic,2026-04-26,,Monthly,19.0,Active
S01087,C01087,Business,2025-02-25,,Monthly,99.0,Active
S01088,C01088,Professional,2025-11-28,,Monthly,49.0,Active
S01089,C01089,Basic,2025-07-10,,Monthly,19.0,Active
S01090,C01090,Professional,2025-12-09,2026-04-26,Monthly,49.0,Cancelled
S01091,C01091,Basic,2026-01-09,2026-05-30,Monthly,19.0,Cancelled
S01092,C01092,Professional,2025-01-02,,Monthly,49.0,Active
S01093,C01093,Basic,2025-09-04,,Monthly,19.0,Active
S01094,C01094,Professional,2026-02-02,2026-03-09,Monthly,49.0,Cancelled
S01095,C01095,Free,2025-04-09,,Monthly,0.0,Active
S01096,C01096,Basic,2025-07-29,2026-03-06,Monthly,19.0,Cancelled
S01097,C01097,Basic,2026-03-20,2026-06-10,Monthly,19.0,Cancelled
S01098,C01098,Basic,2026-03-01,,Monthly,19.0,Active
S01099,C01099,Professional,2025-08-23,,Monthly,49.0,Active
S01100,C01100,Professional,2025-03-21,,Monthly,49.0,Active
S01101,C01101,Basic,2025-12-08,,Monthly,19.0,Active
S01102,C01102,Basic,2026-04-04,,Annual,16.15,Active
S01103,C01103,Basic,2025-08-29,2026-05-16,Monthly,19.0,Cancelled
S01104,C01104,Business,2025-08-24,,Monthly,99.0,Active
S01105,C01105,Basic,2025-05-30,,Monthly,19.0,Active
S01106,C01106,Business,2025-08-30,,Monthly,99.0,Active
S01107,C01107,Professional,2025-12-14,,Monthly,49.0,Active
S01108,C01108,Business,2025-06-30,,Monthly,99.0,Active
S01109,C01109,Professional,2026-03-08,,Monthly,49.0,Active
S01110,C01110,Basic,2025-08-14,,Monthly,19.0,Active
S01111,C01111,Basic,2025-09-24,,Monthly,19.0,Active
S01112,C01112,Business,2025-07-02,,Monthly,99.0,Active
S01113,C01113,Professional,2025-08-25,,Monthly,49.0,Active
S01114,C01114,Business,2025-10-18,,Monthly,99.0,Active
S01115,C01115,Basic,2025-12-26,,Monthly,19.0,Active
S01116,C01116,Professional,2025-11-19,,Monthly,49.0,Active
S01117,C01117,Professional,2026-03-20,,Monthly,49.0,Active
S01118,C01118,Professional,2025-08-10,,Monthly,49.0,Active
S01119,C01119,Professional,2025-10-17,,Annual,41.65,Active
S01120,C01120,Basic,2026-04-26,,Monthly,19.0,Active
S01121,C01121,Basic,2025-10-19,,Monthly,19.0,Active
S01122,C01122,Business,2025-03-27,,Monthly,99.0,Active
S01123,C01123,Professional,2025-10-30,,Annual,41.65,Active
S01124,C01124,Basic,2025-01-29,,Monthly,19.0,Active
S01125,C01125,Professional,2025-11-03,,Monthly,49.0,Active
S01126,C01126,Free,2025-12-01,,Monthly,0.0,Active
S01127,C01127,Basic,2025-08-02,,Monthly,19.0,Active
S01128,C01128,Business,2026-04-16,,Monthly,99.0,Active
S01129,C01129,Free,2025-01-24,,Monthly,0.0,Active
S01130,C01130,Business,2026-01-08,,Monthly,99.0,Active
S01131,C01131,Professional,2025-09-30,,Annual,41.65,Active
S01132,C01132,Professional,2025-12-15,,Monthly,49.0,Active
S01133,C01133,Professional,2025-01-23,,Monthly,49.0,Active
S01134,C01134,Professional,2025-05-21,2025-07-06,Monthly,49.0,Cancelled
S01135,C01135,Business,2026-04-11,,Monthly,99.0,Active
S01136,C01136,Free,2025-02-11,,Monthly,0.0,Active
S01137,C01137,Basic,2025-07-25,,Monthly,19.0,Active
S01138,C01138,Professional,2025-03-18,,Annual,41.65,Active
S01139,C01139,Professional,2025-06-08,2025-12-18,Monthly,49.0,Cancelled
S01140,C01140,Basic,2026-01-03,,Annual,16.15,Active
S01141,C01141,Basic,2025-02-09,2026-03-03,Monthly,19.0,Cancelled
S01142,C01142,Professional,2026-02-13,,Annual,41.65,Active
S01143,C01143,Professional,2025-03-13,,Annual,41.65,Active
S01144,C01144,Business,2025-04-07,,Annual,84.15,Active
S01145,C01145,Basic,2025-07-25,,Monthly,19.0,Active
S01146,C01146,Basic,2025-05-07,,Annual,16.15,Active
S01147,C01147,Basic,2025-04-21,,Monthly,19.0,Active
S01148,C01148,Business,2025-02-09,,Monthly,99.0,Active
S01149,C01149,Business,2025-04-06,,Monthly,99.0,Active
S01150,C01150,Basic,2025-02-20,,Annual,16.15,Active
S01151,C01151,Basic,2025-09-24,,Annual,16.15,Active
S01152,C01152,Business,2025-02-10,,Monthly,99.0,Active
S01153,C01153,Basic,2026-05-06,,Monthly,19.0,Active
S01154,C01154,Basic,2026-05-06,,Monthly,19.0,Active
S01155,C01155,Basic,2025-02-12,,Monthly,19.0,Active
S01156,C01156,Professional,2025-08-27,,Monthly,49.0,Active
S01157,C01157,Business,2025-05-21,2026-05-12,Annual,84.15,Cancelled
S01158,C01158,Professional,2025-05-06,,Monthly,49.0,Active
S01159,C01159,Basic,2025-06-28,,Annual,16.15,Active
S01160,C01160,Basic,2025-05-12,,Monthly,19.0,Active
S01161,C01161,Basic,2025-10-19,,Monthly,19.0,Active
S01162,C01162,Professional,2025-10-15,,Monthly,49.0,Active
S01163,C01163,Free,2026-01-23,,Monthly,0.0,Active
S01164,C01164,Professional,2025-01-06,,Annual,41.65,Active
S01165,C01165,Basic,2025-04-06,,Monthly,19.0,Active
S01166,C01166,Professional,2025-04-07,,Annual,41.65,Active
S01167,C01167,Free,2025-04-28,,Monthly,0.0,Active
S01168,C01168,Professional,2025-11-23,,Monthly,49.0,Active
S01169,C01169,Business,2025-04-24,,Annual,84.15,Active
S01170,C01170,Professional,2025-12-17,,Monthly,49.0,Active
S01171,C01171,Business,2025-07-20,,Annual,84.15,Active
S01172,C01172,Business,2026-01-01,,Monthly,99.0,Active
S01173,C01173,Basic,2025-10-07,2026-05-11,Monthly,19.0,Cancelled
S01174,C01174,Professional,2025-07-19,2026-03-03,Monthly,49.0,Cancelled
S01175,C01175,Business,2025-06-25,,Monthly,99.0,Active
S01176,C01176,Business,2025-08-08,,Annual,84.15,Active
S01177,C01177,Free,2025-06-06,,Monthly,0.0,Active
S01178,C01178,Basic,2025-10-02,,Monthly,19.0,Active
S01179,C01179,Free,2025-12-28,,Monthly,0.0,Active
S01180,C01180,Business,2025-04-22,,Monthly,99.0,Active
S01181,C01181,Business,2025-08-29,,Monthly,99.0,Active
S01182,C01182,Basic,2025-03-26,,Monthly,19.0,Active
S01183,C01183,Professional,2025-11-16,,Monthly,49.0,Active
S01184,C01184,Professional,2025-11-28,,Annual,41.65,Active
S01185,C01185,Professional,2026-02-01,,Monthly,49.0,Active
S01186,C01186,Professional,2026-01-30,,Annual,41.65,Active
S01187,C01187,Free,2025-05-15,,Annual,0.0,Active
S01188,C01188,Basic,2025-03-24,,Annual,16.15,Active
S01189,C01189,Business,2025-02-08,,Monthly,99.0,Active
S01190,C01190,Free,2026-01-12,,Monthly,0.0,Active
S01191,C01191,Free,2025-12-10,2026-05-20,Monthly,0.0,Cancelled
S01192,C01192,Business,2026-05-05,,Monthly,99.0,Active
S01193,C01193,Basic,2025-08-10,,Monthly,19.0,Active
S01194,C01194,Professional,2025-10-27,,Annual,41.65,Active
S01195,C01195,Professional,2025-06-14,,Monthly,49.0,Active
S01196,C01196,Free,2025-02-27,,Monthly,0.0,Active
S01197,C01197,Basic,2025-06-23,,Monthly,19.0,Active
S01198,C01198,Basic,2025-11-26,,Monthly,19.0,Active
S01199,C01199,Basic,2025-07-06,,Monthly,19.0,Active
S01200,C01200,Professional,2026-04-09,,Monthly,49.0,Active
S01201,C01201,Professional,2026-01-14,,Monthly,49.0,Active
S01202,C01202,Professional,2025-11-26,,Annual,41.65,Active
S01203,C01203,Professional,2025-11-21,,Monthly,49.0,Active
S01204,C01204,Basic,2026-01-05,,Monthly,19.0,Active
S01205,C01205,Free,2025-09-01,2025-09-26,Monthly,0.0,Cancelled
S01206,C01206,Basic,2025-05-10,,Monthly,19.0,Active
S01207,C01207,Basic,2025-05-07,2025-07-09,Monthly,19.0,Cancelled
S01208,C01208,Business,2026-03-30,2026-05-01,Monthly,99.0,Cancelled
S01209,C01209,Free,2025-06-27,2025-10-25,Monthly,0.0,Cancelled
S01210,C01210,Business,2025-03-19,,Monthly,99.0,Active
S01211,C01211,Basic,2025-06-26,,Monthly,19.0,Active
S01212,C01212,Free,2025-01-27,,Monthly,0.0,Active
S01213,C01213,Basic,2025-01-25,,Monthly,19.0,Active
S01214,C01214,Professional,2026-03-27,,Annual,41.65,Active
S01215,C01215,Basic,2025-02-15,,Annual,16.15,Active
S01216,C01216,Professional,2025-09-03,,Annual,41.65,Active
S01217,C01217,Professional,2025-05-17,,Monthly,49.0,Active
S01218,C01218,Professional,2026-01-18,,Annual,41.65,Active
S01219,C01219,Basic,2025-08-05,,Monthly,19.0,Active
S01220,C01220,Basic,2025-09-28,,Monthly,19.0,Active
S01221,C01221,Business,2025-09-16,,Monthly,99.0,Active
S01222,C01222,Basic,2025-05-25,,Monthly,19.0,Active
S01223,C01223,Basic,2026-02-10,,Monthly,19.0,Active
S01224,C01224,Professional,2025-01-19,,Monthly,49.0,Active
S01225,C01225,Basic,2025-07-26,,Monthly,19.0,Active
S01226,C01226,Basic,2025-06-08,,Monthly,19.0,Active
S01227,C01227,Business,2025-11-03,,Monthly,99.0,Active
S01228,C01228,Business,2025-12-27,,Monthly,99.0,Active
S01229,C01229,Professional,2025-12-20,,Monthly,49.0,Active
S01230,C01230,Basic,2025-01-12,,Annual,16.15,Active
S01231,C01231,Basic,2026-05-07,,Monthly,19.0,Active
S01232,C01232,Basic,2026-02-15,,Monthly,19.0,Active
S01233,C01233,Business,2025-04-09,,Annual,84.15,Active
S01234,C01234,Professional,2025-09-25,2026-02-24,Monthly,49.0,Cancelled
S01235,C01235,Professional,2026-02-03,2026-04-17,Monthly,49.0,Cancelled
S01236,C01236,Basic,2026-01-24,,Monthly,19.0,Active
S01237,C01237,Basic,2025-11-25,,Monthly,19.0,Active
S01238,C01238,Professional,2026-01-25,,Monthly,49.0,Active
S01239,C01239,Free,2025-06-12,,Monthly,0.0,Active
S01240,C01240,Professional,2025-06-17,,Annual,41.65,Active
S01241,C01241,Business,2026-01-10,,Annual,84.15,Active
S01242,C01242,Business,2025-05-11,2025-09-13,Monthly,99.0,Cancelled
S01243,C01243,Free,2025-11-02,2026-03-11,Annual,0.0,Cancelled
S01244,C01244,Professional,2025-05-10,,Monthly,49.0,Active
S01245,C01245,Professional,2025-12-16,,Monthly,49.0,Active
S01246,C01246,Business,2026-01-26,2026-04-24,Monthly,99.0,Cancelled
S01247,C01247,Basic,2026-05-03,,Annual,16.15,Active
S01248,C01248,Professional,2025-08-22,,Monthly,49.0,Active
S01249,C01249,Professional,2026-01-31,2026-03-06,Monthly,49.0,Cancelled
S01250,C01250,Professional,2025-06-03,,Annual,41.65,Active
S01251,C01251,Professional,2025-12-05,,Annual,41.65,Active
S01252,C01252,Professional,2025-04-10,,Annual,41.65,Active
S01253,C01253,Professional,2025-02-28,,Monthly,49.0,Active
S01254,C01254,Basic,2025-02-21,,Annual,16.15,Active
S01255,C01255,Professional,2025-08-24,,Monthly,49.0,Active
S01256,C01256,Free,2025-12-30,,Annual,0.0,Active
S01257,C01257,Professional,2025-02-10,,Monthly,49.0,Active
S01258,C01258,Basic,2025-12-27,2026-04-23,Monthly,19.0,Cancelled
S01259,C01259,Professional,2026-01-30,,Annual,41.65,Active
S01260,C01260,Basic,2026-04-08,,Monthly,19.0,Active
S01261,C01261,Professional,2025-09-17,2026-06-15,Monthly,49.0,Cancelled
S01262,C01262,Basic,2025-08-29,,Annual,16.15,Active
S01263,C01263,Basic,2025-12-15,,Annual,16.15,Active
S01264,C01264,Basic,2025-02-27,,Monthly,19.0,Active
S01265,C01265,Free,2025-10-04,,Monthly,0.0,Active
S01266,C01266,Basic,2025-03-13,,Monthly,19.0,Active
S01267,C01267,Basic,2025-10-06,,Monthly,19.0,Active
S01268,C01268,Business,2025-03-03,,Annual,84.15,Active
S01269,C01269,Basic,2026-02-08,,Monthly,19.0,Active
S01270,C01270,Basic,2025-08-20,,Monthly,19.0,Active
S01271,C01271,Basic,2025-04-15,2026-04-08,Annual,16.15,Cancelled
S01272,C01272,Free,2025-10-13,,Annual,0.0,Active
S01273,C01273,Basic,2026-04-08,2026-06-21,Monthly,19.0,Cancelled
S01274,C01274,Business,2026-05-03,,Monthly,99.0,Active
S01275,C01275,Professional,2025-01-19,,Monthly,49.0,Active
S01276,C01276,Business,2025-11-12,,Monthly,99.0,Active
S01277,C01277,Business,2025-10-26,2026-05-29,Annual,84.15,Cancelled
S01278,C01278,Free,2026-05-13,2026-06-27,Monthly,0.0,Cancelled
S01279,C01279,Business,2025-02-26,,Monthly,99.0,Active
S01280,C01280,Professional,2026-04-25,,Monthly,49.0,Active
S01281,C01281,Basic,2025-01-17,2025-07-03,Monthly,19.0,Cancelled
S01282,C01282,Professional,2025-10-04,,Annual,41.65,Active
S01283,C01283,Professional,2025-09-13,,Annual,41.65,Active
S01284,C01284,Business,2026-04-27,,Monthly,99.0,Active
S01285,C01285,Professional,2025-02-10,,Monthly,49.0,Active
S01286,C01286,Professional,2026-01-23,,Annual,41.65,Active
S01287,C01287,Basic,2025-01-04,2025-05-03,Monthly,19.0,Cancelled
S01288,C01288,Free,2026-05-09,,Annual,0.0,Active
S01289,C01289,Professional,2025-12-05,,Monthly,49.0,Active
S01290,C01290,Professional,2026-01-24,,Annual,41.65,Active
S01291,C01291,Basic,2025-01-09,,Annual,16.15,Active
S01292,C01292,Basic,2026-02-19,,Monthly,19.0,Active
S01293,C01293,Business,2025-12-17,,Monthly,99.0,Active
S01294,C01294,Professional,2026-05-01,2026-06-06,Annual,41.65,Cancelled
S01295,C01295,Free,2025-03-25,2026-01-07,Monthly,0.0,Cancelled
S01296,C01296,Basic,2026-03-13,,Annual,16.15,Active
S01297,C01297,Free,2025-01-26,,Monthly,0.0,Active
S01298,C01298,Basic,2025-06-24,,Monthly,19.0,Active
S01299,C01299,Basic,2026-01-28,2026-06-16,Monthly,19.0,Cancelled
S01300,C01300,Professional,2025-01-05,2026-01-21,Monthly,49.0,Cancelled
S01301,C01301,Basic,2025-08-03,,Annual,16.15,Active
S01302,C01302,Basic,2025-03-06,,Annual,16.15,Active
S01303,C01303,Professional,2025-02-12,,Annual,41.65,Active
S01304,C01304,Basic,2025-09-04,2025-10-04,Annual,16.15,Cancelled
S01305,C01305,Business,2026-04-17,,Monthly,99.0,Active
S01306,C01306,Free,2026-03-22,2026-05-09,Monthly,0.0,Cancelled
S01307,C01307,Business,2025-05-16,,Monthly,99.0,Active
S01308,C01308,Business,2026-05-01,,Monthly,99.0,Active
S01309,C01309,Basic,2026-03-09,,Monthly,19.0,Active
S01310,C01310,Professional,2025-10-06,,Monthly,49.0,Active
S01311,C01311,Professional,2025-03-24,,Monthly,49.0,Active
S01312,C01312,Professional,2025-12-04,,Monthly,49.0,Active
S01313,C01313,Professional,2026-01-11,,Monthly,49.0,Active
S01314,C01314,Professional,2025-10-20,,Monthly,49.0,Active
S01315,C01315,Basic,2026-04-09,,Monthly,19.0,Active
S01316,C01316,Basic,2026-01-26,,Annual,16.15,Active
S01317,C01317,Professional,2025-09-22,,Monthly,49.0,Active
S01318,C01318,Professional,2026-03-08,,Monthly,49.0,Active
S01319,C01319,Professional,2026-04-10,,Monthly,49.0,Active
S01320,C01320,Basic,2025-12-21,,Monthly,19.0,Active
S01321,C01321,Free,2025-05-13,,Monthly,0.0,Active
S01322,C01322,Basic,2025-04-07,,Annual,16.15,Active
S01323,C01323,Free,2025-06-22,,Monthly,0.0,Active
S01324,C01324,Business,2025-07-12,,Monthly,99.0,Active
S01325,C01325,Basic,2026-01-25,,Monthly,19.0,Active
S01326,C01326,Professional,2025-11-22,,Monthly,49.0,Active
S01327,C01327,Professional,2025-11-19,,Monthly,49.0,Active
S01328,C01328,Professional,2026-03-21,,Monthly,49.0,Active
S01329,C01329,Basic,2025-08-23,,Monthly,19.0,Active
S01330,C01330,Basic,2026-02-10,2026-06-14,Monthly,19.0,Cancelled
S01331,C01331,Professional,2026-01-16,,Annual,41.65,Active
S01332,C01332,Basic,2025-08-29,,Monthly,19.0,Active
S01333,C01333,Professional,2025-03-09,,Annual,41.65,Active
S01334,C01334,Professional,2026-04-04,,Annual,41.65,Active
S01335,C01335,Business,2026-02-06,,Monthly,99.0,Active
S01336,C01336,Free,2025-11-03,,Monthly,0.0,Active
S01337,C01337,Basic,2025-03-26,,Monthly,19.0,Active
S01338,C01338,Business,2025-03-25,,Monthly,99.0,Active
S01339,C01339,Professional,2025-03-16,,Monthly,49.0,Active
S01340,C01340,Basic,2025-08-25,2026-06-01,Annual,16.15,Cancelled
S01341,C01341,Professional,2025-06-30,,Monthly,49.0,Active
S01342,C01342,Basic,2026-01-14,,Monthly,19.0,Active
S01343,C01343,Basic,2026-05-12,,Annual,16.15,Active
S01344,C01344,Basic,2025-05-29,,Monthly,19.0,Active
S01345,C01345,Professional,2025-05-22,,Monthly,49.0,Active
S01346,C01346,Basic,2025-10-20,,Monthly,19.0,Active
S01347,C01347,Professional,2026-04-18,,Monthly,49.0,Active
S01348,C01348,Professional,2025-10-02,,Monthly,49.0,Active
S01349,C01349,Basic,2026-01-27,,Annual,16.15,Active
S01350,C01350,Basic,2025-03-25,,Monthly,19.0,Active
S01351,C01351,Business,2025-11-30,,Monthly,99.0,Active
S01352,C01352,Basic,2025-05-05,,Monthly,19.0,Active
S01353,C01353,Professional,2026-01-07,,Annual,41.65,Active
S01354,C01354,Basic,2025-10-14,,Annual,16.15,Active
S01355,C01355,Professional,2026-02-02,,Annual,41.65,Active
S01356,C01356,Professional,2025-07-20,,Monthly,49.0,Active
S01357,C01357,Basic,2025-04-08,,Annual,16.15,Active
S01358,C01358,Professional,2025-10-25,,Monthly,49.0,Active
S01359,C01359,Professional,2026-02-17,,Monthly,49.0,Active
S01360,C01360,Professional,2025-05-13,2026-01-31,Monthly,49.0,Cancelled
S01361,C01361,Professional,2026-03-02,,Monthly,49.0,Active
S01362,C01362,Professional,2025-11-14,,Monthly,49.0,Active
S01363,C01363,Basic,2026-01-09,,Monthly,19.0,Active
S01364,C01364,Basic,2026-02-04,,Annual,16.15,Active
S01365,C01365,Professional,2026-04-09,,Monthly,49.0,Active
S01366,C01366,Free,2026-02-16,,Monthly,0.0,Active
S01367,C01367,Professional,2025-10-02,,Monthly,49.0,Active
S01368,C01368,Basic,2025-09-09,,Annual,16.15,Active
S01369,C01369,Basic,2026-01-11,,Monthly,19.0,Active
S01370,C01370,Professional,2026-02-07,,Monthly,49.0,Active
S01371,C01371,Professional,2026-04-14,,Monthly,49.0,Active
S01372,C01372,Free,2025-07-14,,Monthly,0.0,Active
S01373,C01373,Business,2026-03-29,,Annual,84.15,Active
S01374,C01374,Basic,2025-05-28,,Monthly,19.0,Active
S01375,C01375,Professional,2026-05-14,,Annual,41.65,Active
S01376,C01376,Professional,2026-03-10,,Annual,41.65,Active
S01377,C01377,Free,2025-07-03,,Monthly,0.0,Active
S01378,C01378,Basic,2025-04-03,,Monthly,19.0,Active
S01379,C01379,Free,2025-06-25,,Monthly,0.0,Active
S01380,C01380,Professional,2025-04-01,,Monthly,49.0,Active
S01381,C01381,Business,2025-01-28,,Annual,84.15,Active
S01382,C01382,Free,2025-11-19,,Monthly,0.0,Active
S01383,C01383,Basic,2025-05-30,,Monthly,19.0,Active
S01384,C01384,Free,2025-05-14,,Monthly,0.0,Active
S01385,C01385,Basic,2026-02-03,2026-05-22,Annual,16.15,Cancelled
S01386,C01386,Free,2025-08-05,,Monthly,0.0,Active
S01387,C01387,Basic,2025-10-16,,Annual,16.15,Active
S01388,C01388,Professional,2025-04-09,,Monthly,49.0,Active
S01389,C01389,Free,2026-04-01,,Monthly,0.0,Active
S01390,C01390,Basic,2025-12-18,,Monthly,19.0,Active
S01391,C01391,Basic,2025-06-13,,Monthly,19.0,Active
S01392,C01392,Professional,2025-05-16,,Annual,41.65,Active
S01393,C01393,Professional,2026-04-08,,Monthly,49.0,Active
S01394,C01394,Professional,2025-12-22,2026-02-03,Monthly,49.0,Cancelled
S01395,C01395,Professional,2025-03-29,,Monthly,49.0,Active
S01396,C01396,Basic,2026-04-09,2026-06-27,Annual,16.15,Cancelled
S01397,C01397,Professional,2025-09-18,,Annual,41.65,Active
S01398,C01398,Basic,2025-11-02,,Monthly,19.0,Active
S01399,C01399,Professional,2025-08-16,2025-09-26,Monthly,49.0,Cancelled
S01400,C01400,Business,2025-03-18,,Annual,84.15,Active
S01401,C01401,Free,2025-03-21,,Monthly,0.0,Active
S01402,C01402,Professional,2026-03-11,2026-06-21,Annual,41.65,Cancelled
S01403,C01403,Free,2025-04-28,,Monthly,0.0,Active
S01404,C01404,Professional,2025-09-05,,Monthly,49.0,Active
S01405,C01405,Business,2025-10-16,,Monthly,99.0,Active
S01406,C01406,Business,2025-11-15,,Monthly,99.0,Active
S01407,C01407,Basic,2025-06-14,,Monthly,19.0,Active
S01408,C01408,Basic,2025-03-21,,Annual,16.15,Active
S01409,C01409,Professional,2025-07-21,,Annual,41.65,Active
S01410,C01410,Professional,2025-12-13,,Monthly,49.0,Active
S01411,C01411,Basic,2025-11-10,2026-06-18,Annual,16.15,Cancelled
S01412,C01412,Professional,2025-10-26,,Monthly,49.0,Active
S01413,C01413,Basic,2026-01-25,,Annual,16.15,Active
S01414,C01414,Business,2025-01-17,,Annual,84.15,Active
S01415,C01415,Basic,2025-12-18,2026-05-30,Monthly,19.0,Cancelled
S01416,C01416,Basic,2025-11-25,,Monthly,19.0,Active
S01417,C01417,Basic,2025-04-12,,Annual,16.15,Active
S01418,C01418,Business,2025-10-10,,Monthly,99.0,Active
S01419,C01419,Basic,2026-01-28,,Monthly,19.0,Active
S01420,C01420,Basic,2025-09-26,2025-11-26,Annual,16.15,Cancelled
S01421,C01421,Professional,2026-02-01,,Monthly,49.0,Active
S01422,C01422,Free,2025-08-25,,Monthly,0.0,Active
S01423,C01423,Basic,2025-08-26,,Monthly,19.0,Active
S01424,C01424,Professional,2025-05-24,2025-08-07,Monthly,49.0,Cancelled
S01425,C01425,Basic,2025-10-31,2026-02-28,Monthly,19.0,Cancelled
S01426,C01426,Professional,2025-06-24,,Monthly,49.0,Active
S01427,C01427,Business,2025-09-20,,Monthly,99.0,Active
S01428,C01428,Basic,2025-01-28,2025-12-10,Annual,16.15,Cancelled
S01429,C01429,Basic,2025-09-21,2025-12-25,Annual,16.15,Cancelled
S01430,C01430,Business,2025-03-30,,Monthly,99.0,Active
S01431,C01431,Basic,2025-04-21,,Monthly,19.0,Active
S01432,C01432,Professional,2025-05-31,,Monthly,49.0,Active
S01433,C01433,Professional,2025-12-07,2026-02-15,Annual,41.65,Cancelled
S01434,C01434,Free,2025-06-26,2026-04-28,Monthly,0.0,Cancelled
S01435,C01435,Basic,2025-03-03,,Monthly,19.0,Active
S01436,C01436,Basic,2025-08-07,2025-11-21,Annual,16.15,Cancelled
S01437,C01437,Business,2025-04-27,,Monthly,99.0,Active
S01438,C01438,Professional,2025-09-12,,Monthly,49.0,Active
S01439,C01439,Business,2025-09-29,,Annual,84.15,Active
S01440,C01440,Basic,2025-05-22,,Annual,16.15,Active
S01441,C01441,Basic,2025-05-14,,Monthly,19.0,Active
S01442,C01442,Professional,2025-09-05,,Monthly,49.0,Active
S01443,C01443,Basic,2025-06-30,2026-01-08,Monthly,19.0,Cancelled
S01444,C01444,Business,2025-10-30,,Monthly,99.0,Active
S01445,C01445,Business,2025-04-21,,Monthly,99.0,Active
S01446,C01446,Basic,2025-07-16,,Monthly,19.0,Active
S01447,C01447,Professional,2025-08-30,,Annual,41.65,Active
S01448,C01448,Professional,2026-03-02,,Monthly,49.0,Active
S01449,C01449,Professional,2025-11-22,,Monthly,49.0,Active
S01450,C01450,Business,2025-03-15,,Monthly,99.0,Active
S01451,C01451,Basic,2026-02-05,,Monthly,19.0,Active
S01452,C01452,Business,2026-03-11,2026-05-01,Annual,84.15,Cancelled
S01453,C01453,Professional,2025-07-27,2026-01-26,Annual,41.65,Cancelled
S01454,C01454,Basic,2025-11-13,,Monthly,19.0,Active
S01455,C01455,Professional,2025-06-03,,Monthly,49.0,Active
S01456,C01456,Professional,2026-02-15,,Monthly,49.0,Active
S01457,C01457,Basic,2025-05-19,2025-10-11,Monthly,19.0,Cancelled
S01458,C01458,Free,2026-05-11,,Monthly,0.0,Active
S01459,C01459,Basic,2025-05-05,,Monthly,19.0,Active
S01460,C01460,Free,2025-11-07,,Monthly,0.0,Active
S01461,C01461,Basic,2025-11-24,,Annual,16.15,Active
S01462,C01462,Basic,2026-03-26,2026-06-24,Monthly,19.0,Cancelled
S01463,C01463,Professional,2025-04-07,,Monthly,49.0,Active
S01464,C01464,Basic,2025-08-30,,Monthly,19.0,Active
S01465,C01465,Basic,2026-01-01,2026-05-12,Monthly,19.0,Cancelled
S01466,C01466,Basic,2025-05-31,,Annual,16.15,Active
S01467,C01467,Business,2025-05-11,,Annual,84.15,Active
S01468,C01468,Basic,2025-06-20,,Monthly,19.0,Active
S01469,C01469,Free,2026-04-16,2026-06-26,Annual,0.0,Cancelled
S01470,C01470,Basic,2026-03-08,,Monthly,19.0,Active
S01471,C01471,Professional,2025-04-01,,Monthly,49.0,Active
S01472,C01472,Business,2026-03-25,2026-05-21,Annual,84.15,Cancelled
S01473,C01473,Basic,2026-01-03,,Monthly,19.0,Active
S01474,C01474,Basic,2025-06-29,,Monthly,19.0,Active
S01475,C01475,Basic,2026-02-07,,Monthly,19.0,Active
S01476,C01476,Professional,2025-11-01,,Monthly,49.0,Active
S01477,C01477,Professional,2026-01-02,2026-01-24,Monthly,49.0,Cancelled
S01478,C01478,Basic,2025-01-15,,Monthly,19.0,Active
S01479,C01479,Free,2025-06-16,2025-11-19,Monthly,0.0,Cancelled
S01480,C01480,Professional,2026-02-26,2026-04-24,Annual,41.65,Cancelled
S01481,C01481,Business,2025-12-16,,Monthly,99.0,Active
S01482,C01482,Professional,2025-05-19,,Monthly,49.0,Active
S01483,C01483,Basic,2026-04-14,2026-05-22,Monthly,19.0,Cancelled
S01484,C01484,Professional,2026-04-07,,Monthly,49.0,Active
S01485,C01485,Basic,2025-11-08,,Monthly,19.0,Active
S01486,C01486,Professional,2025-12-19,,Annual,41.65,Active
S01487,C01487,Basic,2025-12-28,2026-06-26,Monthly,19.0,Cancelled
S01488,C01488,Professional,2026-04-15,,Monthly,49.0,Active
S01489,C01489,Basic,2026-01-25,2026-03-23,Annual,16.15,Cancelled
S01490,C01490,Basic,2025-10-28,,Monthly,19.0,Active
S01491,C01491,Business,2025-09-05,,Annual,84.15,Active
S01492,C01492,Basic,2025-09-08,2026-01-14,Annual,16.15,Cancelled
S01493,C01493,Free,2025-09-15,2026-01-07,Monthly,0.0,Cancelled
S01494,C01494,Basic,2026-03-14,,Monthly,19.0,Active
S01495,C01495,Basic,2025-03-24,,Monthly,19.0,Active
S01496,C01496,Business,2025-06-01,,Monthly,99.0,Active
S01497,C01497,Business,2025-01-31,,Monthly,99.0,Active
S01498,C01498,Basic,2025-08-14,,Monthly,19.0,Active
S01499,C01499,Basic,2026-02-18,2026-05-20,Annual,16.15,Cancelled
S01500,C01500,Basic,2025-07-06,,Monthly,19.0,Active
S01501,C01501,Business,2025-06-26,,Monthly,99.0,Active
S01502,C01502,Basic,2026-05-15,,Monthly,19.0,Active
S01503,C01503,Professional,2025-10-20,,Annual,41.65,Active
S01504,C01504,Professional,2025-03-01,,Monthly,49.0,Active
S01505,C01505,Professional,2025-04-19,,Annual,41.65,Active
S01506,C01506,Basic,2026-01-31,,Monthly,19.0,Active
S01507,C01507,Professional,2025-04-28,,Monthly,49.0,Active
S01508,C01508,Professional,2026-02-24,,Annual,41.65,Active
S01509,C01509,Free,2026-04-06,,Annual,0.0,Active
S01510,C01510,Basic,2025-09-15,,Monthly,19.0,Active
S01511,C01511,Professional,2025-08-10,,Monthly,49.0,Active
S01512,C01512,Professional,2026-01-23,,Annual,41.65,Active
S01513,C01513,Business,2025-03-24,,Annual,84.15,Active
S01514,C01514,Free,2025-09-03,,Monthly,0.0,Active
S01515,C01515,Basic,2025-11-29,,Annual,16.15,Active
S01516,C01516,Basic,2026-03-15,,Monthly,19.0,Active
S01517,C01517,Professional,2025-12-24,2026-02-17,Monthly,49.0,Cancelled
S01518,C01518,Business,2026-02-21,,Monthly,99.0,Active
S01519,C01519,Business,2025-03-01,,Annual,84.15,Active
S01520,C01520,Basic,2025-07-06,2026-04-10,Annual,16.15,Cancelled
S01521,C01521,Basic,2025-09-17,,Annual,16.15,Active
S01522,C01522,Free,2026-01-06,,Monthly,0.0,Active
S01523,C01523,Professional,2026-03-10,,Annual,41.65,Active
S01524,C01524,Professional,2025-04-21,2025-12-11,Monthly,49.0,Cancelled
S01525,C01525,Professional,2025-04-19,,Monthly,49.0,Active
S01526,C01526,Professional,2025-07-31,,Annual,41.65,Active
S01527,C01527,Basic,2025-09-11,,Monthly,19.0,Active
S01528,C01528,Professional,2026-03-12,2026-04-06,Monthly,49.0,Cancelled
S01529,C01529,Professional,2025-05-27,,Monthly,49.0,Active
S01530,C01530,Professional,2026-03-25,,Monthly,49.0,Active
S01531,C01531,Basic,2025-10-05,2026-06-06,Monthly,19.0,Cancelled
S01532,C01532,Basic,2025-08-29,,Monthly,19.0,Active
S01533,C01533,Basic,2026-04-20,,Monthly,19.0,Active
S01534,C01534,Professional,2026-02-02,,Annual,41.65,Active
S01535,C01535,Business,2025-09-13,,Monthly,99.0,Active
S01536,C01536,Basic,2025-10-24,,Monthly,19.0,Active
S01537,C01537,Professional,2025-02-26,2025-06-21,Monthly,49.0,Cancelled
S01538,C01538,Basic,2025-08-02,,Annual,16.15,Active
S01539,C01539,Basic,2026-03-05,,Annual,16.15,Active
S01540,C01540,Basic,2025-12-26,,Monthly,19.0,Active
S01541,C01541,Business,2025-06-16,,Monthly,99.0,Active
S01542,C01542,Business,2025-02-13,2025-03-24,Monthly,99.0,Cancelled
S01543,C01543,Basic,2025-09-28,,Annual,16.15,Active
S01544,C01544,Basic,2025-04-14,,Monthly,19.0,Active
S01545,C01545,Professional,2025-08-12,2025-11-04,Monthly,49.0,Cancelled
S01546,C01546,Professional,2025-08-20,,Monthly,49.0,Active
S01547,C01547,Basic,2026-04-18,,Monthly,19.0,Active
S01548,C01548,Professional,2025-03-08,,Monthly,49.0,Active
S01549,C01549,Professional,2025-06-15,,Monthly,49.0,Active
S01550,C01550,Basic,2025-03-30,,Monthly,19.0,Active
S01551,C01551,Basic,2025-11-25,,Monthly,19.0,Active
S01552,C01552,Business,2025-08-14,,Monthly,99.0,Active
S01553,C01553,Basic,2026-05-01,,Monthly,19.0,Active
S01554,C01554,Basic,2025-01-08,,Annual,16.15,Active
S01555,C01555,Basic,2025-09-30,,Monthly,19.0,Active
S01556,C01556,Business,2025-01-12,,Monthly,99.0,Active
S01557,C01557,Professional,2026-04-26,,Monthly,49.0,Active
S01558,C01558,Free,2025-12-24,,Monthly,0.0,Active
S01559,C01559,Free,2026-02-17,,Monthly,0.0,Active
S01560,C01560,Professional,2025-12-24,,Monthly,49.0,Active
S01561,C01561,Basic,2025-01-13,,Monthly,19.0,Active
S01562,C01562,Business,2025-12-10,,Monthly,99.0,Active
S01563,C01563,Business,2026-01-21,,Monthly,99.0,Active
S01564,C01564,Free,2025-04-17,2026-04-07,Monthly,0.0,Cancelled
S01565,C01565,Professional,2025-08-17,,Monthly,49.0,Active
S01566,C01566,Free,2026-04-19,2026-05-23,Monthly,0.0,Cancelled
S01567,C01567,Basic,2025-03-16,,Annual,16.15,Active
S01568,C01568,Professional,2026-01-18,,Monthly,49.0,Active
S01569,C01569,Free,2025-10-26,,Monthly,0.0,Active
S01570,C01570,Professional,2025-12-19,,Monthly,49.0,Active
S01571,C01571,Professional,2025-05-09,2026-02-11,Monthly,49.0,Cancelled
S01572,C01572,Professional,2025-03-28,,Monthly,49.0,Active
S01573,C01573,Professional,2025-09-06,,Monthly,49.0,Active
S01574,C01574,Professional,2026-03-05,,Monthly,49.0,Active
S01575,C01575,Business,2026-01-30,,Annual,84.15,Active
S01576,C01576,Basic,2025-05-09,,Monthly,19.0,Active
S01577,C01577,Basic,2026-01-30,2026-05-11,Monthly,19.0,Cancelled
S01578,C01578,Professional,2025-04-07,2025-06-30,Monthly,49.0,Cancelled
S01579,C01579,Basic,2025-01-04,,Monthly,19.0,Active
S01580,C01580,Basic,2025-08-18,,Monthly,19.0,Active
S01581,C01581,Basic,2025-12-11,,Annual,16.15,Active
S01582,C01582,Professional,2025-02-12,,Monthly,49.0,Active
S01583,C01583,Free,2026-01-29,,Annual,0.0,Active
S01584,C01584,Business,2025-12-20,,Monthly,99.0,Active
S01585,C01585,Basic,2026-05-14,,Monthly,19.0,Active
S01586,C01586,Professional,2025-02-27,,Annual,41.65,Active
S01587,C01587,Basic,2025-02-16,,Monthly,19.0,Active
S01588,C01588,Free,2025-09-09,,Monthly,0.0,Active
S01589,C01589,Basic,2026-03-09,,Annual,16.15,Active
S01590,C01590,Professional,2026-02-05,,Annual,41.65,Active
S01591,C01591,Professional,2025-12-24,,Monthly,49.0,Active
S01592,C01592,Basic,2026-03-15,,Annual,16.15,Active
S01593,C01593,Business,2025-07-29,,Monthly,99.0,Active
S01594,C01594,Professional,2026-05-02,,Monthly,49.0,Active
S01595,C01595,Business,2026-03-22,,Monthly,99.0,Active
S01596,C01596,Basic,2026-03-17,,Monthly,19.0,Active
S01597,C01597,Professional,2025-12-28,2026-03-27,Monthly,49.0,Cancelled
S01598,C01598,Basic,2025-08-27,2025-10-03,Monthly,19.0,Cancelled
S01599,C01599,Basic,2025-10-03,2025-12-04,Monthly,19.0,Cancelled
S01600,C01600,Basic,2026-02-18,,Annual,16.15,Active
S01601,C01601,Professional,2025-01-10,,Annual,41.65,Active
S01602,C01602,Professional,2025-04-07,,Annual,41.65,Active
S01603,C01603,Basic,2025-05-29,,Annual,16.15,Active
S01604,C01604,Basic,2025-10-28,2026-06-04,Monthly,19.0,Cancelled
S01605,C01605,Basic,2025-08-11,,Monthly,19.0,Active
S01606,C01606,Professional,2025-05-20,2025-10-03,Monthly,49.0,Cancelled
S01607,C01607,Basic,2025-06-16,,Monthly,19.0,Active
S01608,C01608,Basic,2025-10-15,,Monthly,19.0,Active
S01609,C01609,Professional,2025-04-02,,Monthly,49.0,Active
S01610,C01610,Business,2025-05-11,,Monthly,99.0,Active
S01611,C01611,Professional,2025-11-08,,Annual,41.65,Active
S01612,C01612,Business,2025-02-21,,Monthly,99.0,Active
S01613,C01613,Professional,2025-01-14,2025-03-21,Annual,41.65,Cancelled
S01614,C01614,Basic,2025-07-21,,Monthly,19.0,Active
S01615,C01615,Professional,2026-03-17,2026-05-11,Monthly,49.0,Cancelled
S01616,C01616,Basic,2026-03-18,,Annual,16.15,Active
S01617,C01617,Basic,2025-01-29,2025-10-02,Monthly,19.0,Cancelled
S01618,C01618,Basic,2026-03-29,2026-05-29,Monthly,19.0,Cancelled
S01619,C01619,Business,2026-01-30,,Monthly,99.0,Active
S01620,C01620,Basic,2025-10-05,2026-03-26,Monthly,19.0,Cancelled
S01621,C01621,Free,2025-03-24,,Monthly,0.0,Active
S01622,C01622,Business,2025-11-26,,Annual,84.15,Active
S01623,C01623,Professional,2025-06-04,,Monthly,49.0,Active
S01624,C01624,Free,2026-02-09,2026-03-22,Monthly,0.0,Cancelled
S01625,C01625,Professional,2025-01-11,,Monthly,49.0,Active
S01626,C01626,Professional,2026-03-30,,Monthly,49.0,Active
S01627,C01627,Business,2026-03-01,,Monthly,99.0,Active
S01628,C01628,Basic,2025-01-05,2026-02-05,Monthly,19.0,Cancelled
S01629,C01629,Basic,2025-03-20,2025-10-08,Monthly,19.0,Cancelled
S01630,C01630,Basic,2026-04-27,,Monthly,19.0,Active
S01631,C01631,Basic,2025-12-09,,Monthly,19.0,Active
S01632,C01632,Free,2025-12-30,,Monthly,0.0,Active
S01633,C01633,Basic,2025-11-25,2026-01-26,Monthly,19.0,Cancelled
S01634,C01634,Basic,2025-01-19,,Monthly,19.0,Active
S01635,C01635,Professional,2025-03-01,,Monthly,49.0,Active
S01636,C01636,Basic,2026-02-22,2026-05-09,Monthly,19.0,Cancelled
S01637,C01637,Business,2025-12-10,,Monthly,99.0,Active
S01638,C01638,Professional,2026-05-04,,Annual,41.65,Active
S01639,C01639,Business,2025-12-16,2026-01-30,Monthly,99.0,Cancelled
S01640,C01640,Basic,2026-02-01,,Annual,16.15,Active
S01641,C01641,Business,2026-03-12,,Monthly,99.0,Active
S01642,C01642,Professional,2026-01-19,,Annual,41.65,Active
S01643,C01643,Free,2025-12-06,,Annual,0.0,Active
S01644,C01644,Basic,2025-12-09,,Monthly,19.0,Active
S01645,C01645,Basic,2025-12-26,,Monthly,19.0,Active
S01646,C01646,Professional,2026-03-05,,Annual,41.65,Active
S01647,C01647,Professional,2025-08-11,,Monthly,49.0,Active
S01648,C01648,Professional,2025-12-27,2026-05-23,Monthly,49.0,Cancelled
S01649,C01649,Basic,2025-05-15,2026-02-25,Monthly,19.0,Cancelled
S01650,C01650,Professional,2025-09-21,2026-03-12,Monthly,49.0,Cancelled
S01651,C01651,Business,2026-01-04,,Monthly,99.0,Active
S01652,C01652,Professional,2025-07-16,,Monthly,49.0,Active
S01653,C01653,Professional,2025-12-02,,Monthly,49.0,Active
S01654,C01654,Basic,2025-07-07,,Monthly,19.0,Active
S01655,C01655,Basic,2025-10-28,2026-05-06,Monthly,19.0,Cancelled
S01656,C01656,Free,2025-05-30,,Monthly,0.0,Active
S01657,C01657,Basic,2025-07-15,,Monthly,19.0,Active
S01658,C01658,Professional,2025-03-06,,Annual,41.65,Active
S01659,C01659,Professional,2025-04-18,,Monthly,49.0,Active
S01660,C01660,Basic,2025-07-08,,Monthly,19.0,Active
S01661,C01661,Professional,2025-05-18,,Monthly,49.0,Active
S01662,C01662,Basic,2025-12-13,,Monthly,19.0,Active
S01663,C01663,Business,2026-03-23,,Monthly,99.0,Active
S01664,C01664,Basic,2025-07-07,,Monthly,19.0,Active
S01665,C01665,Business,2025-03-27,,Annual,84.15,Active
S01666,C01666,Basic,2026-01-16,,Monthly,19.0,Active
S01667,C01667,Professional,2025-09-12,,Monthly,49.0,Active
S01668,C01668,Professional,2025-12-07,,Monthly,49.0,Active
S01669,C01669,Business,2025-10-15,,Monthly,99.0,Active
S01670,C01670,Professional,2026-02-22,,Monthly,49.0,Active
S01671,C01671,Professional,2025-10-06,,Monthly,49.0,Active
S01672,C01672,Business,2025-12-29,,Monthly,99.0,Active
S01673,C01673,Basic,2025-02-12,,Annual,16.15,Active
S01674,C01674,Professional,2025-11-08,,Monthly,49.0,Active
S01675,C01675,Professional,2025-06-13,,Monthly,49.0,Active
S01676,C01676,Basic,2025-12-29,2026-02-23,Annual,16.15,Cancelled
S01677,C01677,Professional,2025-05-06,,Annual,41.65,Active
S01678,C01678,Free,2025-02-28,,Annual,0.0,Active
S01679,C01679,Basic,2026-03-10,2026-05-29,Monthly,19.0,Cancelled
S01680,C01680,Basic,2025-11-15,,Annual,16.15,Active
S01681,C01681,Basic,2025-06-19,,Annual,16.15,Active
S01682,C01682,Basic,2025-06-04,2025-06-27,Annual,16.15,Cancelled
S01683,C01683,Basic,2025-04-30,,Monthly,19.0,Active
S01684,C01684,Professional,2025-01-04,2025-06-10,Monthly,49.0,Cancelled
S01685,C01685,Basic,2025-02-22,,Monthly,19.0,Active
S01686,C01686,Professional,2025-07-19,2026-06-02,Monthly,49.0,Cancelled
S01687,C01687,Basic,2025-11-07,,Monthly,19.0,Active
S01688,C01688,Basic,2025-07-30,,Annual,16.15,Active
S01689,C01689,Basic,2025-11-28,,Monthly,19.0,Active
S01690,C01690,Professional,2025-06-15,,Monthly,49.0,Active
S01691,C01691,Professional,2025-08-27,,Monthly,49.0,Active
S01692,C01692,Professional,2025-07-24,,Monthly,49.0,Active
S01693,C01693,Business,2025-02-05,2025-06-17,Monthly,99.0,Cancelled
S01694,C01694,Basic,2025-06-16,,Annual,16.15,Active
S01695,C01695,Professional,2025-03-04,2025-11-25,Monthly,49.0,Cancelled
S01696,C01696,Basic,2025-02-17,,Monthly,19.0,Active
S01697,C01697,Business,2025-07-28,,Annual,84.15,Active
S01698,C01698,Business,2025-08-19,,Annual,84.15,Active
S01699,C01699,Basic,2026-01-24,2026-02-15,Monthly,19.0,Cancelled
S01700,C01700,Basic,2026-03-07,2026-05-25,Annual,16.15,Cancelled
S01701,C01701,Professional,2026-02-02,,Monthly,49.0,Active
S01702,C01702,Professional,2025-05-26,,Annual,41.65,Active
S01703,C01703,Business,2026-01-25,2026-04-28,Annual,84.15,Cancelled
S01704,C01704,Basic,2025-10-09,,Monthly,19.0,Active
S01705,C01705,Basic,2025-12-02,,Monthly,19.0,Active
S01706,C01706,Professional,2025-10-07,,Monthly,49.0,Active
S01707,C01707,Basic,2025-12-04,2026-04-10,Monthly,19.0,Cancelled
S01708,C01708,Basic,2025-12-18,2026-03-26,Monthly,19.0,Cancelled
S01709,C01709,Business,2026-01-29,,Annual,84.15,Active
S01710,C01710,Professional,2025-08-10,,Annual,41.65,Active
S01711,C01711,Basic,2025-12-04,,Monthly,19.0,Active
S01712,C01712,Basic,2025-06-20,,Monthly,19.0,Active
S01713,C01713,Basic,2026-01-09,,Monthly,19.0,Active
S01714,C01714,Professional,2025-03-29,,Monthly,49.0,Active
S01715,C01715,Basic,2025-06-15,,Monthly,19.0,Active
S01716,C01716,Business,2025-02-06,,Monthly,99.0,Active
S01717,C01717,Free,2025-11-09,,Monthly,0.0,Active
S01718,C01718,Basic,2025-02-22,2026-04-15,Monthly,19.0,Cancelled
S01719,C01719,Professional,2025-09-01,,Monthly,49.0,Active
S01720,C01720,Basic,2025-04-21,,Monthly,19.0,Active
S01721,C01721,Basic,2026-01-16,,Monthly,19.0,Active
S01722,C01722,Business,2026-01-13,2026-06-27,Annual,84.15,Cancelled
S01723,C01723,Professional,2026-05-10,,Monthly,49.0,Active
S01724,C01724,Basic,2025-10-27,,Monthly,19.0,Active
S01725,C01725,Basic,2025-06-05,,Monthly,19.0,Active
S01726,C01726,Professional,2025-07-29,,Monthly,49.0,Active
S01727,C01727,Business,2025-09-15,,Monthly,99.0,Active
S01728,C01728,Business,2025-09-03,,Monthly,99.0,Active
S01729,C01729,Professional,2026-03-21,,Monthly,49.0,Active
S01730,C01730,Professional,2025-07-10,,Monthly,49.0,Active
S01731,C01731,Free,2026-01-19,,Annual,0.0,Active
S01732,C01732,Professional,2026-02-05,,Annual,41.65,Active
S01733,C01733,Professional,2025-04-21,,Monthly,49.0,Active
S01734,C01734,Basic,2025-06-05,,Monthly,19.0,Active
S01735,C01735,Basic,2025-07-21,2026-06-26,Monthly,19.0,Cancelled
S01736,C01736,Free,2025-02-06,2025-11-15,Monthly,0.0,Cancelled
S01737,C01737,Basic,2025-03-19,2025-07-04,Annual,16.15,Cancelled
S01738,C01738,Free,2025-03-28,,Monthly,0.0,Active
S01739,C01739,Business,2026-03-19,,Monthly,99.0,Active
S01740,C01740,Basic,2026-04-13,2026-05-30,Monthly,19.0,Cancelled
S01741,C01741,Business,2025-08-07,,Monthly,99.0,Active
S01742,C01742,Basic,2026-02-02,,Monthly,19.0,Active
S01743,C01743,Business,2025-02-03,,Annual,84.15,Active
S01744,C01744,Basic,2025-10-25,,Monthly,19.0,Active
S01745,C01745,Basic,2025-08-02,,Monthly,19.0,Active
S01746,C01746,Basic,2025-03-01,,Monthly,19.0,Active
S01747,C01747,Basic,2025-04-04,,Monthly,19.0,Active
S01748,C01748,Business,2025-09-23,2026-01-04,Monthly,99.0,Cancelled
S01749,C01749,Basic,2025-08-04,,Monthly,19.0,Active
S01750,C01750,Professional,2026-04-03,,Monthly,49.0,Active
S01751,C01751,Professional,2025-02-25,,Monthly,49.0,Active
S01752,C01752,Basic,2025-01-30,,Monthly,19.0,Active
S01753,C01753,Professional,2025-11-02,2026-03-20,Monthly,49.0,Cancelled
S01754,C01754,Business,2025-09-14,2025-12-29,Monthly,99.0,Cancelled
S01755,C01755,Professional,2025-02-11,,Monthly,49.0,Active
S01756,C01756,Professional,2026-01-20,2026-06-26,Monthly,49.0,Cancelled
S01757,C01757,Basic,2026-04-20,2026-06-15,Annual,16.15,Cancelled
S01758,C01758,Business,2026-03-26,,Annual,84.15,Active
S01759,C01759,Professional,2025-07-28,,Annual,41.65,Active
S01760,C01760,Professional,2025-04-25,,Monthly,49.0,Active
S01761,C01761,Professional,2026-04-08,,Monthly,49.0,Active
S01762,C01762,Professional,2025-12-29,,Monthly,49.0,Active
S01763,C01763,Free,2025-01-30,2025-12-23,Monthly,0.0,Cancelled
S01764,C01764,Basic,2025-01-09,2026-01-16,Monthly,19.0,Cancelled
S01765,C01765,Professional,2025-03-21,,Monthly,49.0,Active
S01766,C01766,Basic,2025-11-02,2026-03-10,Monthly,19.0,Cancelled
S01767,C01767,Basic,2025-01-07,,Monthly,19.0,Active
S01768,C01768,Basic,2025-11-01,,Monthly,19.0,Active
S01769,C01769,Professional,2025-10-25,,Annual,41.65,Active
S01770,C01770,Professional,2025-07-22,2025-10-16,Monthly,49.0,Cancelled
S01771,C01771,Free,2025-02-11,,Monthly,0.0,Active
S01772,C01772,Business,2025-09-22,,Monthly,99.0,Active
S01773,C01773,Business,2025-06-18,,Monthly,99.0,Active
S01774,C01774,Professional,2025-01-11,2025-06-26,Monthly,49.0,Cancelled
S01775,C01775,Basic,2025-12-12,2026-06-15,Annual,16.15,Cancelled
S01776,C01776,Basic,2025-05-16,,Monthly,19.0,Active
S01777,C01777,Basic,2026-02-19,,Monthly,19.0,Active
S01778,C01778,Business,2025-05-14,,Monthly,99.0,Active
S01779,C01779,Basic,2026-05-12,,Annual,16.15,Active
S01780,C01780,Free,2026-03-01,2026-03-30,Monthly,0.0,Cancelled
S01781,C01781,Professional,2025-10-23,2025-11-26,Monthly,49.0,Cancelled
S01782,C01782,Free,2026-03-09,,Monthly,0.0,Active
S01783,C01783,Professional,2025-12-10,,Monthly,49.0,Active
S01784,C01784,Business,2026-03-15,,Annual,84.15,Active
S01785,C01785,Basic,2025-11-26,,Annual,16.15,Active
S01786,C01786,Basic,2025-11-30,,Annual,16.15,Active
S01787,C01787,Business,2025-07-01,2026-01-19,Monthly,99.0,Cancelled
S01788,C01788,Free,2025-01-22,2026-02-11,Annual,0.0,Cancelled
S01789,C01789,Professional,2025-01-27,,Monthly,49.0,Active
S01790,C01790,Free,2025-07-31,,Annual,0.0,Active
S01791,C01791,Basic,2025-11-25,,Monthly,19.0,Active
S01792,C01792,Professional,2026-01-11,,Monthly,49.0,Active
S01793,C01793,Professional,2026-01-28,2026-05-29,Annual,41.65,Cancelled
S01794,C01794,Professional,2025-06-30,,Monthly,49.0,Active
S01795,C01795,Basic,2026-04-12,,Monthly,19.0,Active
S01796,C01796,Professional,2026-03-28,,Monthly,49.0,Active
S01797,C01797,Professional,2026-01-08,,Monthly,49.0,Active
S01798,C01798,Basic,2025-07-05,,Monthly,19.0,Active
S01799,C01799,Basic,2025-04-03,,Monthly,19.0,Active
S01800,C01800,Professional,2026-01-26,,Monthly,49.0,Active
S01801,C01801,Basic,2025-02-04,,Annual,16.15,Active
S01802,C01802,Basic,2025-10-27,,Monthly,19.0,Active
S01803,C01803,Professional,2026-04-27,2026-05-21,Annual,41.65,Cancelled
S01804,C01804,Professional,2025-04-18,,Annual,41.65,Active
S01805,C01805,Professional,2025-05-15,,Monthly,49.0,Active
S01806,C01806,Professional,2026-03-26,,Annual,41.65,Active
S01807,C01807,Basic,2025-03-03,2026-04-11,Annual,16.15,Cancelled
S01808,C01808,Business,2026-02-25,2026-05-22,Monthly,99.0,Cancelled
S01809,C01809,Business,2025-03-14,,Monthly,99.0,Active
S01810,C01810,Free,2025-10-15,,Monthly,0.0,Active
S01811,C01811,Business,2025-11-01,,Monthly,99.0,Active
S01812,C01812,Business,2025-08-02,,Monthly,99.0,Active
S01813,C01813,Business,2026-04-02,,Monthly,99.0,Active
S01814,C01814,Professional,2025-03-16,,Monthly,49.0,Active
S01815,C01815,Business,2025-11-21,,Monthly,99.0,Active
S01816,C01816,Business,2025-12-12,,Monthly,99.0,Active
S01817,C01817,Professional,2025-09-29,,Monthly,49.0,Active
S01818,C01818,Professional,2025-01-16,,Monthly,49.0,Active
S01819,C01819,Professional,2025-02-08,,Monthly,49.0,Active
S01820,C01820,Professional,2025-10-29,,Monthly,49.0,Active
S01821,C01821,Basic,2026-04-08,,Annual,16.15,Active
S01822,C01822,Professional,2025-02-11,,Annual,41.65,Active
S01823,C01823,Professional,2025-01-26,,Monthly,49.0,Active
S01824,C01824,Basic,2025-04-19,,Annual,16.15,Active
S01825,C01825,Professional,2025-09-19,,Monthly,49.0,Active
S01826,C01826,Basic,2026-03-27,,Monthly,19.0,Active
S01827,C01827,Business,2025-03-31,,Monthly,99.0,Active
S01828,C01828,Basic,2025-11-14,,Monthly,19.0,Active
S01829,C01829,Basic,2025-08-15,,Monthly,19.0,Active
S01830,C01830,Basic,2026-04-06,,Monthly,19.0,Active
S01831,C01831,Professional,2026-04-02,2026-04-24,Monthly,49.0,Cancelled
S01832,C01832,Professional,2025-07-12,,Annual,41.65,Active
S01833,C01833,Basic,2025-09-11,,Monthly,19.0,Active
S01834,C01834,Free,2025-01-10,,Monthly,0.0,Active
S01835,C01835,Basic,2026-01-17,,Monthly,19.0,Active
S01836,C01836,Free,2026-01-04,2026-03-18,Monthly,0.0,Cancelled
S01837,C01837,Professional,2025-12-07,,Monthly,49.0,Active
S01838,C01838,Professional,2026-02-21,,Monthly,49.0,Active
S01839,C01839,Professional,2026-01-13,,Monthly,49.0,Active
S01840,C01840,Basic,2025-02-09,,Monthly,19.0,Active
S01841,C01841,Professional,2025-12-19,,Monthly,49.0,Active
S01842,C01842,Free,2025-09-30,,Monthly,0.0,Active
S01843,C01843,Professional,2026-02-02,,Monthly,49.0,Active
S01844,C01844,Professional,2025-09-27,,Monthly,49.0,Active
S01845,C01845,Professional,2026-02-02,,Monthly,49.0,Active
S01846,C01846,Business,2025-10-28,,Monthly,99.0,Active
S01847,C01847,Professional,2025-12-24,2026-03-14,Monthly,49.0,Cancelled
S01848,C01848,Professional,2025-07-18,,Monthly,49.0,Active
S01849,C01849,Professional,2026-02-22,,Monthly,49.0,Active
S01850,C01850,Basic,2025-04-09,,Monthly,19.0,Active
S01851,C01851,Basic,2025-08-16,,Monthly,19.0,Active
S01852,C01852,Business,2025-02-04,2026-03-30,Annual,84.15,Cancelled
S01853,C01853,Business,2026-04-06,,Monthly,99.0,Active
S01854,C01854,Free,2026-04-05,,Monthly,0.0,Active
S01855,C01855,Basic,2025-12-16,2026-05-04,Annual,16.15,Cancelled
S01856,C01856,Professional,2026-02-13,2026-06-02,Monthly,49.0,Cancelled
S01857,C01857,Basic,2025-08-19,,Monthly,19.0,Active
S01858,C01858,Professional,2025-01-05,,Monthly,49.0,Active
S01859,C01859,Basic,2025-06-17,,Annual,16.15,Active
S01860,C01860,Professional,2026-01-26,,Annual,41.65,Active
S01861,C01861,Professional,2025-10-30,,Monthly,49.0,Active
S01862,C01862,Professional,2026-01-31,,Monthly,49.0,Active
S01863,C01863,Professional,2025-02-28,,Annual,41.65,Active
S01864,C01864,Free,2025-12-25,2026-02-13,Monthly,0.0,Cancelled
S01865,C01865,Professional,2025-03-08,,Monthly,49.0,Active
S01866,C01866,Basic,2025-08-03,,Annual,16.15,Active
S01867,C01867,Basic,2025-02-23,,Monthly,19.0,Active
S01868,C01868,Professional,2026-02-06,,Monthly,49.0,Active
S01869,C01869,Professional,2026-02-06,,Monthly,49.0,Active
S01870,C01870,Basic,2025-09-06,,Monthly,19.0,Active
S01871,C01871,Basic,2025-12-22,2026-05-06,Monthly,19.0,Cancelled
S01872,C01872,Business,2025-08-30,,Annual,84.15,Active
S01873,C01873,Business,2025-12-27,,Annual,84.15,Active
S01874,C01874,Professional,2026-01-24,2026-03-16,Monthly,49.0,Cancelled
S01875,C01875,Basic,2026-03-22,,Monthly,19.0,Active
S01876,C01876,Business,2025-12-18,,Monthly,99.0,Active
S01877,C01877,Professional,2025-08-26,2025-11-30,Monthly,49.0,Cancelled
S01878,C01878,Basic,2025-12-14,,Monthly,19.0,Active
S01879,C01879,Professional,2026-02-12,2026-04-09,Monthly,49.0,Cancelled
S01880,C01880,Professional,2025-04-11,,Monthly,49.0,Active
S01881,C01881,Free,2025-03-20,2025-05-12,Monthly,0.0,Cancelled
S01882,C01882,Basic,2025-10-05,2026-01-12,Monthly,19.0,Cancelled
S01883,C01883,Basic,2025-06-16,,Annual,16.15,Active
S01884,C01884,Professional,2026-01-19,,Annual,41.65,Active
S01885,C01885,Professional,2026-02-02,,Annual,41.65,Active
S01886,C01886,Professional,2025-07-19,,Monthly,49.0,Active
S01887,C01887,Free,2026-02-04,,Monthly,0.0,Active
S01888,C01888,Professional,2025-02-25,2026-04-19,Monthly,49.0,Cancelled
S01889,C01889,Professional,2025-11-21,2026-01-26,Monthly,49.0,Cancelled
S01890,C01890,Business,2025-12-20,2026-04-04,Monthly,99.0,Cancelled
S01891,C01891,Professional,2025-03-06,2026-04-02,Monthly,49.0,Cancelled
S01892,C01892,Basic,2025-12-24,2026-03-05,Monthly,19.0,Cancelled
S01893,C01893,Professional,2025-09-12,,Monthly,49.0,Active
S01894,C01894,Professional,2025-08-08,,Annual,41.65,Active
S01895,C01895,Business,2026-02-07,,Monthly,99.0,Active
S01896,C01896,Basic,2025-04-25,,Monthly,19.0,Active
S01897,C01897,Free,2025-07-16,,Monthly,0.0,Active
S01898,C01898,Professional,2025-12-29,2026-04-05,Monthly,49.0,Cancelled
S01899,C01899,Professional,2025-02-15,,Monthly,49.0,Active
S01900,C01900,Basic,2025-10-20,,Annual,16.15,Active
S01901,C01901,Basic,2026-03-18,2026-04-08,Monthly,19.0,Cancelled
S01902,C01902,Basic,2025-06-08,,Annual,16.15,Active
S01903,C01903,Professional,2025-01-10,,Monthly,49.0,Active
S01904,C01904,Professional,2026-05-13,,Monthly,49.0,Active
S01905,C01905,Professional,2026-01-31,,Monthly,49.0,Active
S01906,C01906,Professional,2025-02-16,,Monthly,49.0,Active
S01907,C01907,Business,2025-12-12,,Monthly,99.0,Active
S01908,C01908,Basic,2025-04-20,,Monthly,19.0,Active
S01909,C01909,Professional,2026-03-31,,Annual,41.65,Active
S01910,C01910,Professional,2025-09-10,,Monthly,49.0,Active
S01911,C01911,Basic,2026-04-11,,Monthly,19.0,Active
S01912,C01912,Professional,2025-01-24,,Annual,41.65,Active
S01913,C01913,Free,2025-09-28,,Monthly,0.0,Active
S01914,C01914,Basic,2025-07-13,,Annual,16.15,Active
S01915,C01915,Professional,2025-07-06,,Monthly,49.0,Active
S01916,C01916,Professional,2025-12-12,,Monthly,49.0,Active
S01917,C01917,Professional,2025-06-23,,Monthly,49.0,Active
S01918,C01918,Free,2025-06-07,2025-08-15,Annual,0.0,Cancelled
S01919,C01919,Basic,2026-02-20,2026-06-21,Monthly,19.0,Cancelled
S01920,C01920,Professional,2025-10-13,,Monthly,49.0,Active
S01921,C01921,Free,2026-04-04,,Monthly,0.0,Active
S01922,C01922,Professional,2025-12-09,2026-02-15,Monthly,49.0,Cancelled
S01923,C01923,Business,2026-02-13,,Monthly,99.0,Active
S01924,C01924,Professional,2025-06-11,,Monthly,49.0,Active
S01925,C01925,Professional,2025-10-04,,Annual,41.65,Active
S01926,C01926,Basic,2025-12-21,,Monthly,19.0,Active
S01927,C01927,Basic,2025-07-18,,Annual,16.15,Active
S01928,C01928,Professional,2025-10-05,,Monthly,49.0,Active
S01929,C01929,Basic,2026-02-20,,Annual,16.15,Active
S01930,C01930,Professional,2025-04-04,2026-04-03,Monthly,49.0,Cancelled
S01931,C01931,Professional,2025-07-25,,Monthly,49.0,Active
S01932,C01932,Basic,2025-08-02,,Monthly,19.0,Active
S01933,C01933,Basic,2025-02-10,,Monthly,19.0,Active
S01934,C01934,Professional,2026-02-20,,Monthly,49.0,Active
S01935,C01935,Professional,2025-09-10,,Annual,41.65,Active
S01936,C01936,Free,2025-03-02,,Annual,0.0,Active
S01937,C01937,Basic,2025-11-26,2026-06-25,Monthly,19.0,Cancelled
S01938,C01938,Basic,2025-11-01,2026-04-20,Monthly,19.0,Cancelled
S01939,C01939,Professional,2025-04-10,,Monthly,49.0,Active
S01940,C01940,Professional,2025-12-30,,Annual,41.65,Active
S01941,C01941,Business,2025-10-16,,Monthly,99.0,Active
S01942,C01942,Professional,2026-03-15,,Monthly,49.0,Active
S01943,C01943,Professional,2025-06-14,,Monthly,49.0,Active
S01944,C01944,Basic,2025-07-19,,Monthly,19.0,Active
S01945,C01945,Business,2025-07-26,,Annual,84.15,Active
S01946,C01946,Professional,2026-03-19,,Monthly,49.0,Active
S01947,C01947,Basic,2025-08-18,,Monthly,19.0,Active
S01948,C01948,Free,2025-05-10,2026-01-29,Monthly,0.0,Cancelled
S01949,C01949,Professional,2025-04-26,,Annual,41.65,Active
S01950,C01950,Basic,2025-08-18,2026-06-19,Monthly,19.0,Cancelled
S01951,C01951,Professional,2026-01-10,,Monthly,49.0,Active
S01952,C01952,Professional,2025-01-30,2025-08-08,Annual,41.65,Cancelled
S01953,C01953,Business,2025-01-22,,Monthly,99.0,Active
S01954,C01954,Basic,2025-12-12,,Annual,16.15,Active
S01955,C01955,Professional,2026-01-15,,Monthly,49.0,Active
S01956,C01956,Basic,2025-02-24,,Monthly,19.0,Active
S01957,C01957,Professional,2026-01-14,2026-03-22,Monthly,49.0,Cancelled
S01958,C01958,Professional,2026-02-12,,Monthly,49.0,Active
S01959,C01959,Basic,2025-04-14,,Monthly,19.0,Active
S01960,C01960,Professional,2025-06-02,,Monthly,49.0,Active
S01961,C01961,Basic,2025-05-17,2026-05-08,Monthly,19.0,Cancelled
S01962,C01962,Basic,2025-06-19,2025-12-21,Monthly,19.0,Cancelled
S01963,C01963,Basic,2025-05-29,,Annual,16.15,Active
S01964,C01964,Professional,2026-03-17,,Annual,41.65,Active
S01965,C01965,Basic,2025-06-08,,Monthly,19.0,Active
S01966,C01966,Basic,2025-03-14,2025-08-27,Monthly,19.0,Cancelled
S01967,C01967,Basic,2025-01-01,,Monthly,19.0,Active
S01968,C01968,Professional,2025-01-29,,Monthly,49.0,Active
S01969,C01969,Business,2026-03-02,,Monthly,99.0,Active
S01970,C01970,Basic,2026-04-21,,Monthly,19.0,Active
S01971,C01971,Basic,2025-09-02,2025-10-05,Monthly,19.0,Cancelled
S01972,C01972,Business,2025-10-07,,Annual,84.15,Active
S01973,C01973,Professional,2026-03-04,,Monthly,49.0,Active
S01974,C01974,Basic,2025-11-08,,Monthly,19.0,Active
S01975,C01975,Business,2025-03-11,,Monthly,99.0,Active
S01976,C01976,Professional,2025-11-22,,Annual,41.65,Active
S01977,C01977,Basic,2025-06-02,,Monthly,19.0,Active
S01978,C01978,Professional,2025-07-17,,Monthly,49.0,Active
S01979,C01979,Professional,2025-05-03,,Monthly,49.0,Active
S01980,C01980,Basic,2025-08-13,,Monthly,19.0,Active
S01981,C01981,Free,2026-04-11,2026-06-02,Monthly,0.0,Cancelled
S01982,C01982,Professional,2026-04-25,,Monthly,49.0,Active
S01983,C01983,Professional,2026-01-29,,Monthly,49.0,Active
S01984,C01984,Professional,2025-01-08,2025-12-18,Monthly,49.0,Cancelled
S01985,C01985,Basic,2025-09-24,,Annual,16.15,Active
S01986,C01986,Professional,2025-11-15,,Monthly,49.0,Active
S01987,C01987,Basic,2025-02-13,2025-11-21,Annual,16.15,Cancelled
S01988,C01988,Professional,2025-04-28,,Monthly,49.0,Active
S01989,C01989,Business,2025-02-12,,Monthly,99.0,Active
S01990,C01990,Free,2025-04-22,,Monthly,0.0,Active
S01991,C01991,Professional,2026-01-08,2026-04-27,Annual,41.65,Cancelled
S01992,C01992,Professional,2025-01-13,2025-10-26,Annual,41.65,Cancelled
S01993,C01993,Basic,2026-01-03,,Annual,16.15,Active
S01994,C01994,Basic,2025-01-22,,Monthly,19.0,Active
S01995,C01995,Basic,2026-03-15,,Monthly,19.0,Active
S01996,C01996,Professional,2025-09-15,,Monthly,49.0,Active
S01997,C01997,Professional,2025-10-20,,Monthly,49.0,Active
S01998,C01998,Professional,2025-11-24,,Monthly,49.0,Active
S01999,C01999,Professional,2025-07-07,2026-02-28,Monthly,49.0,Cancelled
S02000,C02000,Business,2026-01-25,,Annual,84.15,Active
S02001,C02001,Free,2025-11-28,,Annual,0.0,Active
S02002,C02002,Professional,2025-05-26,,Monthly,49.0,Active
S02003,C02003,Basic,2025-01-19,2026-01-09,Monthly,19.0,Cancelled
S02004,C02004,Business,2025-06-13,2026-06-10,Monthly,99.0,Cancelled
S02005,C02005,Professional,2025-03-24,2025-11-24,Monthly,49.0,Cancelled
S02006,C02006,Professional,2025-10-26,,Monthly,49.0,Active
S02007,C02007,Basic,2026-05-02,,Annual,16.15,Active
S02008,C02008,Business,2026-03-07,,Annual,84.15,Active
S02009,C02009,Free,2026-03-17,2026-06-21,Monthly,0.0,Cancelled
S02010,C02010,Professional,2025-06-14,2025-09-22,Monthly,49.0,Cancelled
S02011,C02011,Basic,2025-04-08,,Annual,16.15,Active
S02012,C02012,Professional,2026-05-06,,Monthly,49.0,Active
S02013,C02013,Professional,2025-02-11,,Monthly,49.0,Active
S02014,C02014,Professional,2026-01-20,,Annual,41.65,Active
S02015,C02015,Basic,2026-05-10,,Monthly,19.0,Active
S02016,C02016,Free,2025-01-06,,Annual,0.0,Active
S02017,C02017,Basic,2025-06-29,,Monthly,19.0,Active
S02018,C02018,Professional,2026-04-16,2026-06-09,Monthly,49.0,Cancelled
S02019,C02019,Business,2025-12-09,,Monthly,99.0,Active
S02020,C02020,Free,2025-12-02,,Annual,0.0,Active
S02021,C02021,Professional,2026-03-05,,Monthly,49.0,Active
S02022,C02022,Basic,2025-08-13,,Monthly,19.0,Active
S02023,C02023,Business,2025-06-19,,Monthly,99.0,Active
S02024,C02024,Free,2025-01-25,,Monthly,0.0,Active
S02025,C02025,Basic,2025-06-22,,Annual,16.15,Active
S02026,C02026,Professional,2025-05-25,,Monthly,49.0,Active
S02027,C02027,Basic,2025-11-11,,Monthly,19.0,Active
S02028,C02028,Free,2025-05-30,,Annual,0.0,Active
S02029,C02029,Basic,2025-05-28,,Monthly,19.0,Active
S02030,C02030,Basic,2025-08-05,,Monthly,19.0,Active
S02031,C02031,Business,2026-03-15,,Monthly,99.0,Active
S02032,C02032,Basic,2025-01-21,2025-09-20,Monthly,19.0,Cancelled
S02033,C02033,Business,2025-01-17,,Annual,84.15,Active
S02034,C02034,Basic,2026-02-02,,Monthly,19.0,Active
S02035,C02035,Basic,2025-09-17,,Monthly,19.0,Active
S02036,C02036,Professional,2026-01-18,,Annual,41.65,Active
S02037,C02037,Professional,2025-03-24,,Monthly,49.0,Active
S02038,C02038,Professional,2026-05-13,,Monthly,49.0,Active
S02039,C02039,Professional,2025-10-03,,Monthly,49.0,Active
S02040,C02040,Business,2025-09-04,,Monthly,99.0,Active
S02041,C02041,Basic,2026-03-29,2026-05-30,Monthly,19.0,Cancelled
S02042,C02042,Business,2025-05-16,2025-06-12,Monthly,99.0,Cancelled
S02043,C02043,Business,2025-10-20,,Annual,84.15,Active
S02044,C02044,Business,2025-05-25,,Monthly,99.0,Active
S02045,C02045,Basic,2025-04-25,,Monthly,19.0,Active
S02046,C02046,Free,2025-04-22,2025-10-08,Monthly,0.0,Cancelled
S02047,C02047,Free,2025-10-19,,Monthly,0.0,Active
S02048,C02048,Professional,2025-11-08,,Monthly,49.0,Active
S02049,C02049,Business,2026-02-05,,Monthly,99.0,Active
S02050,C02050,Professional,2025-10-04,,Monthly,49.0,Active
S02051,C02051,Free,2025-06-17,2026-05-27,Monthly,0.0,Cancelled
S02052,C02052,Professional,2026-04-20,,Monthly,49.0,Active
S02053,C02053,Basic,2025-02-08,,Annual,16.15,Active
S02054,C02054,Professional,2026-05-02,,Annual,41.65,Active
S02055,C02055,Professional,2025-09-25,,Monthly,49.0,Active
S02056,C02056,Basic,2025-05-16,,Monthly,19.0,Active
S02057,C02057,Professional,2025-02-07,,Annual,41.65,Active
S02058,C02058,Professional,2025-12-08,,Monthly,49.0,Active
S02059,C02059,Basic,2025-02-11,,Monthly,19.0,Active
S02060,C02060,Basic,2025-06-10,,Monthly,19.0,Active
S02061,C02061,Business,2025-08-09,,Monthly,99.0,Active
S02062,C02062,Business,2026-02-26,,Annual,84.15,Active
S02063,C02063,Professional,2025-04-19,2025-12-27,Monthly,49.0,Cancelled
S02064,C02064,Professional,2025-04-18,,Monthly,49.0,Active
S02065,C02065,Free,2025-10-29,,Monthly,0.0,Active
S02066,C02066,Business,2025-10-08,,Annual,84.15,Active
S02067,C02067,Business,2026-02-12,2026-06-13,Annual,84.15,Cancelled
S02068,C02068,Professional,2025-10-13,,Monthly,49.0,Active
S02069,C02069,Free,2026-01-22,,Monthly,0.0,Active
S02070,C02070,Professional,2025-03-15,,Annual,41.65,Active
S02071,C02071,Professional,2026-04-17,,Monthly,49.0,Active
S02072,C02072,Free,2026-02-08,,Monthly,0.0,Active
S02073,C02073,Professional,2025-03-08,,Monthly,49.0,Active
S02074,C02074,Basic,2025-11-08,2026-06-30,Annual,16.15,Cancelled
S02075,C02075,Free,2026-04-07,,Monthly,0.0,Active
S02076,C02076,Basic,2025-10-02,,Monthly,19.0,Active
S02077,C02077,Professional,2025-11-05,,Monthly,49.0,Active
S02078,C02078,Business,2025-11-08,,Monthly,99.0,Active
S02079,C02079,Free,2025-09-17,2026-02-21,Monthly,0.0,Cancelled
S02080,C02080,Professional,2025-05-27,,Monthly,49.0,Active
S02081,C02081,Business,2025-10-20,,Monthly,99.0,Active
S02082,C02082,Professional,2026-01-01,,Monthly,49.0,Active
S02083,C02083,Professional,2025-04-24,,Monthly,49.0,Active
S02084,C02084,Professional,2025-02-26,,Monthly,49.0,Active
S02085,C02085,Basic,2025-10-23,,Monthly,19.0,Active
S02086,C02086,Professional,2025-05-07,2026-03-23,Monthly,49.0,Cancelled
S02087,C02087,Basic,2025-02-15,,Annual,16.15,Active
S02088,C02088,Professional,2025-08-08,2026-01-15,Monthly,49.0,Cancelled
S02089,C02089,Basic,2025-08-25,,Monthly,19.0,Active
S02090,C02090,Business,2026-04-06,2026-06-24,Monthly,99.0,Cancelled
S02091,C02091,Business,2025-08-01,2026-06-04,Monthly,99.0,Cancelled
S02092,C02092,Free,2026-01-25,,Monthly,0.0,Active
S02093,C02093,Basic,2025-07-01,2026-06-28,Monthly,19.0,Cancelled
S02094,C02094,Basic,2025-04-25,,Monthly,19.0,Active
S02095,C02095,Business,2025-11-06,,Monthly,99.0,Active
S02096,C02096,Professional,2025-11-23,2026-02-25,Monthly,49.0,Cancelled
S02097,C02097,Professional,2025-01-02,,Monthly,49.0,Active
S02098,C02098,Business,2026-03-19,,Monthly,99.0,Active
S02099,C02099,Free,2025-01-07,,Monthly,0.0,Active
S02100,C02100,Business,2025-01-29,,Monthly,99.0,Active
S02101,C02101,Business,2025-09-12,,Monthly,99.0,Active
S02102,C02102,Business,2025-03-15,,Monthly,99.0,Active
S02103,C02103,Free,2025-03-03,,Monthly,0.0,Active
S02104,C02104,Professional,2026-01-03,,Monthly,49.0,Active
S02105,C02105,Professional,2026-05-10,,Monthly,49.0,Active
S02106,C02106,Basic,2025-02-10,,Annual,16.15,Active
S02107,C02107,Basic,2026-04-17,,Monthly,19.0,Active
S02108,C02108,Basic,2026-02-04,2026-05-30,Monthly,19.0,Cancelled
S02109,C02109,Basic,2026-02-07,,Annual,16.15,Active
S02110,C02110,Business,2025-02-27,,Monthly,99.0,Active
S02111,C02111,Free,2026-05-11,,Annual,0.0,Active
S02112,C02112,Basic,2026-02-24,,Monthly,19.0,Active
S02113,C02113,Professional,2025-03-27,,Monthly,49.0,Active
S02114,C02114,Business,2025-05-14,,Annual,84.15,Active
S02115,C02115,Basic,2025-05-12,,Monthly,19.0,Active
S02116,C02116,Business,2026-01-20,,Monthly,99.0,Active
S02117,C02117,Professional,2025-12-05,,Monthly,49.0,Active
S02118,C02118,Professional,2025-02-14,,Monthly,49.0,Active
S02119,C02119,Basic,2025-04-25,,Monthly,19.0,Active
S02120,C02120,Basic,2025-03-18,,Monthly,19.0,Active
S02121,C02121,Free,2025-06-02,2025-09-01,Monthly,0.0,Cancelled
S02122,C02122,Basic,2025-10-16,2026-01-07,Monthly,19.0,Cancelled
S02123,C02123,Business,2026-03-13,,Monthly,99.0,Active
S02124,C02124,Basic,2025-04-23,,Annual,16.15,Active
S02125,C02125,Basic,2025-05-28,,Monthly,19.0,Active
S02126,C02126,Business,2026-02-26,,Annual,84.15,Active
S02127,C02127,Basic,2025-09-06,,Monthly,19.0,Active
S02128,C02128,Professional,2025-07-07,,Annual,41.65,Active
S02129,C02129,Basic,2025-03-20,,Monthly,19.0,Active
S02130,C02130,Business,2025-06-25,,Annual,84.15,Active
S02131,C02131,Basic,2026-02-02,2026-04-03,Annual,16.15,Cancelled
S02132,C02132,Basic,2025-08-27,,Monthly,19.0,Active
S02133,C02133,Basic,2025-12-15,,Monthly,19.0,Active
S02134,C02134,Basic,2025-09-09,,Annual,16.15,Active
S02135,C02135,Basic,2025-02-06,,Monthly,19.0,Active
S02136,C02136,Basic,2025-09-19,,Annual,16.15,Active
S02137,C02137,Free,2025-02-27,,Monthly,0.0,Active
S02138,C02138,Business,2025-07-03,,Monthly,99.0,Active
S02139,C02139,Basic,2026-04-18,,Monthly,19.0,Active
S02140,C02140,Basic,2025-10-13,,Monthly,19.0,Active
S02141,C02141,Professional,2026-03-28,,Monthly,49.0,Active
S02142,C02142,Basic,2025-04-01,,Monthly,19.0,Active
S02143,C02143,Basic,2025-01-03,,Monthly,19.0,Active
S02144,C02144,Basic,2025-11-28,,Monthly,19.0,Active
S02145,C02145,Basic,2025-04-12,,Monthly,19.0,Active
S02146,C02146,Professional,2025-06-05,2025-12-28,Monthly,49.0,Cancelled
S02147,C02147,Business,2025-12-23,,Monthly,99.0,Active
S02148,C02148,Business,2025-04-06,2025-11-16,Monthly,99.0,Cancelled
S02149,C02149,Professional,2025-05-03,,Monthly,49.0,Active
S02150,C02150,Basic,2025-09-01,,Monthly,19.0,Active
S02151,C02151,Professional,2026-02-07,,Annual,41.65,Active
S02152,C02152,Basic,2025-03-05,,Monthly,19.0,Active
S02153,C02153,Basic,2025-12-08,2026-05-23,Monthly,19.0,Cancelled
S02154,C02154,Basic,2025-05-16,2025-10-06,Monthly,19.0,Cancelled
S02155,C02155,Basic,2025-05-18,2025-09-21,Monthly,19.0,Cancelled
S02156,C02156,Basic,2026-03-27,,Monthly,19.0,Active
S02157,C02157,Professional,2026-02-06,,Monthly,49.0,Active
S02158,C02158,Professional,2025-12-04,2026-02-28,Monthly,49.0,Cancelled
S02159,C02159,Professional,2025-04-12,,Monthly,49.0,Active
S02160,C02160,Professional,2025-06-17,,Monthly,49.0,Active
S02161,C02161,Basic,2025-03-02,,Monthly,19.0,Active
S02162,C02162,Professional,2025-09-25,,Monthly,49.0,Active
S02163,C02163,Basic,2025-03-15,,Annual,16.15,Active
S02164,C02164,Professional,2025-01-26,2025-09-23,Annual,41.65,Cancelled
S02165,C02165,Basic,2025-04-12,,Monthly,19.0,Active
S02166,C02166,Basic,2026-03-24,,Monthly,19.0,Active
S02167,C02167,Professional,2025-08-04,,Monthly,49.0,Active
S02168,C02168,Basic,2025-10-26,,Monthly,19.0,Active
S02169,C02169,Professional,2026-02-14,,Monthly,49.0,Active
S02170,C02170,Professional,2025-04-16,,Monthly,49.0,Active
S02171,C02171,Professional,2025-08-22,,Annual,41.65,Active
S02172,C02172,Free,2026-04-05,2026-06-16,Monthly,0.0,Cancelled
S02173,C02173,Basic,2025-02-24,,Monthly,19.0,Active
S02174,C02174,Business,2025-11-28,2025-12-22,Monthly,99.0,Cancelled
S02175,C02175,Professional,2025-05-12,,Monthly,49.0,Active
S02176,C02176,Basic,2025-06-05,2025-11-12,Annual,16.15,Cancelled
S02177,C02177,Business,2025-12-24,,Monthly,99.0,Active
S02178,C02178,Professional,2025-09-20,,Monthly,49.0,Active
S02179,C02179,Professional,2025-04-01,,Monthly,49.0,Active
S02180,C02180,Professional,2026-01-29,,Monthly,49.0,Active
S02181,C02181,Professional,2025-07-19,,Monthly,49.0,Active
S02182,C02182,Basic,2026-04-28,,Monthly,19.0,Active
S02183,C02183,Business,2025-12-01,,Monthly,99.0,Active
S02184,C02184,Basic,2025-08-11,2026-02-24,Annual,16.15,Cancelled
S02185,C02185,Professional,2025-05-10,,Monthly,49.0,Active
S02186,C02186,Business,2025-01-23,2025-10-03,Monthly,99.0,Cancelled
S02187,C02187,Basic,2025-01-22,,Annual,16.15,Active
S02188,C02188,Professional,2025-05-21,,Monthly,49.0,Active
S02189,C02189,Professional,2025-12-19,,Annual,41.65,Active
S02190,C02190,Basic,2025-06-23,,Monthly,19.0,Active
S02191,C02191,Business,2025-03-08,,Annual,84.15,Active
S02192,C02192,Business,2025-06-02,2025-09-25,Monthly,99.0,Cancelled
S02193,C02193,Professional,2025-03-09,,Monthly,49.0,Active
S02194,C02194,Business,2025-02-20,,Monthly,99.0,Active
S02195,C02195,Business,2025-11-20,,Annual,84.15,Active
S02196,C02196,Free,2025-04-23,,Annual,0.0,Active
S02197,C02197,Professional,2026-01-02,,Monthly,49.0,Active
S02198,C02198,Professional,2026-02-07,,Annual,41.65,Active
S02199,C02199,Professional,2025-01-20,,Monthly,49.0,Active
S02200,C02200,Free,2025-02-07,,Annual,0.0,Active
S02201,C02201,Basic,2025-08-19,,Annual,16.15,Active
S02202,C02202,Professional,2026-04-28,2026-06-14,Monthly,49.0,Cancelled
S02203,C02203,Basic,2025-12-28,,Annual,16.15,Active
S02204,C02204,Free,2025-07-01,,Monthly,0.0,Active
S02205,C02205,Professional,2025-04-30,,Annual,41.65,Active
S02206,C02206,Professional,2025-05-27,,Annual,41.65,Active
S02207,C02207,Professional,2026-01-12,2026-05-31,Monthly,49.0,Cancelled
S02208,C02208,Free,2025-12-26,2026-04-04,Monthly,0.0,Cancelled
S02209,C02209,Basic,2025-12-31,,Monthly,19.0,Active
S02210,C02210,Basic,2025-04-25,,Monthly,19.0,Active
S02211,C02211,Business,2026-04-04,2026-05-01,Monthly,99.0,Cancelled
S02212,C02212,Professional,2026-05-16,,Annual,41.65,Active
S02213,C02213,Professional,2025-12-18,,Annual,41.65,Active
S02214,C02214,Business,2025-01-18,,Monthly,99.0,Active
S02215,C02215,Business,2025-06-29,,Monthly,99.0,Active
S02216,C02216,Professional,2026-05-15,2026-06-06,Monthly,49.0,Cancelled
S02217,C02217,Basic,2025-07-03,,Monthly,19.0,Active
S02218,C02218,Professional,2026-02-20,,Monthly,49.0,Active
S02219,C02219,Professional,2025-01-25,2026-02-19,Annual,41.65,Cancelled
S02220,C02220,Professional,2026-04-21,2026-06-07,Monthly,49.0,Cancelled
S02221,C02221,Basic,2026-04-21,,Monthly,19.0,Active
S02222,C02222,Free,2026-03-31,,Annual,0.0,Active
S02223,C02223,Basic,2025-12-06,,Monthly,19.0,Active
S02224,C02224,Basic,2026-03-04,,Monthly,19.0,Active
S02225,C02225,Business,2025-07-14,,Annual,84.15,Active
S02226,C02226,Basic,2025-04-30,2026-04-29,Monthly,19.0,Cancelled
S02227,C02227,Professional,2025-07-19,2026-04-06,Annual,41.65,Cancelled
S02228,C02228,Basic,2026-01-02,,Monthly,19.0,Active
S02229,C02229,Business,2025-07-24,,Monthly,99.0,Active
S02230,C02230,Business,2026-05-05,,Monthly,99.0,Active
S02231,C02231,Professional,2026-02-24,,Monthly,49.0,Active
S02232,C02232,Basic,2025-12-29,2026-04-15,Monthly,19.0,Cancelled
S02233,C02233,Business,2025-10-24,,Annual,84.15,Active
S02234,C02234,Business,2025-01-06,,Monthly,99.0,Active
S02235,C02235,Basic,2025-12-13,,Monthly,19.0,Active
S02236,C02236,Professional,2025-12-11,2026-01-06,Monthly,49.0,Cancelled
S02237,C02237,Professional,2026-03-07,,Monthly,49.0,Active
S02238,C02238,Professional,2025-12-20,,Monthly,49.0,Active
S02239,C02239,Business,2025-02-12,,Monthly,99.0,Active
S02240,C02240,Business,2025-11-16,,Annual,84.15,Active
S02241,C02241,Basic,2025-07-28,2026-01-29,Monthly,19.0,Cancelled
S02242,C02242,Basic,2025-08-06,,Annual,16.15,Active
S02243,C02243,Professional,2026-05-13,,Monthly,49.0,Active
S02244,C02244,Business,2026-02-21,,Monthly,99.0,Active
S02245,C02245,Basic,2025-02-10,,Monthly,19.0,Active
S02246,C02246,Professional,2026-05-05,,Annual,41.65,Active
S02247,C02247,Professional,2026-04-22,2026-05-22,Monthly,49.0,Cancelled
S02248,C02248,Free,2025-04-14,,Monthly,0.0,Active
S02249,C02249,Professional,2026-01-30,,Monthly,49.0,Active
S02250,C02250,Professional,2026-04-02,,Monthly,49.0,Active
S02251,C02251,Professional,2025-12-06,2026-04-30,Annual,41.65,Cancelled
S02252,C02252,Free,2026-03-03,,Monthly,0.0,Active
S02253,C02253,Professional,2026-04-05,,Annual,41.65,Active
S02254,C02254,Basic,2025-08-18,,Monthly,19.0,Active
S02255,C02255,Basic,2025-08-04,,Annual,16.15,Active
S02256,C02256,Professional,2025-09-24,,Monthly,49.0,Active
S02257,C02257,Professional,2025-07-27,2026-04-25,Monthly,49.0,Cancelled
S02258,C02258,Business,2025-01-31,,Monthly,99.0,Active
S02259,C02259,Business,2026-04-06,,Annual,84.15,Active
S02260,C02260,Professional,2025-01-24,,Monthly,49.0,Active
S02261,C02261,Basic,2026-04-08,,Monthly,19.0,Active
S02262,C02262,Business,2026-02-01,,Annual,84.15,Active
S02263,C02263,Business,2025-06-25,,Monthly,99.0,Active
S02264,C02264,Professional,2025-04-07,,Monthly,49.0,Active
S02265,C02265,Professional,2025-11-19,,Annual,41.65,Active
S02266,C02266,Basic,2026-01-23,2026-06-22,Annual,16.15,Cancelled
S02267,C02267,Free,2025-08-19,,Monthly,0.0,Active
S02268,C02268,Professional,2025-03-07,,Monthly,49.0,Active
S02269,C02269,Business,2025-04-22,,Monthly,99.0,Active
S02270,C02270,Basic,2025-08-16,2026-04-17,Monthly,19.0,Cancelled
S02271,C02271,Free,2025-02-01,,Monthly,0.0,Active
S02272,C02272,Professional,2025-03-03,,Monthly,49.0,Active
S02273,C02273,Professional,2025-10-01,,Annual,41.65,Active
S02274,C02274,Professional,2025-08-25,,Monthly,49.0,Active
S02275,C02275,Basic,2025-01-17,,Monthly,19.0,Active
S02276,C02276,Business,2026-02-13,2026-06-20,Annual,84.15,Cancelled
S02277,C02277,Basic,2026-03-21,,Monthly,19.0,Active
S02278,C02278,Professional,2025-11-24,,Annual,41.65,Active
S02279,C02279,Free,2025-02-14,,Annual,0.0,Active
S02280,C02280,Basic,2025-08-18,,Monthly,19.0,Active
S02281,C02281,Basic,2025-02-12,2025-07-02,Monthly,19.0,Cancelled
S02282,C02282,Basic,2025-05-02,,Annual,16.15,Active
S02283,C02283,Business,2025-06-19,,Monthly,99.0,Active
S02284,C02284,Free,2025-02-13,,Monthly,0.0,Active
S02285,C02285,Business,2025-12-09,,Annual,84.15,Active
S02286,C02286,Professional,2026-03-02,,Monthly,49.0,Active
S02287,C02287,Professional,2025-05-21,,Monthly,49.0,Active
S02288,C02288,Basic,2025-12-20,2026-06-11,Monthly,19.0,Cancelled
S02289,C02289,Basic,2026-04-23,,Annual,16.15,Active
S02290,C02290,Professional,2025-08-13,,Monthly,49.0,Active
S02291,C02291,Professional,2026-01-14,,Monthly,49.0,Active
S02292,C02292,Professional,2026-03-20,,Monthly,49.0,Active
S02293,C02293,Free,2025-01-07,,Monthly,0.0,Active
S02294,C02294,Professional,2025-10-21,,Annual,41.65,Active
S02295,C02295,Business,2025-06-08,,Annual,84.15,Active
S02296,C02296,Business,2025-08-27,,Monthly,99.0,Active
S02297,C02297,Professional,2026-02-15,,Monthly,49.0,Active
S02298,C02298,Professional,2025-04-03,,Monthly,49.0,Active
S02299,C02299,Basic,2026-04-04,2026-05-06,Monthly,19.0,Cancelled
S02300,C02300,Professional,2025-04-06,,Monthly,49.0,Active
S02301,C02301,Business,2026-04-28,,Monthly,99.0,Active
S02302,C02302,Basic,2025-07-28,,Monthly,19.0,Active
S02303,C02303,Basic,2025-10-06,,Annual,16.15,Active
S02304,C02304,Basic,2026-04-19,,Monthly,19.0,Active
S02305,C02305,Professional,2026-01-23,2026-04-21,Monthly,49.0,Cancelled
S02306,C02306,Professional,2026-01-23,,Monthly,49.0,Active
S02307,C02307,Basic,2025-08-08,,Monthly,19.0,Active
S02308,C02308,Basic,2026-02-24,,Annual,16.15,Active
S02309,C02309,Basic,2025-03-21,2025-11-28,Annual,16.15,Cancelled
S02310,C02310,Business,2025-05-07,,Annual,84.15,Active
S02311,C02311,Professional,2026-01-19,,Monthly,49.0,Active
S02312,C02312,Business,2026-03-17,,Monthly,99.0,Active
S02313,C02313,Business,2026-05-11,,Monthly,99.0,Active
S02314,C02314,Basic,2025-12-14,,Monthly,19.0,Active
S02315,C02315,Professional,2026-05-15,2026-06-14,Monthly,49.0,Cancelled
S02316,C02316,Professional,2025-08-01,,Monthly,49.0,Active
S02317,C02317,Basic,2025-02-03,,Annual,16.15,Active
S02318,C02318,Professional,2025-08-26,,Monthly,49.0,Active
S02319,C02319,Basic,2025-06-15,,Monthly,19.0,Active
S02320,C02320,Basic,2025-07-11,,Annual,16.15,Active
S02321,C02321,Basic,2025-06-05,,Annual,16.15,Active
S02322,C02322,Basic,2026-04-04,,Monthly,19.0,Active
S02323,C02323,Basic,2025-03-17,,Annual,16.15,Active
S02324,C02324,Professional,2026-02-06,,Monthly,49.0,Active
S02325,C02325,Professional,2025-03-01,,Monthly,49.0,Active
S02326,C02326,Professional,2025-11-13,,Monthly,49.0,Active
S02327,C02327,Basic,2025-12-29,,Monthly,19.0,Active
S02328,C02328,Business,2025-07-10,,Monthly,99.0,Active
S02329,C02329,Basic,2026-03-06,,Monthly,19.0,Active
S02330,C02330,Basic,2025-10-13,,Monthly,19.0,Active
S02331,C02331,Basic,2025-11-29,,Monthly,19.0,Active
S02332,C02332,Basic,2026-03-23,2026-05-20,Monthly,19.0,Cancelled
S02333,C02333,Free,2025-03-26,,Monthly,0.0,Active
S02334,C02334,Free,2025-12-19,,Monthly,0.0,Active
S02335,C02335,Free,2025-05-24,2025-07-08,Annual,0.0,Cancelled
S02336,C02336,Basic,2026-04-11,,Annual,16.15,Active
S02337,C02337,Basic,2026-01-28,,Monthly,19.0,Active
S02338,C02338,Professional,2025-10-29,2026-03-03,Annual,41.65,Cancelled
S02339,C02339,Professional,2025-11-02,,Monthly,49.0,Active
S02340,C02340,Professional,2025-07-28,,Monthly,49.0,Active
S02341,C02341,Business,2025-09-30,,Monthly,99.0,Active
S02342,C02342,Professional,2025-07-16,,Monthly,49.0,Active
S02343,C02343,Professional,2025-07-19,,Monthly,49.0,Active
S02344,C02344,Basic,2025-07-31,,Annual,16.15,Active
S02345,C02345,Basic,2025-11-12,,Monthly,19.0,Active
S02346,C02346,Professional,2026-01-23,,Annual,41.65,Active
S02347,C02347,Basic,2026-04-24,,Monthly,19.0,Active
S02348,C02348,Basic,2025-04-01,,Monthly,19.0,Active
S02349,C02349,Professional,2025-11-02,,Monthly,49.0,Active
S02350,C02350,Professional,2025-10-18,,Monthly,49.0,Active
S02351,C02351,Free,2026-04-30,2026-06-16,Monthly,0.0,Cancelled
S02352,C02352,Professional,2026-01-11,,Monthly,49.0,Active
S02353,C02353,Professional,2026-03-09,2026-05-25,Monthly,49.0,Cancelled
S02354,C02354,Business,2025-03-20,,Monthly,99.0,Active
S02355,C02355,Basic,2026-02-25,2026-04-18,Monthly,19.0,Cancelled
S02356,C02356,Professional,2025-05-27,,Monthly,49.0,Active
S02357,C02357,Basic,2025-09-07,,Monthly,19.0,Active
S02358,C02358,Business,2025-02-23,,Monthly,99.0,Active
S02359,C02359,Basic,2025-05-25,,Annual,16.15,Active
S02360,C02360,Basic,2026-04-21,,Monthly,19.0,Active
S02361,C02361,Business,2026-04-30,,Monthly,99.0,Active
S02362,C02362,Business,2026-05-04,2026-06-24,Monthly,99.0,Cancelled
S02363,C02363,Business,2025-01-16,,Annual,84.15,Active
S02364,C02364,Professional,2026-02-03,2026-05-25,Monthly,49.0,Cancelled
S02365,C02365,Basic,2025-12-07,2026-06-20,Monthly,19.0,Cancelled
S02366,C02366,Business,2025-09-02,,Annual,84.15,Active
S02367,C02367,Business,2025-10-02,2026-01-15,Monthly,99.0,Cancelled
S02368,C02368,Business,2026-01-08,,Monthly,99.0,Active
S02369,C02369,Professional,2025-06-06,2025-11-12,Annual,41.65,Cancelled
S02370,C02370,Basic,2026-01-15,,Monthly,19.0,Active
S02371,C02371,Professional,2025-12-08,2026-05-15,Monthly,49.0,Cancelled
S02372,C02372,Professional,2025-07-06,,Annual,41.65,Active
S02373,C02373,Business,2025-10-26,,Monthly,99.0,Active
S02374,C02374,Professional,2025-04-05,,Annual,41.65,Active
S02375,C02375,Professional,2025-02-24,2025-06-12,Monthly,49.0,Cancelled
S02376,C02376,Professional,2025-07-15,,Annual,41.65,Active
S02377,C02377,Business,2025-04-09,,Monthly,99.0,Active
S02378,C02378,Business,2025-10-22,,Monthly,99.0,Active
S02379,C02379,Free,2025-02-11,,Monthly,0.0,Active
S02380,C02380,Basic,2026-05-07,,Monthly,19.0,Active
S02381,C02381,Business,2026-03-01,,Annual,84.15,Active
S02382,C02382,Basic,2025-07-15,,Monthly,19.0,Active
S02383,C02383,Basic,2025-02-03,,Monthly,19.0,Active
S02384,C02384,Basic,2025-09-14,,Monthly,19.0,Active
S02385,C02385,Professional,2025-07-19,,Monthly,49.0,Active
S02386,C02386,Professional,2025-05-08,,Monthly,49.0,Active
S02387,C02387,Basic,2025-09-21,,Monthly,19.0,Active
S02388,C02388,Professional,2026-02-23,,Monthly,49.0,Active
S02389,C02389,Professional,2025-08-20,,Annual,41.65,Active
S02390,C02390,Basic,2025-01-30,,Annual,16.15,Active
S02391,C02391,Professional,2026-03-20,2026-04-17,Annual,41.65,Cancelled
S02392,C02392,Business,2026-02-09,,Monthly,99.0,Active
S02393,C02393,Business,2025-05-06,,Monthly,99.0,Active
S02394,C02394,Basic,2025-02-17,2025-05-22,Monthly,19.0,Cancelled
S02395,C02395,Business,2026-03-18,,Monthly,99.0,Active
S02396,C02396,Professional,2025-03-24,,Monthly,49.0,Active
S02397,C02397,Business,2026-02-18,,Monthly,99.0,Active
S02398,C02398,Professional,2025-03-08,,Monthly,49.0,Active
S02399,C02399,Free,2025-03-20,,Monthly,0.0,Active
S02400,C02400,Business,2025-05-22,,Annual,84.15,Active
S02401,C02401,Basic,2025-07-31,,Monthly,19.0,Active
S02402,C02402,Free,2026-01-01,,Annual,0.0,Active
S02403,C02403,Business,2025-12-03,,Annual,84.15,Active
S02404,C02404,Basic,2026-01-06,2026-06-10,Monthly,19.0,Cancelled
S02405,C02405,Business,2025-06-10,,Annual,84.15,Active
S02406,C02406,Free,2025-05-26,,Monthly,0.0,Active
S02407,C02407,Basic,2025-01-31,,Monthly,19.0,Active
S02408,C02408,Basic,2025-12-12,,Monthly,19.0,Active
S02409,C02409,Basic,2026-02-27,2026-05-11,Monthly,19.0,Cancelled
S02410,C02410,Professional,2025-07-15,,Monthly,49.0,Active
S02411,C02411,Free,2026-02-19,,Annual,0.0,Active
S02412,C02412,Free,2025-01-30,,Monthly,0.0,Active
S02413,C02413,Professional,2025-05-01,,Monthly,49.0,Active
S02414,C02414,Professional,2025-03-01,,Annual,41.65,Active
S02415,C02415,Basic,2025-02-19,,Annual,16.15,Active
S02416,C02416,Professional,2025-06-29,2025-07-27,Monthly,49.0,Cancelled
S02417,C02417,Professional,2025-09-08,,Monthly,49.0,Active
S02418,C02418,Basic,2025-07-31,,Monthly,19.0,Active
S02419,C02419,Basic,2026-05-03,,Annual,16.15,Active
S02420,C02420,Business,2025-04-27,,Monthly,99.0,Active
S02421,C02421,Professional,2025-02-04,,Monthly,49.0,Active
S02422,C02422,Business,2025-02-04,,Annual,84.15,Active
S02423,C02423,Basic,2026-01-16,,Monthly,19.0,Active
S02424,C02424,Business,2026-05-04,,Monthly,99.0,Active
S02425,C02425,Basic,2026-03-05,,Monthly,19.0,Active
S02426,C02426,Business,2025-11-20,,Monthly,99.0,Active
S02427,C02427,Professional,2025-06-05,,Monthly,49.0,Active
S02428,C02428,Basic,2025-02-12,,Monthly,19.0,Active
S02429,C02429,Basic,2025-06-16,,Annual,16.15,Active
S02430,C02430,Professional,2026-02-24,,Monthly,49.0,Active
S02431,C02431,Free,2026-05-03,,Monthly,0.0,Active
S02432,C02432,Basic,2025-01-11,2025-12-20,Annual,16.15,Cancelled
S02433,C02433,Professional,2026-04-20,,Monthly,49.0,Active
S02434,C02434,Professional,2025-05-20,,Monthly,49.0,Active
S02435,C02435,Basic,2025-03-06,,Annual,16.15,Active
S02436,C02436,Basic,2025-10-26,,Monthly,19.0,Active
S02437,C02437,Professional,2025-01-22,2025-11-28,Monthly,49.0,Cancelled
S02438,C02438,Professional,2025-08-06,,Monthly,49.0,Active
S02439,C02439,Free,2025-09-07,,Monthly,0.0,Active
S02440,C02440,Professional,2025-05-20,2025-11-27,Monthly,49.0,Cancelled
S02441,C02441,Professional,2025-04-10,,Annual,41.65,Active
S02442,C02442,Basic,2026-03-01,2026-03-28,Annual,16.15,Cancelled
S02443,C02443,Basic,2026-01-04,,Monthly,19.0,Active
S02444,C02444,Professional,2025-07-09,,Monthly,49.0,Active
S02445,C02445,Basic,2025-09-30,,Monthly,19.0,Active
S02446,C02446,Basic,2026-03-12,,Monthly,19.0,Active
S02447,C02447,Professional,2026-02-01,2026-05-14,Annual,41.65,Cancelled
S02448,C02448,Basic,2026-02-15,,Annual,16.15,Active
S02449,C02449,Professional,2025-09-30,,Annual,41.65,Active
S02450,C02450,Basic,2025-11-23,,Annual,16.15,Active
S02451,C02451,Professional,2026-02-10,,Monthly,49.0,Active
S02452,C02452,Professional,2025-10-15,,Monthly,49.0,Active
S02453,C02453,Basic,2025-02-25,,Monthly,19.0,Active
S02454,C02454,Professional,2025-10-05,,Monthly,49.0,Active
S02455,C02455,Professional,2025-01-14,2025-04-09,Monthly,49.0,Cancelled
S02456,C02456,Basic,2025-10-30,,Monthly,19.0,Active
S02457,C02457,Business,2026-03-26,,Monthly,99.0,Active
S02458,C02458,Free,2025-07-27,,Annual,0.0,Active
S02459,C02459,Professional,2026-04-09,,Monthly,49.0,Active
S02460,C02460,Professional,2026-02-25,,Monthly,49.0,Active
S02461,C02461,Professional,2026-04-08,,Annual,41.65,Active
S02462,C02462,Business,2026-04-08,,Monthly,99.0,Active
S02463,C02463,Business,2025-12-16,,Monthly,99.0,Active
S02464,C02464,Professional,2025-12-08,,Monthly,49.0,Active
S02465,C02465,Business,2026-01-01,,Monthly,99.0,Active
S02466,C02466,Professional,2025-08-14,,Monthly,49.0,Active
S02467,C02467,Free,2025-04-21,,Monthly,0.0,Active
S02468,C02468,Business,2026-03-27,,Monthly,99.0,Active
S02469,C02469,Basic,2025-06-17,,Monthly,19.0,Active
S02470,C02470,Basic,2026-04-21,,Monthly,19.0,Active
S02471,C02471,Business,2025-08-19,,Annual,84.15,Active
S02472,C02472,Basic,2026-05-07,2026-06-08,Annual,16.15,Cancelled
S02473,C02473,Professional,2026-02-03,,Monthly,49.0,Active
S02474,C02474,Basic,2025-10-23,,Monthly,19.0,Active
S02475,C02475,Business,2025-04-05,,Monthly,99.0,Active
S02476,C02476,Basic,2025-11-04,,Annual,16.15,Active
S02477,C02477,Professional,2025-05-20,,Monthly,49.0,Active
S02478,C02478,Free,2025-10-02,,Monthly,0.0,Active
S02479,C02479,Professional,2026-03-11,,Monthly,49.0,Active
S02480,C02480,Free,2025-03-02,2026-01-02,Monthly,0.0,Cancelled
S02481,C02481,Basic,2025-01-06,,Monthly,19.0,Active
S02482,C02482,Professional,2026-03-23,2026-04-23,Annual,41.65,Cancelled
S02483,C02483,Professional,2025-09-18,,Annual,41.65,Active
S02484,C02484,Business,2026-05-11,,Monthly,99.0,Active
S02485,C02485,Basic,2026-01-26,,Monthly,19.0,Active
S02486,C02486,Basic,2025-07-17,,Monthly,19.0,Active
S02487,C02487,Business,2025-11-03,,Monthly,99.0,Active
S02488,C02488,Basic,2026-04-22,2026-05-13,Monthly,19.0,Cancelled
S02489,C02489,Professional,2026-01-24,,Monthly,49.0,Active
S02490,C02490,Basic,2025-01-28,2025-09-20,Monthly,19.0,Cancelled
S02491,C02491,Basic,2026-01-18,2026-05-13,Monthly,19.0,Cancelled
S02492,C02492,Professional,2025-09-26,,Annual,41.65,Active
S02493,C02493,Professional,2025-11-07,,Monthly,49.0,Active
S02494,C02494,Basic,2025-02-23,,Monthly,19.0,Active
S02495,C02495,Basic,2025-10-26,2026-06-13,Monthly,19.0,Cancelled
S02496,C02496,Professional,2025-12-06,2026-05-03,Annual,41.65,Cancelled
S02497,C02497,Professional,2025-07-06,2025-08-26,Monthly,49.0,Cancelled
S02498,C02498,Business,2025-02-05,,Annual,84.15,Active
S02499,C02499,Basic,2025-04-18,,Monthly,19.0,Active
S02500,C02500,Professional,2025-10-03,2026-01-21,Monthly,49.0,Cancelled
S02501,C02501,Basic,2026-03-12,,Monthly,19.0,Active
S02502,C02502,Free,2026-01-12,,Monthly,0.0,Active
S02503,C02503,Professional,2025-05-06,,Monthly,49.0,Active
S02504,C02504,Professional,2025-03-17,,Monthly,49.0,Active
S02505,C02505,Basic,2025-02-14,,Monthly,19.0,Active
S02506,C02506,Business,2025-04-30,,Monthly,99.0,Active
S02507,C02507,Free,2026-02-06,,Monthly,0.0,Active
S02508,C02508,Business,2025-02-04,,Monthly,99.0,Active
S02509,C02509,Basic,2025-09-29,,Monthly,19.0,Active
S02510,C02510,Professional,2025-11-29,,Monthly,49.0,Active
S02511,C02511,Professional,2026-05-03,,Monthly,49.0,Active
S02512,C02512,Professional,2025-06-03,,Monthly,49.0,Active
S02513,C02513,Professional,2026-05-01,,Monthly,49.0,Active
S02514,C02514,Business,2026-04-18,2026-05-23,Monthly,99.0,Cancelled
S02515,C02515,Professional,2025-02-18,,Monthly,49.0,Active
S02516,C02516,Professional,2025-09-15,,Monthly,49.0,Active
S02517,C02517,Free,2025-05-07,,Annual,0.0,Active
S02518,C02518,Basic,2026-01-05,2026-03-31,Monthly,19.0,Cancelled
S02519,C02519,Basic,2026-04-10,2026-05-23,Annual,16.15,Cancelled
S02520,C02520,Business,2025-03-09,,Monthly,99.0,Active
S02521,C02521,Professional,2025-03-17,,Annual,41.65,Active
S02522,C02522,Free,2025-11-18,,Monthly,0.0,Active
S02523,C02523,Basic,2025-03-03,,Monthly,19.0,Active
S02524,C02524,Business,2025-10-22,,Annual,84.15,Active
S02525,C02525,Basic,2026-02-24,,Monthly,19.0,Active
S02526,C02526,Professional,2026-01-23,,Monthly,49.0,Active
S02527,C02527,Basic,2025-05-30,,Monthly,19.0,Active
S02528,C02528,Business,2026-04-08,,Monthly,99.0,Active
S02529,C02529,Basic,2026-03-13,,Monthly,19.0,Active
S02530,C02530,Professional,2025-01-07,,Monthly,49.0,Active
S02531,C02531,Professional,2026-02-16,,Annual,41.65,Active
S02532,C02532,Basic,2026-01-24,2026-06-15,Annual,16.15,Cancelled
S02533,C02533,Basic,2025-07-07,,Monthly,19.0,Active
S02534,C02534,Basic,2025-05-21,,Annual,16.15,Active
S02535,C02535,Free,2026-02-09,,Monthly,0.0,Active
S02536,C02536,Basic,2025-03-05,,Monthly,19.0,Active
S02537,C02537,Professional,2025-03-23,,Monthly,49.0,Active
S02538,C02538,Basic,2026-05-08,,Monthly,19.0,Active
S02539,C02539,Basic,2025-02-05,,Monthly,19.0,Active
S02540,C02540,Business,2026-05-05,,Monthly,99.0,Active
S02541,C02541,Business,2025-01-07,,Annual,84.15,Active
S02542,C02542,Basic,2025-07-10,,Annual,16.15,Active
S02543,C02543,Basic,2026-03-04,,Monthly,19.0,Active
S02544,C02544,Basic,2025-12-18,,Monthly,19.0,Active
S02545,C02545,Basic,2025-09-19,,Monthly,19.0,Active
S02546,C02546,Basic,2025-12-15,,Annual,16.15,Active
S02547,C02547,Professional,2025-05-17,,Monthly,49.0,Active
S02548,C02548,Professional,2025-03-12,,Annual,41.65,Active
S02549,C02549,Professional,2025-04-03,,Monthly,49.0,Active
S02550,C02550,Professional,2025-05-09,2026-02-11,Monthly,49.0,Cancelled
S02551,C02551,Business,2025-05-26,2026-03-14,Annual,84.15,Cancelled
S02552,C02552,Free,2025-07-02,,Monthly,0.0,Active
S02553,C02553,Free,2025-07-02,,Monthly,0.0,Active
S02554,C02554,Professional,2025-06-10,,Monthly,49.0,Active
S02555,C02555,Professional,2026-03-03,,Annual,41.65,Active
S02556,C02556,Professional,2026-01-28,,Monthly,49.0,Active
S02557,C02557,Business,2026-02-15,,Monthly,99.0,Active
S02558,C02558,Business,2025-11-13,2026-01-31,Monthly,99.0,Cancelled
S02559,C02559,Free,2025-08-29,,Monthly,0.0,Active
S02560,C02560,Professional,2025-12-04,,Annual,41.65,Active
S02561,C02561,Professional,2025-04-02,2025-07-28,Monthly,49.0,Cancelled
S02562,C02562,Business,2025-03-15,,Annual,84.15,Active
S02563,C02563,Professional,2025-12-28,,Monthly,49.0,Active
S02564,C02564,Basic,2025-08-28,,Annual,16.15,Active
S02565,C02565,Basic,2025-05-26,,Monthly,19.0,Active
S02566,C02566,Basic,2025-09-02,2026-01-27,Monthly,19.0,Cancelled
S02567,C02567,Professional,2025-10-08,,Annual,41.65,Active
S02568,C02568,Basic,2025-12-08,,Annual,16.15,Active
S02569,C02569,Professional,2025-03-26,,Monthly,49.0,Active
S02570,C02570,Basic,2026-02-25,2026-06-09,Monthly,19.0,Cancelled
S02571,C02571,Professional,2025-05-09,,Monthly,49.0,Active
S02572,C02572,Professional,2026-04-19,,Annual,41.65,Active
S02573,C02573,Professional,2026-04-09,,Monthly,49.0,Active
S02574,C02574,Business,2025-10-10,,Monthly,99.0,Active
S02575,C02575,Free,2025-07-08,,Monthly,0.0,Active
S02576,C02576,Business,2026-03-18,,Monthly,99.0,Active
S02577,C02577,Free,2025-05-03,,Monthly,0.0,Active
S02578,C02578,Basic,2025-02-28,,Annual,16.15,Active
S02579,C02579,Business,2026-01-04,2026-02-12,Monthly,99.0,Cancelled
S02580,C02580,Business,2025-05-07,,Monthly,99.0,Active
S02581,C02581,Professional,2025-04-15,,Annual,41.65,Active
S02582,C02582,Basic,2026-03-13,,Annual,16.15,Active
S02583,C02583,Basic,2025-01-27,,Annual,16.15,Active
S02584,C02584,Professional,2025-03-03,,Monthly,49.0,Active
S02585,C02585,Basic,2025-03-12,,Annual,16.15,Active
S02586,C02586,Basic,2026-02-13,2026-04-11,Monthly,19.0,Cancelled
S02587,C02587,Business,2025-11-03,,Monthly,99.0,Active
S02588,C02588,Basic,2026-04-15,,Monthly,19.0,Active
S02589,C02589,Professional,2025-05-13,,Monthly,49.0,Active
S02590,C02590,Professional,2025-09-07,2025-12-08,Monthly,49.0,Cancelled
S02591,C02591,Basic,2026-01-30,,Monthly,19.0,Active
S02592,C02592,Basic,2025-08-31,,Monthly,19.0,Active
S02593,C02593,Free,2025-02-16,,Monthly,0.0,Active
S02594,C02594,Business,2025-01-11,,Annual,84.15,Active
S02595,C02595,Professional,2026-02-08,,Monthly,49.0,Active
S02596,C02596,Professional,2026-02-13,,Monthly,49.0,Active
S02597,C02597,Professional,2026-04-07,,Annual,41.65,Active
S02598,C02598,Professional,2025-01-05,,Monthly,49.0,Active
S02599,C02599,Business,2025-11-12,,Annual,84.15,Active
S02600,C02600,Basic,2025-12-11,2026-03-20,Monthly,19.0,Cancelled
S02601,C02601,Professional,2025-08-12,2025-11-30,Annual,41.65,Cancelled
S02602,C02602,Professional,2025-03-13,2025-09-19,Monthly,49.0,Cancelled
S02603,C02603,Basic,2025-08-30,2025-10-06,Monthly,19.0,Cancelled
S02604,C02604,Basic,2025-03-04,,Monthly,19.0,Active
S02605,C02605,Professional,2025-02-13,,Monthly,49.0,Active
S02606,C02606,Professional,2025-07-27,,Monthly,49.0,Active
S02607,C02607,Basic,2025-06-06,,Annual,16.15,Active
S02608,C02608,Professional,2025-08-10,,Monthly,49.0,Active
S02609,C02609,Basic,2025-08-05,,Monthly,19.0,Active
S02610,C02610,Basic,2025-05-07,2026-06-06,Monthly,19.0,Cancelled
S02611,C02611,Professional,2026-03-03,2026-04-23,Monthly,49.0,Cancelled
S02612,C02612,Professional,2026-02-06,,Annual,41.65,Active
S02613,C02613,Basic,2026-05-15,,Annual,16.15,Active
S02614,C02614,Free,2026-03-08,,Monthly,0.0,Active
S02615,C02615,Basic,2025-05-14,,Monthly,19.0,Active
S02616,C02616,Basic,2025-05-16,,Monthly,19.0,Active
S02617,C02617,Professional,2025-02-20,,Monthly,49.0,Active
S02618,C02618,Professional,2025-06-06,,Monthly,49.0,Active
S02619,C02619,Free,2025-07-23,,Monthly,0.0,Active
S02620,C02620,Basic,2026-04-02,,Monthly,19.0,Active
S02621,C02621,Basic,2025-01-08,2026-01-16,Annual,16.15,Cancelled
S02622,C02622,Professional,2026-03-17,2026-06-18,Monthly,49.0,Cancelled
S02623,C02623,Free,2026-02-05,2026-04-26,Monthly,0.0,Cancelled
S02624,C02624,Free,2026-03-02,,Monthly,0.0,Active
S02625,C02625,Professional,2026-05-15,,Monthly,49.0,Active
S02626,C02626,Basic,2025-10-01,,Monthly,19.0,Active
S02627,C02627,Business,2025-02-25,,Monthly,99.0,Active
S02628,C02628,Free,2025-07-17,2026-02-21,Annual,0.0,Cancelled
S02629,C02629,Professional,2026-05-10,,Monthly,49.0,Active
S02630,C02630,Professional,2025-11-01,,Monthly,49.0,Active
S02631,C02631,Business,2025-06-19,,Monthly,99.0,Active
S02632,C02632,Professional,2025-07-02,,Monthly,49.0,Active
S02633,C02633,Basic,2025-03-28,2025-08-03,Monthly,19.0,Cancelled
S02634,C02634,Professional,2026-02-10,,Monthly,49.0,Active
S02635,C02635,Business,2026-01-22,,Monthly,99.0,Active
S02636,C02636,Professional,2025-07-15,,Monthly,49.0,Active
S02637,C02637,Basic,2026-04-23,,Monthly,19.0,Active
S02638,C02638,Professional,2025-03-10,,Monthly,49.0,Active
S02639,C02639,Professional,2026-02-05,,Monthly,49.0,Active
S02640,C02640,Basic,2025-04-05,2026-02-09,Monthly,19.0,Cancelled
S02641,C02641,Professional,2025-05-12,,Annual,41.65,Active
S02642,C02642,Basic,2025-12-15,,Annual,16.15,Active
S02643,C02643,Professional,2026-01-18,,Monthly,49.0,Active
S02644,C02644,Professional,2025-03-25,,Monthly,49.0,Active
S02645,C02645,Professional,2026-05-03,,Monthly,49.0,Active
S02646,C02646,Business,2026-01-24,,Monthly,99.0,Active
S02647,C02647,Basic,2025-12-24,2026-03-31,Monthly,19.0,Cancelled
S02648,C02648,Professional,2025-02-01,,Annual,41.65,Active
S02649,C02649,Basic,2025-08-26,,Monthly,19.0,Active
S02650,C02650,Basic,2025-03-06,,Monthly,19.0,Active
S02651,C02651,Professional,2025-02-18,,Monthly,49.0,Active
S02652,C02652,Basic,2025-12-26,2026-01-23,Monthly,19.0,Cancelled
S02653,C02653,Professional,2025-07-29,2025-08-23,Monthly,49.0,Cancelled
S02654,C02654,Basic,2025-11-15,,Annual,16.15,Active
S02655,C02655,Basic,2025-01-29,,Monthly,19.0,Active
S02656,C02656,Basic,2025-02-01,2025-12-18,Monthly,19.0,Cancelled
S02657,C02657,Basic,2026-04-17,2026-06-05,Monthly,19.0,Cancelled
S02658,C02658,Basic,2025-04-13,,Monthly,19.0,Active
S02659,C02659,Professional,2025-08-05,,Monthly,49.0,Active
S02660,C02660,Business,2025-12-15,,Monthly,99.0,Active
S02661,C02661,Professional,2025-01-11,2025-12-01,Monthly,49.0,Cancelled
S02662,C02662,Free,2026-01-17,,Annual,0.0,Active
S02663,C02663,Business,2025-11-12,,Monthly,99.0,Active
S02664,C02664,Basic,2025-05-29,,Annual,16.15,Active
S02665,C02665,Business,2026-03-17,,Annual,84.15,Active
S02666,C02666,Business,2026-04-11,,Monthly,99.0,Active
S02667,C02667,Professional,2025-02-15,,Annual,41.65,Active
S02668,C02668,Professional,2025-01-03,,Monthly,49.0,Active
S02669,C02669,Business,2026-02-12,2026-03-28,Monthly,99.0,Cancelled
S02670,C02670,Business,2026-04-23,,Monthly,99.0,Active
S02671,C02671,Business,2026-05-12,,Monthly,99.0,Active
S02672,C02672,Professional,2025-08-24,2025-09-26,Monthly,49.0,Cancelled
S02673,C02673,Professional,2025-02-10,,Monthly,49.0,Active
S02674,C02674,Business,2026-05-08,,Monthly,99.0,Active
S02675,C02675,Business,2025-10-09,,Monthly,99.0,Active
S02676,C02676,Professional,2025-04-23,,Monthly,49.0,Active
S02677,C02677,Basic,2025-06-02,,Monthly,19.0,Active
S02678,C02678,Business,2026-01-12,,Annual,84.15,Active
S02679,C02679,Basic,2025-10-27,,Monthly,19.0,Active
S02680,C02680,Professional,2025-10-25,,Monthly,49.0,Active
S02681,C02681,Basic,2025-10-23,2026-01-16,Annual,16.15,Cancelled
S02682,C02682,Basic,2025-07-18,,Monthly,19.0,Active
S02683,C02683,Professional,2025-05-27,,Monthly,49.0,Active
S02684,C02684,Basic,2025-08-06,,Annual,16.15,Active
S02685,C02685,Professional,2025-09-07,,Monthly,49.0,Active
S02686,C02686,Basic,2025-04-07,,Monthly,19.0,Active
S02687,C02687,Basic,2025-02-06,,Monthly,19.0,Active
S02688,C02688,Basic,2025-09-15,,Monthly,19.0,Active
S02689,C02689,Basic,2025-04-09,2026-02-27,Annual,16.15,Cancelled
S02690,C02690,Professional,2026-05-05,,Monthly,49.0,Active
S02691,C02691,Basic,2025-05-24,,Monthly,19.0,Active
S02692,C02692,Professional,2025-05-25,,Annual,41.65,Active
S02693,C02693,Professional,2025-04-01,,Monthly,49.0,Active
S02694,C02694,Professional,2025-12-06,,Annual,41.65,Active
S02695,C02695,Basic,2025-09-16,,Annual,16.15,Active
S02696,C02696,Professional,2025-07-20,,Annual,41.65,Active
S02697,C02697,Professional,2026-01-21,,Monthly,49.0,Active
S02698,C02698,Professional,2025-07-13,,Annual,41.65,Active
S02699,C02699,Basic,2025-11-04,2026-03-18,Monthly,19.0,Cancelled
S02700,C02700,Professional,2026-05-16,,Annual,41.65,Active
S02701,C02701,Business,2025-05-09,,Monthly,99.0,Active
S02702,C02702,Basic,2025-03-21,2026-01-14,Annual,16.15,Cancelled
S02703,C02703,Business,2025-06-23,,Monthly,99.0,Active
S02704,C02704,Business,2025-02-28,,Monthly,99.0,Active
S02705,C02705,Professional,2026-04-18,,Annual,41.65,Active
S02706,C02706,Professional,2026-03-25,,Monthly,49.0,Active
S02707,C02707,Basic,2025-08-05,,Monthly,19.0,Active
S02708,C02708,Business,2025-04-30,,Annual,84.15,Active
S02709,C02709,Basic,2025-12-08,,Monthly,19.0,Active
S02710,C02710,Professional,2025-05-07,2025-08-06,Monthly,49.0,Cancelled
S02711,C02711,Basic,2025-07-30,2026-02-09,Monthly,19.0,Cancelled
S02712,C02712,Professional,2025-10-22,2026-04-22,Monthly,49.0,Cancelled
S02713,C02713,Basic,2025-05-26,,Monthly,19.0,Active
S02714,C02714,Professional,2025-09-05,,Monthly,49.0,Active
S02715,C02715,Free,2025-12-24,,Monthly,0.0,Active
S02716,C02716,Free,2025-11-24,,Annual,0.0,Active
S02717,C02717,Basic,2025-01-17,,Monthly,19.0,Active
S02718,C02718,Professional,2025-05-07,,Monthly,49.0,Active
S02719,C02719,Free,2025-12-07,,Monthly,0.0,Active
S02720,C02720,Business,2025-11-01,,Monthly,99.0,Active
S02721,C02721,Basic,2025-10-16,,Annual,16.15,Active
S02722,C02722,Basic,2025-04-10,,Monthly,19.0,Active
S02723,C02723,Basic,2026-01-23,,Annual,16.15,Active
S02724,C02724,Professional,2025-11-21,,Annual,41.65,Active
S02725,C02725,Basic,2026-03-10,,Monthly,19.0,Active
S02726,C02726,Basic,2025-02-13,,Monthly,19.0,Active
S02727,C02727,Free,2025-03-15,,Monthly,0.0,Active
S02728,C02728,Business,2025-10-30,2026-03-01,Annual,84.15,Cancelled
S02729,C02729,Professional,2025-05-08,,Monthly,49.0,Active
S02730,C02730,Business,2025-08-28,,Monthly,99.0,Active
S02731,C02731,Business,2026-01-19,,Monthly,99.0,Active
S02732,C02732,Basic,2026-05-02,2026-06-05,Annual,16.15,Cancelled
S02733,C02733,Professional,2026-03-29,,Monthly,49.0,Active
S02734,C02734,Basic,2025-05-28,,Monthly,19.0,Active
S02735,C02735,Professional,2025-01-05,,Monthly,49.0,Active
S02736,C02736,Professional,2025-08-27,,Monthly,49.0,Active
S02737,C02737,Basic,2025-06-29,,Monthly,19.0,Active
S02738,C02738,Professional,2025-05-06,,Monthly,49.0,Active
S02739,C02739,Basic,2025-04-15,,Monthly,19.0,Active
S02740,C02740,Professional,2025-11-16,,Monthly,49.0,Active
S02741,C02741,Free,2026-02-18,2026-05-25,Monthly,0.0,Cancelled
S02742,C02742,Free,2025-02-01,,Annual,0.0,Active
S02743,C02743,Business,2025-06-02,,Monthly,99.0,Active
S02744,C02744,Basic,2025-08-16,2025-09-27,Monthly,19.0,Cancelled
S02745,C02745,Basic,2025-10-02,,Monthly,19.0,Active
S02746,C02746,Basic,2026-01-29,2026-04-23,Monthly,19.0,Cancelled
S02747,C02747,Basic,2026-02-23,,Annual,16.15,Active
S02748,C02748,Basic,2026-02-21,2026-05-13,Monthly,19.0,Cancelled
S02749,C02749,Basic,2025-03-20,,Monthly,19.0,Active
S02750,C02750,Basic,2026-05-06,,Annual,16.15,Active
S02751,C02751,Basic,2025-08-14,2026-02-11,Monthly,19.0,Cancelled
S02752,C02752,Professional,2026-05-05,,Monthly,49.0,Active
S02753,C02753,Professional,2025-11-06,,Monthly,49.0,Active
S02754,C02754,Professional,2026-01-04,,Monthly,49.0,Active
S02755,C02755,Basic,2025-02-19,,Monthly,19.0,Active
S02756,C02756,Business,2025-01-12,,Monthly,99.0,Active
S02757,C02757,Free,2025-08-24,,Monthly,0.0,Active
S02758,C02758,Professional,2025-09-04,,Monthly,49.0,Active
S02759,C02759,Professional,2025-06-21,,Monthly,49.0,Active
S02760,C02760,Basic,2025-03-31,2025-06-27,Monthly,19.0,Cancelled
S02761,C02761,Basic,2025-08-24,,Monthly,19.0,Active
S02762,C02762,Professional,2026-05-12,,Monthly,49.0,Active
S02763,C02763,Business,2025-05-18,,Annual,84.15,Active
S02764,C02764,Professional,2025-01-22,,Monthly,49.0,Active
S02765,C02765,Business,2025-07-25,,Monthly,99.0,Active
S02766,C02766,Professional,2025-03-05,,Annual,41.65,Active
S02767,C02767,Professional,2025-03-14,,Monthly,49.0,Active
S02768,C02768,Basic,2026-02-12,,Annual,16.15,Active
S02769,C02769,Basic,2025-11-17,,Monthly,19.0,Active
S02770,C02770,Professional,2025-07-03,,Monthly,49.0,Active
S02771,C02771,Professional,2025-11-24,2026-05-23,Monthly,49.0,Cancelled
S02772,C02772,Basic,2025-08-27,2025-12-13,Monthly,19.0,Cancelled
S02773,C02773,Professional,2026-05-13,2026-06-07,Annual,41.65,Cancelled
S02774,C02774,Professional,2025-06-18,,Annual,41.65,Active
S02775,C02775,Basic,2026-04-21,,Annual,16.15,Active
S02776,C02776,Basic,2025-05-04,2026-02-22,Monthly,19.0,Cancelled
S02777,C02777,Basic,2025-09-28,,Annual,16.15,Active
S02778,C02778,Professional,2025-04-01,,Annual,41.65,Active
S02779,C02779,Free,2025-05-28,,Annual,0.0,Active
S02780,C02780,Professional,2025-01-24,,Monthly,49.0,Active
S02781,C02781,Professional,2025-11-21,,Monthly,49.0,Active
S02782,C02782,Basic,2025-10-24,2025-12-31,Monthly,19.0,Cancelled
S02783,C02783,Basic,2025-06-25,2026-04-01,Monthly,19.0,Cancelled
S02784,C02784,Basic,2025-08-28,,Monthly,19.0,Active
S02785,C02785,Basic,2026-04-25,,Annual,16.15,Active
S02786,C02786,Basic,2026-01-27,,Monthly,19.0,Active
S02787,C02787,Basic,2025-01-05,,Monthly,19.0,Active
S02788,C02788,Basic,2025-03-08,,Monthly,19.0,Active
S02789,C02789,Business,2025-07-22,,Monthly,99.0,Active
S02790,C02790,Professional,2025-11-12,,Annual,41.65,Active
S02791,C02791,Business,2025-11-08,,Annual,84.15,Active
S02792,C02792,Professional,2025-11-05,,Monthly,49.0,Active
S02793,C02793,Basic,2025-12-28,,Monthly,19.0,Active
S02794,C02794,Business,2025-12-26,2026-04-18,Monthly,99.0,Cancelled
S02795,C02795,Professional,2025-03-10,,Monthly,49.0,Active
S02796,C02796,Professional,2025-09-20,,Monthly,49.0,Active
S02797,C02797,Professional,2025-04-01,,Monthly,49.0,Active
S02798,C02798,Professional,2025-02-19,,Monthly,49.0,Active
S02799,C02799,Basic,2025-05-19,2025-09-16,Monthly,19.0,Cancelled
S02800,C02800,Professional,2025-05-16,,Annual,41.65,Active
S02801,C02801,Professional,2025-01-17,,Monthly,49.0,Active
S02802,C02802,Free,2026-04-27,,Annual,0.0,Active
S02803,C02803,Basic,2025-06-26,,Monthly,19.0,Active
S02804,C02804,Professional,2025-08-24,,Monthly,49.0,Active
S02805,C02805,Professional,2025-04-17,,Annual,41.65,Active
S02806,C02806,Professional,2026-04-24,,Monthly,49.0,Active
S02807,C02807,Professional,2026-04-01,2026-06-10,Monthly,49.0,Cancelled
S02808,C02808,Basic,2025-11-11,,Monthly,19.0,Active
S02809,C02809,Professional,2025-07-19,,Monthly,49.0,Active
S02810,C02810,Basic,2026-01-30,,Monthly,19.0,Active
S02811,C02811,Professional,2025-09-21,2026-04-18,Monthly,49.0,Cancelled
S02812,C02812,Free,2026-01-05,,Monthly,0.0,Active
S02813,C02813,Professional,2025-08-22,,Annual,41.65,Active
S02814,C02814,Free,2025-09-14,,Monthly,0.0,Active
S02815,C02815,Professional,2025-01-18,,Annual,41.65,Active
S02816,C02816,Business,2025-05-19,,Monthly,99.0,Active
S02817,C02817,Basic,2025-12-14,,Annual,16.15,Active
S02818,C02818,Basic,2025-04-21,,Monthly,19.0,Active
S02819,C02819,Professional,2025-08-27,,Monthly,49.0,Active
S02820,C02820,Professional,2025-05-26,,Annual,41.65,Active
S02821,C02821,Basic,2026-04-13,,Monthly,19.0,Active
S02822,C02822,Professional,2025-03-15,,Annual,41.65,Active
S02823,C02823,Professional,2025-08-20,,Monthly,49.0,Active
S02824,C02824,Professional,2025-10-30,2025-12-16,Monthly,49.0,Cancelled
S02825,C02825,Basic,2025-12-15,,Monthly,19.0,Active
S02826,C02826,Basic,2025-05-30,,Annual,16.15,Active
S02827,C02827,Basic,2025-03-30,2025-09-17,Monthly,19.0,Cancelled
S02828,C02828,Professional,2025-03-14,2026-04-04,Monthly,49.0,Cancelled
S02829,C02829,Business,2026-04-02,,Monthly,99.0,Active
S02830,C02830,Basic,2025-03-16,,Monthly,19.0,Active
S02831,C02831,Basic,2026-01-09,,Monthly,19.0,Active
S02832,C02832,Business,2025-06-02,,Monthly,99.0,Active
S02833,C02833,Professional,2025-09-03,,Annual,41.65,Active
S02834,C02834,Basic,2026-01-18,,Annual,16.15,Active
S02835,C02835,Basic,2025-05-15,,Monthly,19.0,Active
S02836,C02836,Professional,2025-11-21,,Monthly,49.0,Active
S02837,C02837,Basic,2025-05-09,2025-07-14,Monthly,19.0,Cancelled
S02838,C02838,Professional,2026-04-05,,Annual,41.65,Active
S02839,C02839,Professional,2025-02-25,2025-11-26,Monthly,49.0,Cancelled
S02840,C02840,Professional,2025-07-17,,Monthly,49.0,Active
S02841,C02841,Basic,2025-11-01,,Monthly,19.0,Active
S02842,C02842,Free,2026-01-29,2026-06-24,Monthly,0.0,Cancelled
S02843,C02843,Basic,2026-03-25,,Monthly,19.0,Active
S02844,C02844,Professional,2025-09-10,2025-11-16,Monthly,49.0,Cancelled
S02845,C02845,Professional,2025-03-23,,Monthly,49.0,Active
S02846,C02846,Basic,2025-09-12,,Monthly,19.0,Active
S02847,C02847,Basic,2026-03-01,,Monthly,19.0,Active
S02848,C02848,Basic,2026-05-01,,Monthly,19.0,Active
S02849,C02849,Basic,2025-07-09,,Monthly,19.0,Active
S02850,C02850,Basic,2026-04-11,,Monthly,19.0,Active
S02851,C02851,Basic,2025-12-19,,Monthly,19.0,Active
S02852,C02852,Basic,2025-04-05,,Monthly,19.0,Active
S02853,C02853,Professional,2025-07-22,,Monthly,49.0,Active
S02854,C02854,Basic,2025-03-19,,Monthly,19.0,Active
S02855,C02855,Basic,2025-08-12,,Monthly,19.0,Active
S02856,C02856,Professional,2026-01-16,,Monthly,49.0,Active
S02857,C02857,Business,2026-03-24,,Annual,84.15,Active
S02858,C02858,Basic,2025-06-23,,Monthly,19.0,Active
S02859,C02859,Professional,2025-03-23,,Annual,41.65,Active
S02860,C02860,Basic,2025-06-09,,Monthly,19.0,Active
S02861,C02861,Basic,2026-01-13,,Monthly,19.0,Active
S02862,C02862,Professional,2025-07-22,,Monthly,49.0,Active
S02863,C02863,Basic,2026-03-31,,Annual,16.15,Active
S02864,C02864,Free,2025-09-15,,Monthly,0.0,Active
S02865,C02865,Business,2025-03-01,,Monthly,99.0,Active
S02866,C02866,Professional,2025-06-04,,Monthly,49.0,Active
S02867,C02867,Basic,2025-10-08,,Annual,16.15,Active
S02868,C02868,Professional,2025-08-16,,Monthly,49.0,Active
S02869,C02869,Professional,2025-03-03,,Monthly,49.0,Active
S02870,C02870,Business,2025-05-22,,Monthly,99.0,Active
S02871,C02871,Professional,2026-01-07,,Monthly,49.0,Active
S02872,C02872,Professional,2025-08-20,,Monthly,49.0,Active
S02873,C02873,Professional,2025-11-27,2026-03-26,Monthly,49.0,Cancelled
S02874,C02874,Business,2026-04-11,,Monthly,99.0,Active
S02875,C02875,Professional,2025-12-08,,Monthly,49.0,Active
S02876,C02876,Business,2025-12-17,,Monthly,99.0,Active
S02877,C02877,Business,2026-03-07,,Monthly,99.0,Active
S02878,C02878,Business,2025-06-07,,Monthly,99.0,Active
S02879,C02879,Basic,2025-02-26,,Monthly,19.0,Active
S02880,C02880,Basic,2025-11-10,,Monthly,19.0,Active
S02881,C02881,Basic,2025-11-15,,Monthly,19.0,Active
S02882,C02882,Professional,2026-05-07,,Monthly,49.0,Active
S02883,C02883,Basic,2025-03-27,2026-03-07,Monthly,19.0,Cancelled
S02884,C02884,Basic,2026-04-09,,Monthly,19.0,Active
S02885,C02885,Basic,2025-08-28,2026-06-17,Annual,16.15,Cancelled
S02886,C02886,Basic,2025-11-12,,Annual,16.15,Active
S02887,C02887,Basic,2025-03-16,,Monthly,19.0,Active
S02888,C02888,Business,2025-01-07,,Annual,84.15,Active
S02889,C02889,Professional,2025-10-02,2026-06-18,Monthly,49.0,Cancelled
S02890,C02890,Basic,2026-04-03,2026-05-19,Monthly,19.0,Cancelled
S02891,C02891,Basic,2025-06-20,,Annual,16.15,Active
S02892,C02892,Business,2025-05-21,,Annual,84.15,Active
S02893,C02893,Professional,2025-11-12,,Annual,41.65,Active
S02894,C02894,Basic,2025-03-16,,Monthly,19.0,Active
S02895,C02895,Basic,2026-04-27,2026-06-17,Monthly,19.0,Cancelled
S02896,C02896,Professional,2025-08-02,,Monthly,49.0,Active
S02897,C02897,Professional,2025-03-11,,Monthly,49.0,Active
S02898,C02898,Basic,2025-09-21,,Monthly,19.0,Active
S02899,C02899,Professional,2025-03-12,,Annual,41.65,Active
S02900,C02900,Professional,2025-04-02,,Monthly,49.0,Active
S02901,C02901,Basic,2025-12-20,,Annual,16.15,Active
S02902,C02902,Professional,2026-01-11,,Annual,41.65,Active
S02903,C02903,Basic,2025-02-22,,Monthly,19.0,Active
S02904,C02904,Business,2025-07-03,,Monthly,99.0,Active
S02905,C02905,Free,2025-06-09,,Monthly,0.0,Active
S02906,C02906,Basic,2026-01-01,2026-04-27,Monthly,19.0,Cancelled
S02907,C02907,Basic,2025-05-10,,Monthly,19.0,Active
S02908,C02908,Free,2026-03-04,,Monthly,0.0,Active
S02909,C02909,Business,2025-02-10,,Annual,84.15,Active
S02910,C02910,Basic,2025-10-22,,Monthly,19.0,Active
S02911,C02911,Professional,2025-06-08,,Monthly,49.0,Active
S02912,C02912,Professional,2025-09-29,,Monthly,49.0,Active
S02913,C02913,Basic,2025-12-25,,Annual,16.15,Active
S02914,C02914,Basic,2025-11-20,,Annual,16.15,Active
S02915,C02915,Professional,2026-03-12,,Monthly,49.0,Active
S02916,C02916,Basic,2026-05-06,2026-06-26,Monthly,19.0,Cancelled
S02917,C02917,Free,2025-07-02,,Monthly,0.0,Active
S02918,C02918,Basic,2025-04-01,,Monthly,19.0,Active
S02919,C02919,Professional,2026-02-11,,Monthly,49.0,Active
S02920,C02920,Basic,2025-05-03,2025-07-05,Monthly,19.0,Cancelled
S02921,C02921,Basic,2025-08-24,,Monthly,19.0,Active
S02922,C02922,Business,2025-07-16,2026-03-11,Monthly,99.0,Cancelled
S02923,C02923,Professional,2025-03-14,,Monthly,49.0,Active
S02924,C02924,Basic,2025-09-17,,Monthly,19.0,Active
S02925,C02925,Professional,2026-01-30,,Annual,41.65,Active
S02926,C02926,Professional,2026-01-28,,Annual,41.65,Active
S02927,C02927,Business,2025-02-01,,Annual,84.15,Active
S02928,C02928,Basic,2026-01-18,,Monthly,19.0,Active
S02929,C02929,Business,2025-03-11,,Annual,84.15,Active
S02930,C02930,Business,2025-05-05,,Monthly,99.0,Active
S02931,C02931,Professional,2025-04-13,,Monthly,49.0,Active
S02932,C02932,Professional,2026-01-05,2026-01-28,Monthly,49.0,Cancelled
S02933,C02933,Professional,2025-06-18,,Monthly,49.0,Active
S02934,C02934,Professional,2025-06-06,,Monthly,49.0,Active
S02935,C02935,Basic,2026-04-17,,Monthly,19.0,Active
S02936,C02936,Professional,2025-08-20,,Monthly,49.0,Active
S02937,C02937,Professional,2025-01-21,,Annual,41.65,Active
S02938,C02938,Basic,2026-04-04,2026-04-29,Annual,16.15,Cancelled
S02939,C02939,Professional,2025-05-22,,Monthly,49.0,Active
S02940,C02940,Basic,2025-12-26,,Monthly,19.0,Active
S02941,C02941,Business,2026-04-06,,Monthly,99.0,Active
S02942,C02942,Free,2026-03-23,,Annual,0.0,Active
S02943,C02943,Basic,2025-06-10,,Monthly,19.0,Active
S02944,C02944,Free,2025-08-01,,Monthly,0.0,Active
S02945,C02945,Free,2025-05-13,,Monthly,0.0,Active
S02946,C02946,Professional,2026-02-20,,Annual,41.65,Active
S02947,C02947,Basic,2025-09-02,,Annual,16.15,Active
S02948,C02948,Basic,2025-02-23,2025-06-01,Monthly,19.0,Cancelled
S02949,C02949,Basic,2025-04-12,,Monthly,19.0,Active
S02950,C02950,Professional,2025-12-09,,Annual,41.65,Active
S02951,C02951,Basic,2025-10-04,,Annual,16.15,Active
S02952,C02952,Professional,2025-02-07,,Monthly,49.0,Active
S02953,C02953,Professional,2025-01-20,2025-06-08,Monthly,49.0,Cancelled
S02954,C02954,Professional,2025-06-02,,Annual,41.65,Active
S02955,C02955,Professional,2026-02-07,,Monthly,49.0,Active
S02956,C02956,Basic,2025-09-25,,Monthly,19.0,Active
S02957,C02957,Basic,2025-03-17,,Monthly,19.0,Active
S02958,C02958,Business,2025-11-08,2026-04-03,Monthly,99.0,Cancelled
S02959,C02959,Basic,2025-04-14,,Monthly,19.0,Active
S02960,C02960,Professional,2025-07-07,,Monthly,49.0,Active
S02961,C02961,Free,2026-02-19,,Annual,0.0,Active
S02962,C02962,Professional,2025-06-21,2026-06-29,Monthly,49.0,Cancelled
S02963,C02963,Basic,2025-10-24,,Monthly,19.0,Active
S02964,C02964,Business,2025-10-19,,Monthly,99.0,Active
S02965,C02965,Business,2025-10-22,,Monthly,99.0,Active
S02966,C02966,Basic,2025-10-18,,Monthly,19.0,Active
S02967,C02967,Free,2026-04-21,,Monthly,0.0,Active
S02968,C02968,Professional,2025-08-04,,Annual,41.65,Active
S02969,C02969,Professional,2025-01-20,2025-12-24,Monthly,49.0,Cancelled
S02970,C02970,Professional,2025-07-21,,Annual,41.65,Active
S02971,C02971,Professional,2025-05-27,,Monthly,49.0,Active
S02972,C02972,Basic,2025-11-23,,Annual,16.15,Active
S02973,C02973,Professional,2025-05-05,,Monthly,49.0,Active
S02974,C02974,Professional,2025-03-27,2025-11-09,Monthly,49.0,Cancelled
S02975,C02975,Basic,2025-02-14,,Annual,16.15,Active
S02976,C02976,Basic,2026-01-04,2026-02-17,Monthly,19.0,Cancelled
S02977,C02977,Business,2026-02-22,,Monthly,99.0,Active
S02978,C02978,Professional,2025-04-25,,Annual,41.65,Active
S02979,C02979,Professional,2025-09-07,,Annual,41.65,Active
S02980,C02980,Business,2025-07-31,,Monthly,99.0,Active
S02981,C02981,Professional,2026-04-03,2026-06-22,Monthly,49.0,Cancelled
S02982,C02982,Professional,2025-12-17,,Annual,41.65,Active
S02983,C02983,Basic,2025-11-26,,Monthly,19.0,Active
S02984,C02984,Business,2025-08-10,,Monthly,99.0,Active
S02985,C02985,Professional,2025-01-02,,Monthly,49.0,Active
S02986,C02986,Professional,2025-02-03,2025-12-07,Monthly,49.0,Cancelled
S02987,C02987,Professional,2026-02-09,,Annual,41.65,Active
S02988,C02988,Basic,2025-07-20,,Annual,16.15,Active
S02989,C02989,Basic,2026-04-02,,Monthly,19.0,Active
S02990,C02990,Business,2025-04-25,,Monthly,99.0,Active
S02991,C02991,Basic,2025-04-13,2025-12-07,Monthly,19.0,Cancelled
S02992,C02992,Professional,2026-02-15,,Monthly,49.0,Active
S02993,C02993,Basic,2025-09-20,,Annual,16.15,Active
S02994,C02994,Basic,2025-03-04,,Monthly,19.0,Active
S02995,C02995,Business,2026-03-21,,Monthly,99.0,Active
S02996,C02996,Professional,2025-09-09,,Monthly,49.0,Active
S02997,C02997,Professional,2025-07-01,,Annual,41.65,Active
S02998,C02998,Professional,2026-02-02,,Annual,41.65,Active
S02999,C02999,Free,2025-09-29,,Annual,0.0,Active
S03000,C03000,Business,2026-02-10,,Monthly,99.0,Active
S03001,C03001,Professional,2025-09-04,,Monthly,49.0,Active
S03002,C03002,Basic,2026-02-17,,Monthly,19.0,Active
S03003,C03003,Professional,2025-01-07,,Monthly,49.0,Active
S03004,C03004,Business,2025-09-20,,Monthly,99.0,Active
S03005,C03005,Professional,2025-04-27,,Monthly,49.0,Active
S03006,C03006,Basic,2026-01-21,,Monthly,19.0,Active
S03007,C03007,Professional,2026-03-12,2026-06-05,Monthly,49.0,Cancelled
S03008,C03008,Professional,2025-12-11,2026-04-21,Annual,41.65,Cancelled
S03009,C03009,Professional,2025-03-19,,Annual,41.65,Active
S03010,C03010,Free,2025-05-28,,Monthly,0.0,Active
S03011,C03011,Basic,2025-04-19,,Monthly,19.0,Active
S03012,C03012,Business,2026-03-24,,Monthly,99.0,Active
S03013,C03013,Basic,2026-03-15,2026-04-29,Monthly,19.0,Cancelled
S03014,C03014,Basic,2025-06-01,,Annual,16.15,Active
S03015,C03015,Professional,2025-09-06,,Monthly,49.0,Active
S03016,C03016,Business,2025-12-30,,Monthly,99.0,Active
S03017,C03017,Business,2026-01-21,,Monthly,99.0,Active
S03018,C03018,Basic,2025-10-19,2026-01-05,Monthly,19.0,Cancelled
S03019,C03019,Basic,2025-01-09,,Annual,16.15,Active
S03020,C03020,Basic,2025-03-14,,Monthly,19.0,Active
S03021,C03021,Basic,2026-02-17,2026-05-22,Monthly,19.0,Cancelled
S03022,C03022,Basic,2025-10-30,,Monthly,19.0,Active
S03023,C03023,Basic,2026-01-05,,Monthly,19.0,Active
S03024,C03024,Free,2025-08-28,2026-03-05,Monthly,0.0,Cancelled
S03025,C03025,Professional,2025-03-15,,Monthly,49.0,Active
S03026,C03026,Professional,2026-02-27,,Monthly,49.0,Active
S03027,C03027,Business,2025-03-29,,Monthly,99.0,Active
S03028,C03028,Free,2026-04-11,2026-05-04,Monthly,0.0,Cancelled
S03029,C03029,Professional,2025-09-24,,Monthly,49.0,Active
S03030,C03030,Professional,2025-09-12,,Monthly,49.0,Active
S03031,C03031,Basic,2025-11-09,,Annual,16.15,Active
S03032,C03032,Professional,2026-04-20,2026-06-21,Monthly,49.0,Cancelled
S03033,C03033,Professional,2026-03-22,,Annual,41.65,Active
S03034,C03034,Basic,2025-04-25,2025-12-30,Annual,16.15,Cancelled
S03035,C03035,Basic,2025-09-06,,Annual,16.15,Active
S03036,C03036,Free,2026-01-30,,Monthly,0.0,Active
S03037,C03037,Business,2025-12-23,,Monthly,99.0,Active
S03038,C03038,Business,2025-07-27,,Monthly,99.0,Active
S03039,C03039,Professional,2025-05-12,,Monthly,49.0,Active
S03040,C03040,Business,2026-03-17,,Monthly,99.0,Active
S03041,C03041,Free,2026-05-14,,Annual,0.0,Active
S03042,C03042,Business,2025-07-14,2026-01-14,Monthly,99.0,Cancelled
S03043,C03043,Professional,2025-11-25,,Annual,41.65,Active
S03044,C03044,Basic,2025-07-09,2026-05-26,Annual,16.15,Cancelled
S03045,C03045,Basic,2025-07-26,2025-09-13,Monthly,19.0,Cancelled
S03046,C03046,Business,2025-07-09,,Annual,84.15,Active
S03047,C03047,Professional,2025-03-26,,Annual,41.65,Active
S03048,C03048,Basic,2025-01-22,,Monthly,19.0,Active
S03049,C03049,Professional,2025-01-18,,Monthly,49.0,Active
S03050,C03050,Basic,2026-03-10,,Annual,16.15,Active
S03051,C03051,Basic,2025-02-28,,Monthly,19.0,Active
S03052,C03052,Business,2025-03-18,,Monthly,99.0,Active
S03053,C03053,Free,2025-12-29,,Monthly,0.0,Active
S03054,C03054,Basic,2026-04-13,,Annual,16.15,Active
S03055,C03055,Free,2026-03-06,,Annual,0.0,Active
S03056,C03056,Basic,2025-07-01,2026-03-05,Monthly,19.0,Cancelled
S03057,C03057,Business,2025-03-25,,Monthly,99.0,Active
S03058,C03058,Basic,2025-09-30,,Monthly,19.0,Active
S03059,C03059,Business,2025-04-14,,Monthly,99.0,Active
S03060,C03060,Basic,2025-07-01,,Monthly,19.0,Active
S03061,C03061,Professional,2026-03-11,,Monthly,49.0,Active
S03062,C03062,Professional,2026-04-27,2026-06-30,Monthly,49.0,Cancelled
S03063,C03063,Basic,2025-02-10,,Annual,16.15,Active
S03064,C03064,Business,2025-06-10,,Annual,84.15,Active
S03065,C03065,Basic,2025-05-02,,Annual,16.15,Active
S03066,C03066,Basic,2025-01-04,,Monthly,19.0,Active
S03067,C03067,Basic,2026-01-08,2026-02-22,Monthly,19.0,Cancelled
S03068,C03068,Professional,2026-04-17,,Monthly,49.0,Active
S03069,C03069,Free,2025-05-02,2025-06-15,Monthly,0.0,Cancelled
S03070,C03070,Professional,2025-05-17,,Annual,41.65,Active
S03071,C03071,Basic,2026-03-28,2026-06-06,Monthly,19.0,Cancelled
S03072,C03072,Free,2025-11-16,,Annual,0.0,Active
S03073,C03073,Business,2026-01-01,,Monthly,99.0,Active
S03074,C03074,Basic,2025-03-27,,Monthly,19.0,Active
S03075,C03075,Professional,2026-02-26,2026-04-19,Monthly,49.0,Cancelled
S03076,C03076,Business,2026-01-17,,Monthly,99.0,Active
S03077,C03077,Basic,2025-12-10,,Monthly,19.0,Active
S03078,C03078,Free,2025-03-17,,Monthly,0.0,Active
S03079,C03079,Basic,2026-01-19,,Monthly,19.0,Active
S03080,C03080,Basic,2025-02-16,,Monthly,19.0,Active
S03081,C03081,Basic,2025-09-01,,Monthly,19.0,Active
S03082,C03082,Free,2026-01-31,2026-05-06,Annual,0.0,Cancelled
S03083,C03083,Professional,2025-08-31,,Monthly,49.0,Active
S03084,C03084,Professional,2025-04-19,,Monthly,49.0,Active
S03085,C03085,Professional,2025-04-26,,Annual,41.65,Active
S03086,C03086,Professional,2025-03-25,,Annual,41.65,Active
S03087,C03087,Professional,2025-08-08,2026-05-27,Monthly,49.0,Cancelled
S03088,C03088,Basic,2025-12-01,,Monthly,19.0,Active
S03089,C03089,Professional,2026-01-13,,Monthly,49.0,Active
S03090,C03090,Business,2025-06-11,,Monthly,99.0,Active
S03091,C03091,Professional,2025-06-25,,Monthly,49.0,Active
S03092,C03092,Basic,2026-02-24,,Monthly,19.0,Active
S03093,C03093,Basic,2026-04-15,2026-06-16,Monthly,19.0,Cancelled
S03094,C03094,Business,2025-08-17,,Monthly,99.0,Active
S03095,C03095,Professional,2025-06-04,,Annual,41.65,Active
S03096,C03096,Professional,2025-11-01,,Monthly,49.0,Active
S03097,C03097,Professional,2026-01-18,2026-04-01,Monthly,49.0,Cancelled
S03098,C03098,Basic,2026-03-21,2026-04-23,Annual,16.15,Cancelled
S03099,C03099,Business,2025-12-21,,Monthly,99.0,Active
S03100,C03100,Basic,2025-04-13,,Annual,16.15,Active
S03101,C03101,Professional,2025-07-19,,Annual,41.65,Active
S03102,C03102,Professional,2025-03-19,,Monthly,49.0,Active
S03103,C03103,Basic,2025-07-17,2025-10-28,Monthly,19.0,Cancelled
S03104,C03104,Professional,2025-02-19,,Monthly,49.0,Active
S03105,C03105,Business,2025-09-10,2026-01-26,Monthly,99.0,Cancelled
S03106,C03106,Basic,2026-01-06,,Monthly,19.0,Active
S03107,C03107,Basic,2025-10-05,,Monthly,19.0,Active
S03108,C03108,Basic,2025-08-04,,Annual,16.15,Active
S03109,C03109,Professional,2026-03-15,,Monthly,49.0,Active
S03110,C03110,Professional,2025-12-29,2026-04-02,Monthly,49.0,Cancelled
S03111,C03111,Basic,2026-01-15,,Monthly,19.0,Active
S03112,C03112,Basic,2026-03-03,,Monthly,19.0,Active
S03113,C03113,Professional,2025-06-23,,Monthly,49.0,Active
S03114,C03114,Basic,2025-10-03,,Annual,16.15,Active
S03115,C03115,Professional,2025-10-15,,Monthly,49.0,Active
S03116,C03116,Professional,2025-10-11,,Monthly,49.0,Active
S03117,C03117,Business,2025-03-01,,Monthly,99.0,Active
S03118,C03118,Professional,2025-11-12,,Monthly,49.0,Active
S03119,C03119,Professional,2025-10-04,,Annual,41.65,Active
S03120,C03120,Professional,2025-04-03,2026-03-26,Monthly,49.0,Cancelled
S03121,C03121,Basic,2026-03-20,,Monthly,19.0,Active
S03122,C03122,Business,2026-01-11,,Monthly,99.0,Active
S03123,C03123,Professional,2026-02-27,2026-04-16,Monthly,49.0,Cancelled
S03124,C03124,Professional,2025-11-06,,Monthly,49.0,Active
S03125,C03125,Basic,2025-04-23,,Monthly,19.0,Active
S03126,C03126,Free,2025-09-01,,Annual,0.0,Active
S03127,C03127,Professional,2025-12-29,,Annual,41.65,Active
S03128,C03128,Basic,2026-05-07,,Annual,16.15,Active
S03129,C03129,Basic,2026-01-01,,Monthly,19.0,Active
S03130,C03130,Basic,2025-10-09,,Monthly,19.0,Active
S03131,C03131,Basic,2025-09-10,,Monthly,19.0,Active
S03132,C03132,Basic,2025-04-19,,Monthly,19.0,Active
S03133,C03133,Basic,2025-01-08,2026-02-02,Annual,16.15,Cancelled
S03134,C03134,Professional,2025-04-24,2025-06-16,Annual,41.65,Cancelled
S03135,C03135,Professional,2026-02-04,,Annual,41.65,Active
S03136,C03136,Basic,2026-03-25,2026-06-22,Monthly,19.0,Cancelled
S03137,C03137,Basic,2025-10-26,,Monthly,19.0,Active
S03138,C03138,Basic,2025-04-01,,Monthly,19.0,Active
S03139,C03139,Professional,2025-10-07,,Monthly,49.0,Active
S03140,C03140,Professional,2025-09-29,,Monthly,49.0,Active
S03141,C03141,Basic,2025-10-24,,Monthly,19.0,Active
S03142,C03142,Basic,2025-12-30,2026-03-11,Annual,16.15,Cancelled
S03143,C03143,Business,2025-08-18,,Monthly,99.0,Active
S03144,C03144,Basic,2025-10-06,,Monthly,19.0,Active
S03145,C03145,Basic,2026-03-10,2026-06-09,Monthly,19.0,Cancelled
S03146,C03146,Professional,2025-11-07,,Annual,41.65,Active
S03147,C03147,Business,2026-03-05,2026-05-24,Monthly,99.0,Cancelled
S03148,C03148,Free,2026-01-06,,Annual,0.0,Active
S03149,C03149,Business,2025-08-16,,Monthly,99.0,Active
S03150,C03150,Basic,2025-05-05,2025-10-15,Monthly,19.0,Cancelled
S03151,C03151,Professional,2025-01-02,,Monthly,49.0,Active
S03152,C03152,Professional,2025-09-14,,Monthly,49.0,Active
S03153,C03153,Business,2025-10-11,,Monthly,99.0,Active
S03154,C03154,Basic,2026-04-25,,Monthly,19.0,Active
S03155,C03155,Professional,2025-09-16,,Monthly,49.0,Active
S03156,C03156,Basic,2025-09-08,,Monthly,19.0,Active
S03157,C03157,Professional,2025-09-11,,Monthly,49.0,Active
S03158,C03158,Basic,2025-11-27,,Monthly,19.0,Active
S03159,C03159,Basic,2025-07-07,,Monthly,19.0,Active
S03160,C03160,Basic,2025-05-28,,Monthly,19.0,Active
S03161,C03161,Business,2026-03-21,2026-05-04,Monthly,99.0,Cancelled
S03162,C03162,Professional,2025-06-05,2026-03-26,Monthly,49.0,Cancelled
S03163,C03163,Professional,2025-03-26,,Monthly,49.0,Active
S03164,C03164,Professional,2025-09-13,,Monthly,49.0,Active
S03165,C03165,Professional,2025-07-18,2025-10-30,Monthly,49.0,Cancelled
S03166,C03166,Professional,2025-07-01,,Monthly,49.0,Active
S03167,C03167,Business,2025-07-13,,Monthly,99.0,Active
S03168,C03168,Basic,2026-03-01,,Annual,16.15,Active
S03169,C03169,Professional,2025-06-22,,Monthly,49.0,Active
S03170,C03170,Basic,2025-12-30,,Monthly,19.0,Active
S03171,C03171,Professional,2025-12-15,2026-05-27,Annual,41.65,Cancelled
S03172,C03172,Basic,2025-10-10,2026-03-02,Annual,16.15,Cancelled
S03173,C03173,Basic,2026-01-10,,Monthly,19.0,Active
S03174,C03174,Professional,2025-01-22,,Monthly,49.0,Active
S03175,C03175,Business,2026-02-13,,Monthly,99.0,Active
S03176,C03176,Business,2025-12-30,2026-06-28,Monthly,99.0,Cancelled
S03177,C03177,Basic,2026-02-19,,Monthly,19.0,Active
S03178,C03178,Basic,2025-11-12,,Monthly,19.0,Active
S03179,C03179,Professional,2025-03-04,,Monthly,49.0,Active
S03180,C03180,Professional,2026-04-14,,Monthly,49.0,Active
S03181,C03181,Basic,2025-03-09,,Annual,16.15,Active
S03182,C03182,Business,2026-02-27,,Monthly,99.0,Active
S03183,C03183,Basic,2025-04-21,,Monthly,19.0,Active
S03184,C03184,Professional,2025-06-30,,Monthly,49.0,Active
S03185,C03185,Professional,2025-06-15,,Monthly,49.0,Active
S03186,C03186,Business,2025-06-30,,Monthly,99.0,Active
S03187,C03187,Professional,2025-08-27,,Monthly,49.0,Active
S03188,C03188,Professional,2025-11-04,2026-04-25,Monthly,49.0,Cancelled
S03189,C03189,Basic,2025-03-04,,Monthly,19.0,Active
S03190,C03190,Professional,2025-01-18,,Monthly,49.0,Active
S03191,C03191,Professional,2025-10-27,,Monthly,49.0,Active
S03192,C03192,Business,2025-04-04,2025-04-30,Monthly,99.0,Cancelled
S03193,C03193,Business,2025-06-29,,Monthly,99.0,Active
S03194,C03194,Business,2025-07-17,,Monthly,99.0,Active
S03195,C03195,Business,2025-07-12,2026-04-16,Annual,84.15,Cancelled
S03196,C03196,Basic,2025-02-27,,Monthly,19.0,Active
S03197,C03197,Professional,2025-01-25,,Monthly,49.0,Active
S03198,C03198,Basic,2025-05-19,2025-11-28,Annual,16.15,Cancelled
S03199,C03199,Basic,2025-07-21,,Annual,16.15,Active
S03200,C03200,Basic,2025-09-13,,Annual,16.15,Active
S03201,C03201,Professional,2025-11-05,,Annual,41.65,Active
S03202,C03202,Business,2025-02-06,,Annual,84.15,Active
S03203,C03203,Basic,2025-11-15,,Annual,16.15,Active
S03204,C03204,Professional,2025-07-30,2026-02-27,Monthly,49.0,Cancelled
S03205,C03205,Free,2025-08-17,2025-12-27,Monthly,0.0,Cancelled
S03206,C03206,Basic,2026-05-07,,Monthly,19.0,Active
S03207,C03207,Basic,2025-11-02,,Monthly,19.0,Active
S03208,C03208,Basic,2025-12-03,2026-05-05,Annual,16.15,Cancelled
S03209,C03209,Basic,2025-10-26,,Monthly,19.0,Active
S03210,C03210,Business,2026-04-07,,Monthly,99.0,Active
S03211,C03211,Basic,2025-12-11,2026-06-27,Monthly,19.0,Cancelled
S03212,C03212,Business,2025-02-06,,Monthly,99.0,Active
S03213,C03213,Basic,2025-03-25,,Annual,16.15,Active
S03214,C03214,Professional,2025-05-24,,Monthly,49.0,Active
S03215,C03215,Basic,2026-04-05,,Monthly,19.0,Active
S03216,C03216,Professional,2025-02-26,,Monthly,49.0,Active
S03217,C03217,Professional,2025-09-17,2026-04-13,Monthly,49.0,Cancelled
S03218,C03218,Basic,2025-12-13,,Annual,16.15,Active
S03219,C03219,Basic,2026-03-31,,Monthly,19.0,Active
S03220,C03220,Free,2026-04-10,2026-06-04,Monthly,0.0,Cancelled
S03221,C03221,Professional,2026-02-16,2026-04-14,Monthly,49.0,Cancelled
S03222,C03222,Professional,2025-11-19,,Monthly,49.0,Active
S03223,C03223,Business,2025-05-06,,Monthly,99.0,Active
S03224,C03224,Business,2026-02-23,,Monthly,99.0,Active
S03225,C03225,Professional,2025-05-31,,Monthly,49.0,Active
S03226,C03226,Free,2025-05-21,,Monthly,0.0,Active
S03227,C03227,Professional,2025-07-02,,Monthly,49.0,Active
S03228,C03228,Business,2025-05-25,,Monthly,99.0,Active
S03229,C03229,Professional,2025-10-05,,Monthly,49.0,Active
S03230,C03230,Free,2025-05-12,,Monthly,0.0,Active
S03231,C03231,Professional,2025-02-05,,Monthly,49.0,Active
S03232,C03232,Free,2025-03-28,,Monthly,0.0,Active
S03233,C03233,Professional,2025-04-04,,Monthly,49.0,Active
S03234,C03234,Business,2025-12-18,,Monthly,99.0,Active
S03235,C03235,Basic,2025-06-15,,Monthly,19.0,Active
S03236,C03236,Business,2025-01-29,,Monthly,99.0,Active
S03237,C03237,Basic,2025-01-29,,Annual,16.15,Active
S03238,C03238,Professional,2025-02-18,,Annual,41.65,Active
S03239,C03239,Free,2025-09-09,,Monthly,0.0,Active
S03240,C03240,Business,2026-04-11,2026-06-13,Monthly,99.0,Cancelled
S03241,C03241,Professional,2026-02-18,,Monthly,49.0,Active
S03242,C03242,Basic,2025-08-01,,Monthly,19.0,Active
S03243,C03243,Basic,2026-04-02,2026-05-19,Annual,16.15,Cancelled
S03244,C03244,Business,2025-10-14,,Annual,84.15,Active
S03245,C03245,Professional,2025-07-31,,Monthly,49.0,Active
S03246,C03246,Business,2025-01-22,,Annual,84.15,Active
S03247,C03247,Professional,2025-01-09,,Annual,41.65,Active
S03248,C03248,Basic,2025-03-18,,Annual,16.15,Active
S03249,C03249,Basic,2025-04-20,,Annual,16.15,Active
S03250,C03250,Basic,2025-10-15,2026-01-01,Monthly,19.0,Cancelled
S03251,C03251,Basic,2025-01-07,,Monthly,19.0,Active
S03252,C03252,Basic,2025-11-05,,Monthly,19.0,Active
S03253,C03253,Professional,2026-05-01,,Annual,41.65,Active
S03254,C03254,Basic,2025-10-07,,Monthly,19.0,Active
S03255,C03255,Basic,2025-09-18,,Monthly,19.0,Active
S03256,C03256,Basic,2025-03-01,,Monthly,19.0,Active
S03257,C03257,Professional,2026-04-10,,Annual,41.65,Active
S03258,C03258,Basic,2025-01-26,,Annual,16.15,Active
S03259,C03259,Professional,2025-09-20,,Monthly,49.0,Active
S03260,C03260,Basic,2025-02-23,,Monthly,19.0,Active
S03261,C03261,Professional,2025-11-27,,Monthly,49.0,Active
S03262,C03262,Business,2025-04-28,,Annual,84.15,Active
S03263,C03263,Professional,2025-07-30,,Annual,41.65,Active
S03264,C03264,Professional,2025-05-22,2025-12-28,Monthly,49.0,Cancelled
S03265,C03265,Business,2026-04-16,,Monthly,99.0,Active
S03266,C03266,Basic,2025-04-06,,Annual,16.15,Active
S03267,C03267,Free,2026-03-01,,Annual,0.0,Active
S03268,C03268,Business,2025-05-14,,Monthly,99.0,Active
S03269,C03269,Basic,2026-03-23,,Monthly,19.0,Active
S03270,C03270,Basic,2025-04-22,,Monthly,19.0,Active
S03271,C03271,Basic,2026-01-18,,Monthly,19.0,Active
S03272,C03272,Basic,2025-08-28,2025-11-19,Monthly,19.0,Cancelled
S03273,C03273,Professional,2025-03-09,,Annual,41.65,Active
S03274,C03274,Basic,2026-04-23,,Monthly,19.0,Active
S03275,C03275,Professional,2025-12-02,,Monthly,49.0,Active
S03276,C03276,Business,2025-01-27,2025-09-13,Monthly,99.0,Cancelled
S03277,C03277,Basic,2025-05-15,,Monthly,19.0,Active
S03278,C03278,Basic,2025-08-26,,Monthly,19.0,Active
S03279,C03279,Professional,2025-04-19,,Annual,41.65,Active
S03280,C03280,Professional,2025-04-10,,Monthly,49.0,Active
S03281,C03281,Basic,2025-11-12,,Monthly,19.0,Active
S03282,C03282,Basic,2026-02-26,,Monthly,19.0,Active
S03283,C03283,Basic,2025-07-12,,Monthly,19.0,Active
S03284,C03284,Professional,2025-02-19,,Annual,41.65,Active
S03285,C03285,Basic,2026-01-08,2026-04-20,Monthly,19.0,Cancelled
S03286,C03286,Professional,2025-02-02,,Monthly,49.0,Active
S03287,C03287,Free,2025-11-26,,Monthly,0.0,Active
S03288,C03288,Free,2026-03-30,2026-05-19,Monthly,0.0,Cancelled
S03289,C03289,Professional,2025-01-14,,Annual,41.65,Active
S03290,C03290,Professional,2025-10-25,,Monthly,49.0,Active
S03291,C03291,Professional,2026-03-20,,Monthly,49.0,Active
S03292,C03292,Professional,2025-04-19,,Monthly,49.0,Active
S03293,C03293,Professional,2025-08-19,,Monthly,49.0,Active
S03294,C03294,Professional,2025-09-11,2025-11-29,Monthly,49.0,Cancelled
S03295,C03295,Professional,2026-04-08,2026-06-18,Monthly,49.0,Cancelled
S03296,C03296,Professional,2025-10-07,,Annual,41.65,Active
S03297,C03297,Professional,2025-09-28,,Annual,41.65,Active
S03298,C03298,Professional,2026-02-02,,Annual,41.65,Active
S03299,C03299,Basic,2025-06-09,,Monthly,19.0,Active
S03300,C03300,Basic,2025-02-07,,Monthly,19.0,Active
S03301,C03301,Professional,2025-03-02,,Annual,41.65,Active
S03302,C03302,Basic,2025-12-01,2026-03-18,Annual,16.15,Cancelled
S03303,C03303,Basic,2025-01-15,,Monthly,19.0,Active
S03304,C03304,Professional,2025-08-12,2025-10-22,Monthly,49.0,Cancelled
S03305,C03305,Professional,2025-08-03,,Annual,41.65,Active
S03306,C03306,Basic,2025-11-12,,Monthly,19.0,Active
S03307,C03307,Professional,2026-01-21,,Monthly,49.0,Active
S03308,C03308,Professional,2025-02-19,,Annual,41.65,Active
S03309,C03309,Basic,2026-05-06,,Monthly,19.0,Active
S03310,C03310,Business,2025-11-15,,Annual,84.15,Active
S03311,C03311,Basic,2025-03-18,,Monthly,19.0,Active
S03312,C03312,Basic,2025-05-04,,Annual,16.15,Active
S03313,C03313,Professional,2025-12-16,,Annual,41.65,Active
S03314,C03314,Basic,2025-07-25,,Annual,16.15,Active
S03315,C03315,Professional,2025-11-30,2026-05-26,Monthly,49.0,Cancelled
S03316,C03316,Professional,2025-12-09,,Monthly,49.0,Active
S03317,C03317,Free,2025-02-02,2025-08-06,Monthly,0.0,Cancelled
S03318,C03318,Basic,2025-09-10,,Monthly,19.0,Active
S03319,C03319,Business,2026-04-02,,Annual,84.15,Active
S03320,C03320,Business,2025-05-02,,Annual,84.15,Active
S03321,C03321,Professional,2025-07-27,,Annual,41.65,Active
S03322,C03322,Free,2025-05-20,,Monthly,0.0,Active
S03323,C03323,Professional,2025-09-26,,Annual,41.65,Active
S03324,C03324,Free,2025-01-22,,Monthly,0.0,Active
S03325,C03325,Business,2025-04-04,,Monthly,99.0,Active
S03326,C03326,Free,2025-10-04,,Monthly,0.0,Active
S03327,C03327,Basic,2025-10-17,,Monthly,19.0,Active
S03328,C03328,Professional,2025-03-17,,Monthly,49.0,Active
S03329,C03329,Professional,2025-06-19,,Monthly,49.0,Active
S03330,C03330,Basic,2026-02-04,,Monthly,19.0,Active
S03331,C03331,Professional,2025-08-28,2026-06-22,Monthly,49.0,Cancelled
S03332,C03332,Basic,2025-09-23,,Monthly,19.0,Active
S03333,C03333,Free,2026-03-10,,Monthly,0.0,Active
S03334,C03334,Professional,2026-03-28,2026-05-01,Monthly,49.0,Cancelled
S03335,C03335,Professional,2025-03-06,,Annual,41.65,Active
S03336,C03336,Professional,2026-02-06,,Monthly,49.0,Active
S03337,C03337,Professional,2025-09-20,,Annual,41.65,Active
S03338,C03338,Basic,2025-08-22,,Annual,16.15,Active
S03339,C03339,Basic,2026-02-16,,Annual,16.15,Active
S03340,C03340,Basic,2026-03-23,,Monthly,19.0,Active
S03341,C03341,Professional,2025-07-21,,Annual,41.65,Active
S03342,C03342,Basic,2025-02-25,,Annual,16.15,Active
S03343,C03343,Basic,2026-03-15,2026-05-20,Annual,16.15,Cancelled
S03344,C03344,Free,2026-05-13,,Monthly,0.0,Active
S03345,C03345,Basic,2025-01-21,2025-04-16,Monthly,19.0,Cancelled
S03346,C03346,Basic,2026-04-02,,Monthly,19.0,Active
S03347,C03347,Business,2025-08-11,,Annual,84.15,Active
S03348,C03348,Basic,2025-12-18,,Monthly,19.0,Active
S03349,C03349,Professional,2025-11-08,2026-03-29,Monthly,49.0,Cancelled
S03350,C03350,Professional,2025-10-06,,Monthly,49.0,Active
S03351,C03351,Professional,2025-03-02,,Monthly,49.0,Active
S03352,C03352,Basic,2025-04-29,,Monthly,19.0,Active
S03353,C03353,Professional,2025-10-07,,Annual,41.65,Active
S03354,C03354,Basic,2025-04-15,2025-06-10,Monthly,19.0,Cancelled
S03355,C03355,Professional,2025-11-17,,Monthly,49.0,Active
S03356,C03356,Basic,2025-05-22,,Monthly,19.0,Active
S03357,C03357,Basic,2025-08-10,,Monthly,19.0,Active
S03358,C03358,Basic,2025-02-14,,Monthly,19.0,Active
S03359,C03359,Professional,2026-01-06,2026-03-15,Monthly,49.0,Cancelled
S03360,C03360,Basic,2025-11-12,,Monthly,19.0,Active
S03361,C03361,Professional,2025-08-07,,Monthly,49.0,Active
S03362,C03362,Basic,2025-04-05,2025-12-30,Monthly,19.0,Cancelled
S03363,C03363,Professional,2025-08-17,,Annual,41.65,Active
S03364,C03364,Professional,2026-03-22,2026-05-11,Annual,41.65,Cancelled
S03365,C03365,Basic,2026-01-01,,Monthly,19.0,Active
S03366,C03366,Professional,2025-05-03,,Monthly,49.0,Active
S03367,C03367,Business,2025-12-08,,Monthly,99.0,Active
S03368,C03368,Free,2025-09-19,,Monthly,0.0,Active
S03369,C03369,Free,2025-04-10,2026-04-24,Monthly,0.0,Cancelled
S03370,C03370,Basic,2025-10-18,,Monthly,19.0,Active
S03371,C03371,Professional,2026-02-14,2026-04-30,Monthly,49.0,Cancelled
S03372,C03372,Professional,2025-12-19,,Monthly,49.0,Active
S03373,C03373,Professional,2025-07-19,,Annual,41.65,Active
S03374,C03374,Business,2026-05-07,,Monthly,99.0,Active
S03375,C03375,Basic,2025-11-04,,Annual,16.15,Active
S03376,C03376,Business,2025-01-26,,Monthly,99.0,Active
S03377,C03377,Basic,2026-05-03,,Monthly,19.0,Active
S03378,C03378,Business,2026-02-18,,Monthly,99.0,Active
S03379,C03379,Basic,2025-01-06,,Monthly,19.0,Active
S03380,C03380,Business,2025-03-02,,Monthly,99.0,Active
S03381,C03381,Professional,2026-04-08,2026-06-04,Annual,41.65,Cancelled
S03382,C03382,Basic,2025-04-29,,Monthly,19.0,Active
S03383,C03383,Basic,2026-02-17,,Monthly,19.0,Active
S03384,C03384,Business,2025-01-23,,Monthly,99.0,Active
S03385,C03385,Professional,2025-07-07,,Monthly,49.0,Active
S03386,C03386,Professional,2025-03-03,,Monthly,49.0,Active
S03387,C03387,Business,2025-04-22,,Annual,84.15,Active
S03388,C03388,Professional,2025-09-29,,Annual,41.65,Active
S03389,C03389,Business,2026-01-17,,Monthly,99.0,Active
S03390,C03390,Business,2025-03-13,,Monthly,99.0,Active
S03391,C03391,Basic,2025-08-28,,Annual,16.15,Active
S03392,C03392,Business,2025-01-03,,Monthly,99.0,Active
S03393,C03393,Basic,2025-12-04,2026-01-13,Monthly,19.0,Cancelled
S03394,C03394,Basic,2026-05-12,2026-06-24,Monthly,19.0,Cancelled
S03395,C03395,Business,2025-05-15,,Monthly,99.0,Active
S03396,C03396,Free,2026-01-27,2026-03-20,Annual,0.0,Cancelled
S03397,C03397,Basic,2026-05-16,2026-06-30,Annual,16.15,Cancelled
S03398,C03398,Professional,2026-04-21,,Monthly,49.0,Active
S03399,C03399,Professional,2025-11-28,,Monthly,49.0,Active
S03400,C03400,Basic,2025-09-25,,Monthly,19.0,Active
S03401,C03401,Professional,2026-03-30,,Monthly,49.0,Active
S03402,C03402,Professional,2025-12-13,,Monthly,49.0,Active
S03403,C03403,Professional,2025-02-03,,Monthly,49.0,Active
S03404,C03404,Basic,2025-06-02,,Annual,16.15,Active
S03405,C03405,Basic,2025-11-23,,Monthly,19.0,Active
S03406,C03406,Professional,2025-12-09,,Monthly,49.0,Active
S03407,C03407,Basic,2025-12-09,2026-03-11,Monthly,19.0,Cancelled
S03408,C03408,Basic,2025-08-09,,Annual,16.15,Active
S03409,C03409,Basic,2025-01-16,,Monthly,19.0,Active
S03410,C03410,Professional,2026-01-12,,Monthly,49.0,Active
S03411,C03411,Business,2025-05-23,,Monthly,99.0,Active
S03412,C03412,Professional,2026-04-18,,Monthly,49.0,Active
S03413,C03413,Basic,2025-05-24,,Monthly,19.0,Active
S03414,C03414,Professional,2025-09-09,,Annual,41.65,Active
S03415,C03415,Professional,2025-06-14,,Monthly,49.0,Active
S03416,C03416,Basic,2026-01-22,,Annual,16.15,Active
S03417,C03417,Basic,2025-10-10,,Monthly,19.0,Active
S03418,C03418,Basic,2025-02-09,,Monthly,19.0,Active
S03419,C03419,Professional,2025-09-05,,Monthly,49.0,Active
S03420,C03420,Basic,2025-09-23,2026-01-31,Monthly,19.0,Cancelled
S03421,C03421,Free,2025-11-02,,Monthly,0.0,Active
S03422,C03422,Professional,2025-11-11,2026-06-04,Monthly,49.0,Cancelled
S03423,C03423,Business,2026-01-09,,Monthly,99.0,Active
S03424,C03424,Professional,2025-02-12,,Monthly,49.0,Active
S03425,C03425,Professional,2025-12-08,,Monthly,49.0,Active
S03426,C03426,Professional,2026-03-09,,Monthly,49.0,Active
S03427,C03427,Basic,2025-05-07,,Monthly,19.0,Active
S03428,C03428,Basic,2025-03-14,,Monthly,19.0,Active
S03429,C03429,Professional,2025-10-25,,Monthly,49.0,Active
S03430,C03430,Business,2026-02-16,,Annual,84.15,Active
S03431,C03431,Professional,2025-10-12,2026-05-15,Monthly,49.0,Cancelled
S03432,C03432,Free,2025-01-13,,Annual,0.0,Active
S03433,C03433,Professional,2025-02-24,,Monthly,49.0,Active
S03434,C03434,Professional,2025-02-22,,Monthly,49.0,Active
S03435,C03435,Professional,2025-08-06,,Monthly,49.0,Active
S03436,C03436,Professional,2025-03-02,,Annual,41.65,Active
S03437,C03437,Professional,2026-02-02,,Monthly,49.0,Active
S03438,C03438,Basic,2025-03-20,,Monthly,19.0,Active
S03439,C03439,Professional,2025-03-23,,Monthly,49.0,Active
S03440,C03440,Business,2025-04-13,,Monthly,99.0,Active
S03441,C03441,Professional,2025-06-12,,Monthly,49.0,Active
S03442,C03442,Professional,2025-12-06,,Monthly,49.0,Active
S03443,C03443,Basic,2025-07-21,,Annual,16.15,Active
S03444,C03444,Basic,2025-10-22,,Monthly,19.0,Active
S03445,C03445,Professional,2026-03-19,,Monthly,49.0,Active
S03446,C03446,Free,2025-02-16,,Monthly,0.0,Active
S03447,C03447,Professional,2026-03-29,,Monthly,49.0,Active
S03448,C03448,Business,2025-10-26,,Annual,84.15,Active
S03449,C03449,Basic,2026-01-24,,Annual,16.15,Active
S03450,C03450,Professional,2026-02-21,,Monthly,49.0,Active
S03451,C03451,Professional,2025-06-16,,Annual,41.65,Active
S03452,C03452,Business,2025-01-11,,Annual,84.15,Active
S03453,C03453,Business,2025-01-01,,Annual,84.15,Active
S03454,C03454,Basic,2026-04-04,,Annual,16.15,Active
S03455,C03455,Professional,2026-03-03,,Monthly,49.0,Active
S03456,C03456,Professional,2025-07-10,2026-06-20,Annual,41.65,Cancelled
S03457,C03457,Basic,2025-10-10,,Annual,16.15,Active
S03458,C03458,Basic,2025-04-30,2025-07-10,Monthly,19.0,Cancelled
S03459,C03459,Professional,2025-07-25,,Monthly,49.0,Active
S03460,C03460,Professional,2025-11-11,2026-04-11,Annual,41.65,Cancelled
S03461,C03461,Basic,2025-03-29,,Annual,16.15,Active
S03462,C03462,Professional,2025-11-06,,Monthly,49.0,Active
S03463,C03463,Professional,2025-03-29,,Monthly,49.0,Active
S03464,C03464,Basic,2025-02-16,,Monthly,19.0,Active
S03465,C03465,Basic,2025-06-27,,Monthly,19.0,Active
S03466,C03466,Basic,2025-07-17,,Monthly,19.0,Active
S03467,C03467,Professional,2026-04-20,,Monthly,49.0,Active
S03468,C03468,Free,2025-01-12,,Monthly,0.0,Active
S03469,C03469,Basic,2025-08-15,,Monthly,19.0,Active
S03470,C03470,Professional,2025-06-14,2026-05-02,Monthly,49.0,Cancelled
S03471,C03471,Free,2025-08-16,,Annual,0.0,Active
S03472,C03472,Basic,2025-08-24,2026-05-17,Monthly,19.0,Cancelled
S03473,C03473,Basic,2025-02-06,,Monthly,19.0,Active
S03474,C03474,Professional,2025-10-13,,Monthly,49.0,Active
S03475,C03475,Professional,2025-05-14,2026-02-21,Annual,41.65,Cancelled
S03476,C03476,Basic,2025-10-09,,Monthly,19.0,Active
S03477,C03477,Basic,2026-04-21,,Monthly,19.0,Active
S03478,C03478,Basic,2025-06-24,,Monthly,19.0,Active
S03479,C03479,Professional,2025-08-08,,Monthly,49.0,Active
S03480,C03480,Business,2025-07-27,,Monthly,99.0,Active
S03481,C03481,Basic,2026-04-22,,Annual,16.15,Active
S03482,C03482,Professional,2025-02-27,,Monthly,49.0,Active
S03483,C03483,Professional,2025-05-13,,Monthly,49.0,Active
S03484,C03484,Basic,2025-06-13,,Monthly,19.0,Active
S03485,C03485,Business,2026-05-13,,Monthly,99.0,Active
S03486,C03486,Business,2025-11-28,,Monthly,99.0,Active
S03487,C03487,Professional,2025-11-17,,Monthly,49.0,Active
S03488,C03488,Basic,2026-04-23,,Monthly,19.0,Active
S03489,C03489,Professional,2025-05-13,,Monthly,49.0,Active
S03490,C03490,Basic,2026-01-09,2026-02-13,Monthly,19.0,Cancelled
S03491,C03491,Professional,2026-02-26,,Monthly,49.0,Active
S03492,C03492,Basic,2025-12-14,,Annual,16.15,Active
S03493,C03493,Professional,2025-06-02,2025-09-13,Monthly,49.0,Cancelled
S03494,C03494,Professional,2025-03-23,,Monthly,49.0,Active
S03495,C03495,Professional,2025-05-03,,Monthly,49.0,Active
S03496,C03496,Professional,2025-08-01,,Monthly,49.0,Active
S03497,C03497,Professional,2025-07-25,2025-12-18,Annual,41.65,Cancelled
S03498,C03498,Business,2025-11-13,,Annual,84.15,Active
S03499,C03499,Business,2025-01-09,,Monthly,99.0,Active
S03500,C03500,Professional,2025-03-16,,Monthly,49.0,Active
S03501,C03501,Professional,2026-04-28,,Monthly,49.0,Active
S03502,C03502,Basic,2025-05-24,,Annual,16.15,Active
S03503,C03503,Free,2025-07-17,2025-12-26,Monthly,0.0,Cancelled
S03504,C03504,Professional,2025-01-25,,Annual,41.65,Active
S03505,C03505,Professional,2026-01-16,2026-02-23,Monthly,49.0,Cancelled
S03506,C03506,Business,2025-01-24,,Monthly,99.0,Active
S03507,C03507,Professional,2025-08-16,2025-11-29,Annual,41.65,Cancelled
S03508,C03508,Business,2025-01-25,2025-12-22,Annual,84.15,Cancelled
S03509,C03509,Business,2025-09-17,,Monthly,99.0,Active
S03510,C03510,Basic,2025-05-19,,Annual,16.15,Active
S03511,C03511,Professional,2025-11-19,,Annual,41.65,Active
S03512,C03512,Basic,2025-05-28,,Monthly,19.0,Active
S03513,C03513,Professional,2025-04-11,,Monthly,49.0,Active
S03514,C03514,Basic,2025-11-04,,Monthly,19.0,Active
S03515,C03515,Basic,2025-12-28,2026-04-02,Monthly,19.0,Cancelled
S03516,C03516,Basic,2025-04-27,,Monthly,19.0,Active
S03517,C03517,Free,2026-05-03,,Annual,0.0,Active
S03518,C03518,Professional,2025-06-23,,Monthly,49.0,Active
S03519,C03519,Free,2025-01-19,,Monthly,0.0,Active
S03520,C03520,Professional,2025-07-01,,Monthly,49.0,Active
S03521,C03521,Professional,2025-08-29,,Monthly,49.0,Active
S03522,C03522,Basic,2025-02-14,,Monthly,19.0,Active
S03523,C03523,Professional,2026-02-13,,Monthly,49.0,Active
S03524,C03524,Basic,2025-04-25,,Monthly,19.0,Active
S03525,C03525,Basic,2025-07-22,,Monthly,19.0,Active
S03526,C03526,Basic,2025-02-17,2026-02-03,Monthly,19.0,Cancelled
S03527,C03527,Professional,2026-01-03,,Monthly,49.0,Active
S03528,C03528,Free,2025-10-19,,Monthly,0.0,Active
S03529,C03529,Basic,2025-08-02,,Annual,16.15,Active
S03530,C03530,Basic,2025-04-20,,Annual,16.15,Active
S03531,C03531,Basic,2025-09-18,,Monthly,19.0,Active
S03532,C03532,Professional,2025-07-02,,Annual,41.65,Active
S03533,C03533,Business,2026-01-10,2026-05-11,Monthly,99.0,Cancelled
S03534,C03534,Basic,2026-04-04,,Annual,16.15,Active
S03535,C03535,Basic,2026-02-18,2026-05-30,Monthly,19.0,Cancelled
S03536,C03536,Basic,2025-06-04,,Monthly,19.0,Active
S03537,C03537,Basic,2025-07-29,,Monthly,19.0,Active
S03538,C03538,Professional,2025-02-27,,Monthly,49.0,Active
S03539,C03539,Basic,2025-02-13,,Monthly,19.0,Active
S03540,C03540,Basic,2025-06-24,,Monthly,19.0,Active
S03541,C03541,Business,2025-02-15,2025-07-22,Annual,84.15,Cancelled
S03542,C03542,Business,2025-10-05,,Monthly,99.0,Active
S03543,C03543,Basic,2025-04-25,,Monthly,19.0,Active
S03544,C03544,Free,2025-05-12,2026-06-28,Monthly,0.0,Cancelled
S03545,C03545,Professional,2025-06-11,,Monthly,49.0,Active
S03546,C03546,Professional,2026-05-07,,Annual,41.65,Active
S03547,C03547,Basic,2025-10-23,,Monthly,19.0,Active
S03548,C03548,Basic,2025-08-17,2026-01-06,Monthly,19.0,Cancelled
S03549,C03549,Business,2025-12-15,2026-06-18,Monthly,99.0,Cancelled
S03550,C03550,Professional,2025-11-30,,Monthly,49.0,Active
S03551,C03551,Basic,2025-07-16,2026-05-02,Monthly,19.0,Cancelled
S03552,C03552,Basic,2025-10-16,,Annual,16.15,Active
S03553,C03553,Professional,2025-10-26,,Monthly,49.0,Active
S03554,C03554,Professional,2025-10-28,,Monthly,49.0,Active
S03555,C03555,Basic,2025-09-27,,Annual,16.15,Active
S03556,C03556,Basic,2025-11-28,,Annual,16.15,Active
S03557,C03557,Basic,2025-08-11,,Monthly,19.0,Active
S03558,C03558,Basic,2025-08-30,2026-03-10,Monthly,19.0,Cancelled
S03559,C03559,Free,2026-01-19,,Annual,0.0,Active
S03560,C03560,Professional,2025-08-02,,Monthly,49.0,Active
S03561,C03561,Professional,2025-12-12,,Monthly,49.0,Active
S03562,C03562,Basic,2025-06-22,,Monthly,19.0,Active
S03563,C03563,Professional,2025-11-29,,Annual,41.65,Active
S03564,C03564,Basic,2025-03-27,,Monthly,19.0,Active
S03565,C03565,Professional,2026-05-09,,Monthly,49.0,Active
S03566,C03566,Basic,2025-08-08,,Annual,16.15,Active
S03567,C03567,Free,2025-06-24,,Monthly,0.0,Active
S03568,C03568,Basic,2025-08-07,,Monthly,19.0,Active
S03569,C03569,Professional,2025-01-28,,Monthly,49.0,Active
S03570,C03570,Professional,2025-11-25,,Monthly,49.0,Active
S03571,C03571,Free,2025-03-27,,Annual,0.0,Active
S03572,C03572,Free,2025-09-03,,Monthly,0.0,Active
S03573,C03573,Professional,2025-02-14,,Monthly,49.0,Active
S03574,C03574,Business,2026-02-23,2026-06-04,Monthly,99.0,Cancelled
S03575,C03575,Basic,2025-05-10,,Annual,16.15,Active
S03576,C03576,Professional,2026-01-19,,Annual,41.65,Active
S03577,C03577,Business,2025-09-27,2025-12-01,Monthly,99.0,Cancelled
S03578,C03578,Professional,2026-04-13,,Monthly,49.0,Active
S03579,C03579,Business,2026-05-05,,Monthly,99.0,Active
S03580,C03580,Professional,2025-11-10,,Monthly,49.0,Active
S03581,C03581,Business,2025-01-29,2025-12-02,Annual,84.15,Cancelled
S03582,C03582,Professional,2025-04-01,,Monthly,49.0,Active
S03583,C03583,Free,2025-06-02,2025-06-25,Monthly,0.0,Cancelled
S03584,C03584,Business,2025-03-02,,Monthly,99.0,Active
S03585,C03585,Professional,2026-04-29,2026-06-08,Monthly,49.0,Cancelled
S03586,C03586,Business,2025-07-05,,Monthly,99.0,Active
S03587,C03587,Business,2026-04-17,,Monthly,99.0,Active
S03588,C03588,Basic,2026-04-15,,Annual,16.15,Active
S03589,C03589,Professional,2025-08-21,,Monthly,49.0,Active
S03590,C03590,Business,2026-04-05,,Monthly,99.0,Active
S03591,C03591,Basic,2025-10-26,,Monthly,19.0,Active
S03592,C03592,Free,2025-03-08,,Monthly,0.0,Active
S03593,C03593,Basic,2025-10-25,,Annual,16.15,Active
S03594,C03594,Professional,2025-06-12,,Monthly,49.0,Active
S03595,C03595,Free,2025-10-09,,Monthly,0.0,Active
S03596,C03596,Basic,2026-01-06,,Monthly,19.0,Active
S03597,C03597,Free,2026-05-14,,Annual,0.0,Active
S03598,C03598,Free,2025-04-29,2026-01-31,Monthly,0.0,Cancelled
S03599,C03599,Basic,2025-07-20,,Monthly,19.0,Active
S03600,C03600,Professional,2025-02-18,2026-04-02,Monthly,49.0,Cancelled
S03601,C03601,Free,2025-03-28,2026-03-13,Monthly,0.0,Cancelled
S03602,C03602,Basic,2025-06-04,,Monthly,19.0,Active
S03603,C03603,Professional,2025-10-19,,Annual,41.65,Active
S03604,C03604,Basic,2025-11-03,,Monthly,19.0,Active
S03605,C03605,Professional,2025-03-31,,Annual,41.65,Active
S03606,C03606,Professional,2026-02-26,,Annual,41.65,Active
S03607,C03607,Professional,2026-02-05,,Monthly,49.0,Active
S03608,C03608,Professional,2025-05-20,,Monthly,49.0,Active
S03609,C03609,Professional,2025-08-26,2025-12-18,Monthly,49.0,Cancelled
S03610,C03610,Basic,2025-09-06,,Monthly,19.0,Active
S03611,C03611,Business,2025-09-04,2025-11-21,Annual,84.15,Cancelled
S03612,C03612,Basic,2026-01-18,,Monthly,19.0,Active
S03613,C03613,Basic,2025-08-01,,Annual,16.15,Active
S03614,C03614,Basic,2025-06-13,,Annual,16.15,Active
S03615,C03615,Professional,2025-04-18,2025-07-02,Monthly,49.0,Cancelled
S03616,C03616,Basic,2025-02-23,,Monthly,19.0,Active
S03617,C03617,Basic,2026-03-19,,Monthly,19.0,Active
S03618,C03618,Professional,2026-03-08,2026-06-30,Annual,41.65,Cancelled
S03619,C03619,Basic,2026-01-02,2026-06-01,Monthly,19.0,Cancelled
S03620,C03620,Business,2025-03-19,,Monthly,99.0,Active
S03621,C03621,Professional,2025-12-30,,Annual,41.65,Active
S03622,C03622,Basic,2025-10-19,,Monthly,19.0,Active
S03623,C03623,Professional,2025-08-21,,Monthly,49.0,Active
S03624,C03624,Professional,2025-05-22,2026-05-08,Monthly,49.0,Cancelled
S03625,C03625,Basic,2025-03-15,,Monthly,19.0,Active
S03626,C03626,Professional,2025-06-22,,Monthly,49.0,Active
S03627,C03627,Basic,2025-03-18,,Monthly,19.0,Active
S03628,C03628,Basic,2025-08-17,,Annual,16.15,Active
S03629,C03629,Basic,2025-12-25,2026-03-04,Monthly,19.0,Cancelled
S03630,C03630,Professional,2025-12-08,,Monthly,49.0,Active
S03631,C03631,Professional,2026-02-26,,Annual,41.65,Active
S03632,C03632,Basic,2025-05-15,,Monthly,19.0,Active
S03633,C03633,Basic,2026-02-15,,Annual,16.15,Active
S03634,C03634,Basic,2026-05-09,,Monthly,19.0,Active
S03635,C03635,Basic,2025-04-25,,Monthly,19.0,Active
S03636,C03636,Business,2026-04-13,2026-05-28,Monthly,99.0,Cancelled
S03637,C03637,Professional,2025-01-30,,Monthly,49.0,Active
S03638,C03638,Professional,2025-01-26,,Monthly,49.0,Active
S03639,C03639,Basic,2025-10-31,,Monthly,19.0,Active
S03640,C03640,Basic,2026-05-07,,Annual,16.15,Active
S03641,C03641,Professional,2026-03-09,,Monthly,49.0,Active
S03642,C03642,Basic,2025-11-24,,Annual,16.15,Active
S03643,C03643,Basic,2025-11-25,,Monthly,19.0,Active
S03644,C03644,Basic,2025-06-26,,Annual,16.15,Active
S03645,C03645,Professional,2025-01-08,,Annual,41.65,Active
S03646,C03646,Basic,2025-05-05,,Annual,16.15,Active
S03647,C03647,Basic,2025-01-07,,Monthly,19.0,Active
S03648,C03648,Professional,2025-09-21,,Monthly,49.0,Active
S03649,C03649,Business,2025-03-15,,Annual,84.15,Active
S03650,C03650,Basic,2025-10-07,,Monthly,19.0,Active
S03651,C03651,Professional,2025-07-25,,Annual,41.65,Active
S03652,C03652,Basic,2025-11-28,,Monthly,19.0,Active
S03653,C03653,Professional,2025-12-09,,Monthly,49.0,Active
S03654,C03654,Basic,2025-07-31,,Annual,16.15,Active
S03655,C03655,Professional,2025-03-11,,Annual,41.65,Active
S03656,C03656,Business,2026-02-24,,Monthly,99.0,Active
S03657,C03657,Professional,2026-05-12,,Monthly,49.0,Active
S03658,C03658,Professional,2025-01-06,,Monthly,49.0,Active
S03659,C03659,Professional,2025-06-04,,Monthly,49.0,Active
S03660,C03660,Professional,2025-08-08,,Monthly,49.0,Active
S03661,C03661,Basic,2026-01-19,,Annual,16.15,Active
S03662,C03662,Basic,2026-02-07,,Annual,16.15,Active
S03663,C03663,Professional,2026-03-02,2026-05-03,Monthly,49.0,Cancelled
S03664,C03664,Professional,2025-10-23,,Annual,41.65,Active
S03665,C03665,Basic,2025-01-21,,Annual,16.15,Active
S03666,C03666,Basic,2025-11-12,,Annual,16.15,Active
S03667,C03667,Basic,2025-03-16,,Monthly,19.0,Active
S03668,C03668,Basic,2026-01-29,2026-03-05,Monthly,19.0,Cancelled
S03669,C03669,Basic,2026-02-16,,Monthly,19.0,Active
S03670,C03670,Free,2026-01-06,2026-02-20,Monthly,0.0,Cancelled
S03671,C03671,Basic,2026-04-08,,Monthly,19.0,Active
S03672,C03672,Basic,2025-02-16,,Annual,16.15,Active
S03673,C03673,Free,2025-06-02,2026-02-18,Monthly,0.0,Cancelled
S03674,C03674,Professional,2026-02-26,,Annual,41.65,Active
S03675,C03675,Business,2025-10-20,,Monthly,99.0,Active
S03676,C03676,Professional,2026-04-22,,Annual,41.65,Active
S03677,C03677,Professional,2025-09-26,2026-01-16,Annual,41.65,Cancelled
S03678,C03678,Business,2025-01-16,,Monthly,99.0,Active
S03679,C03679,Professional,2026-04-28,,Monthly,49.0,Active
S03680,C03680,Basic,2025-01-22,,Monthly,19.0,Active
S03681,C03681,Basic,2025-09-05,,Monthly,19.0,Active
S03682,C03682,Professional,2026-02-20,2026-04-02,Monthly,49.0,Cancelled
S03683,C03683,Free,2025-11-09,,Annual,0.0,Active
S03684,C03684,Professional,2026-04-30,,Annual,41.65,Active
S03685,C03685,Professional,2025-11-19,,Annual,41.65,Active
S03686,C03686,Professional,2026-01-12,,Monthly,49.0,Active
S03687,C03687,Basic,2025-02-12,,Monthly,19.0,Active
S03688,C03688,Business,2025-11-08,,Monthly,99.0,Active
S03689,C03689,Business,2026-04-24,,Monthly,99.0,Active
S03690,C03690,Basic,2026-02-21,,Monthly,19.0,Active
S03691,C03691,Professional,2025-09-09,,Annual,41.65,Active
S03692,C03692,Professional,2026-03-05,2026-06-15,Annual,41.65,Cancelled
S03693,C03693,Basic,2025-10-20,2026-01-02,Monthly,19.0,Cancelled
S03694,C03694,Professional,2026-02-11,,Monthly,49.0,Active
S03695,C03695,Professional,2025-08-10,,Monthly,49.0,Active
S03696,C03696,Basic,2026-02-15,2026-04-23,Monthly,19.0,Cancelled
S03697,C03697,Basic,2025-01-06,,Monthly,19.0,Active
S03698,C03698,Professional,2025-09-21,,Monthly,49.0,Active
S03699,C03699,Professional,2025-03-19,,Monthly,49.0,Active
S03700,C03700,Business,2026-01-27,,Monthly,99.0,Active
S03701,C03701,Professional,2025-02-03,,Annual,41.65,Active
S03702,C03702,Basic,2025-07-19,,Monthly,19.0,Active
S03703,C03703,Basic,2025-09-26,2026-03-16,Monthly,19.0,Cancelled
S03704,C03704,Professional,2026-04-17,,Monthly,49.0,Active
S03705,C03705,Basic,2026-03-07,2026-06-22,Monthly,19.0,Cancelled
S03706,C03706,Business,2025-06-13,,Monthly,99.0,Active
S03707,C03707,Business,2025-05-02,,Monthly,99.0,Active
S03708,C03708,Basic,2026-02-05,,Monthly,19.0,Active
S03709,C03709,Professional,2026-02-24,,Annual,41.65,Active
S03710,C03710,Basic,2026-04-01,2026-05-21,Annual,16.15,Cancelled
S03711,C03711,Basic,2025-03-28,,Monthly,19.0,Active
S03712,C03712,Basic,2026-01-20,,Monthly,19.0,Active
S03713,C03713,Professional,2025-10-15,,Annual,41.65,Active
S03714,C03714,Basic,2025-09-17,2025-12-18,Monthly,19.0,Cancelled
S03715,C03715,Professional,2026-04-25,,Monthly,49.0,Active
S03716,C03716,Basic,2025-10-14,,Annual,16.15,Active
S03717,C03717,Business,2025-07-14,,Monthly,99.0,Active
S03718,C03718,Professional,2025-09-18,,Annual,41.65,Active
S03719,C03719,Professional,2025-12-26,,Monthly,49.0,Active
S03720,C03720,Basic,2025-10-16,,Annual,16.15,Active
S03721,C03721,Professional,2025-09-28,,Monthly,49.0,Active
S03722,C03722,Free,2026-05-15,,Annual,0.0,Active
S03723,C03723,Basic,2025-11-29,,Annual,16.15,Active
S03724,C03724,Free,2025-10-15,,Annual,0.0,Active
S03725,C03725,Business,2025-05-29,,Annual,84.15,Active
S03726,C03726,Free,2026-01-21,,Monthly,0.0,Active
S03727,C03727,Basic,2025-07-23,,Monthly,19.0,Active
S03728,C03728,Business,2025-04-17,,Monthly,99.0,Active
S03729,C03729,Basic,2025-04-15,,Monthly,19.0,Active
S03730,C03730,Basic,2026-04-30,,Monthly,19.0,Active
S03731,C03731,Basic,2025-07-08,,Monthly,19.0,Active
S03732,C03732,Basic,2025-07-06,,Monthly,19.0,Active
S03733,C03733,Professional,2026-01-08,,Monthly,49.0,Active
S03734,C03734,Professional,2026-03-20,2026-04-29,Monthly,49.0,Cancelled
S03735,C03735,Business,2025-06-25,,Monthly,99.0,Active
S03736,C03736,Business,2025-12-06,,Annual,84.15,Active
S03737,C03737,Basic,2026-05-12,,Monthly,19.0,Active
S03738,C03738,Basic,2025-01-30,2026-01-25,Monthly,19.0,Cancelled
S03739,C03739,Professional,2025-03-25,,Monthly,49.0,Active
S03740,C03740,Professional,2026-01-22,,Monthly,49.0,Active
S03741,C03741,Basic,2025-07-20,,Monthly,19.0,Active
S03742,C03742,Free,2025-01-10,,Monthly,0.0,Active
S03743,C03743,Professional,2026-01-08,,Monthly,49.0,Active
S03744,C03744,Professional,2026-02-08,,Monthly,49.0,Active
S03745,C03745,Basic,2025-07-15,,Annual,16.15,Active
S03746,C03746,Basic,2025-09-18,,Monthly,19.0,Active
S03747,C03747,Professional,2025-07-20,,Monthly,49.0,Active
S03748,C03748,Professional,2026-02-22,,Monthly,49.0,Active
S03749,C03749,Basic,2025-09-13,,Annual,16.15,Active
S03750,C03750,Basic,2025-10-28,,Annual,16.15,Active
S03751,C03751,Professional,2025-03-07,,Monthly,49.0,Active
S03752,C03752,Business,2025-12-18,,Monthly,99.0,Active
S03753,C03753,Professional,2026-03-17,,Annual,41.65,Active
S03754,C03754,Basic,2025-05-20,,Monthly,19.0,Active
S03755,C03755,Basic,2025-05-31,,Annual,16.15,Active
S03756,C03756,Professional,2026-03-28,,Monthly,49.0,Active
S03757,C03757,Basic,2026-03-22,,Monthly,19.0,Active
S03758,C03758,Business,2026-04-22,2026-06-18,Monthly,99.0,Cancelled
S03759,C03759,Business,2025-03-02,,Monthly,99.0,Active
S03760,C03760,Professional,2025-03-17,,Annual,41.65,Active
S03761,C03761,Business,2025-06-14,,Monthly,99.0,Active
S03762,C03762,Basic,2025-07-13,,Monthly,19.0,Active
S03763,C03763,Professional,2025-04-15,2025-05-18,Monthly,49.0,Cancelled
S03764,C03764,Basic,2025-12-20,,Monthly,19.0,Active
S03765,C03765,Basic,2025-07-26,,Monthly,19.0,Active
S03766,C03766,Professional,2025-04-10,,Annual,41.65,Active
S03767,C03767,Business,2026-01-01,,Annual,84.15,Active
S03768,C03768,Professional,2025-06-28,,Monthly,49.0,Active
S03769,C03769,Business,2025-07-03,,Annual,84.15,Active
S03770,C03770,Professional,2025-05-29,,Monthly,49.0,Active
S03771,C03771,Professional,2025-01-19,,Annual,41.65,Active
S03772,C03772,Basic,2025-06-06,,Monthly,19.0,Active
S03773,C03773,Basic,2025-11-09,2025-11-30,Annual,16.15,Cancelled
S03774,C03774,Basic,2025-01-25,,Monthly,19.0,Active
S03775,C03775,Professional,2026-04-19,,Annual,41.65,Active
S03776,C03776,Professional,2025-09-09,,Annual,41.65,Active
S03777,C03777,Basic,2025-12-31,,Monthly,19.0,Active
S03778,C03778,Basic,2026-04-06,2026-05-15,Annual,16.15,Cancelled
S03779,C03779,Basic,2026-05-07,,Annual,16.15,Active
S03780,C03780,Professional,2025-08-22,,Monthly,49.0,Active
S03781,C03781,Business,2025-11-30,,Monthly,99.0,Active
S03782,C03782,Professional,2025-01-21,,Annual,41.65,Active
S03783,C03783,Basic,2026-01-06,2026-03-05,Annual,16.15,Cancelled
S03784,C03784,Business,2026-04-11,2026-05-05,Annual,84.15,Cancelled
S03785,C03785,Basic,2026-02-16,,Annual,16.15,Active
S03786,C03786,Basic,2025-06-22,2025-10-16,Monthly,19.0,Cancelled
S03787,C03787,Professional,2025-12-22,2026-05-29,Monthly,49.0,Cancelled
S03788,C03788,Basic,2025-08-23,,Monthly,19.0,Active
S03789,C03789,Basic,2025-11-04,2026-04-27,Monthly,19.0,Cancelled
S03790,C03790,Basic,2025-01-14,,Monthly,19.0,Active
S03791,C03791,Basic,2025-01-26,2025-11-14,Monthly,19.0,Cancelled
S03792,C03792,Basic,2025-11-28,,Monthly,19.0,Active
S03793,C03793,Business,2026-04-25,,Monthly,99.0,Active
S03794,C03794,Free,2025-02-05,,Monthly,0.0,Active
S03795,C03795,Professional,2025-06-25,,Monthly,49.0,Active
S03796,C03796,Business,2025-03-08,,Monthly,99.0,Active
S03797,C03797,Professional,2026-01-04,,Monthly,49.0,Active
S03798,C03798,Professional,2025-10-10,,Monthly,49.0,Active
S03799,C03799,Basic,2025-05-10,2025-06-01,Annual,16.15,Cancelled
S03800,C03800,Business,2025-08-30,,Annual,84.15,Active
S03801,C03801,Professional,2025-10-26,,Monthly,49.0,Active
S03802,C03802,Free,2026-01-18,2026-03-10,Monthly,0.0,Cancelled
S03803,C03803,Professional,2025-06-04,,Monthly,49.0,Active
S03804,C03804,Basic,2025-07-21,,Monthly,19.0,Active
S03805,C03805,Free,2025-05-26,2026-04-15,Monthly,0.0,Cancelled
S03806,C03806,Professional,2026-02-20,,Monthly,49.0,Active
S03807,C03807,Business,2025-07-13,2025-08-23,Monthly,99.0,Cancelled
S03808,C03808,Basic,2026-02-06,2026-04-27,Annual,16.15,Cancelled
S03809,C03809,Basic,2025-04-23,,Monthly,19.0,Active
S03810,C03810,Basic,2025-09-24,,Monthly,19.0,Active
S03811,C03811,Basic,2025-10-10,2026-04-24,Monthly,19.0,Cancelled
S03812,C03812,Basic,2025-09-12,2026-04-27,Annual,16.15,Cancelled
S03813,C03813,Basic,2025-03-19,,Annual,16.15,Active
S03814,C03814,Basic,2025-11-27,,Monthly,19.0,Active
S03815,C03815,Basic,2025-06-03,,Monthly,19.0,Active
S03816,C03816,Professional,2025-04-20,,Monthly,49.0,Active
S03817,C03817,Business,2025-07-20,,Monthly,99.0,Active
S03818,C03818,Professional,2025-05-17,,Monthly,49.0,Active
S03819,C03819,Basic,2025-12-28,2026-05-31,Annual,16.15,Cancelled
S03820,C03820,Professional,2026-01-11,,Monthly,49.0,Active
S03821,C03821,Professional,2025-08-14,,Annual,41.65,Active
S03822,C03822,Basic,2025-04-14,,Monthly,19.0,Active
S03823,C03823,Professional,2025-09-20,,Monthly,49.0,Active
S03824,C03824,Professional,2025-02-10,2025-12-25,Monthly,49.0,Cancelled
S03825,C03825,Basic,2025-05-28,,Monthly,19.0,Active
S03826,C03826,Professional,2025-07-24,,Monthly,49.0,Active
S03827,C03827,Basic,2025-03-07,,Monthly,19.0,Active
S03828,C03828,Professional,2025-11-05,,Monthly,49.0,Active
S03829,C03829,Professional,2026-01-07,,Monthly,49.0,Active
S03830,C03830,Basic,2025-06-06,2025-09-27,Monthly,19.0,Cancelled
S03831,C03831,Professional,2025-09-16,,Monthly,49.0,Active
S03832,C03832,Basic,2025-02-11,,Monthly,19.0,Active
S03833,C03833,Professional,2026-05-10,,Monthly,49.0,Active
S03834,C03834,Business,2025-11-26,,Monthly,99.0,Active
S03835,C03835,Professional,2026-04-17,,Monthly,49.0,Active
S03836,C03836,Professional,2026-03-10,,Annual,41.65,Active
S03837,C03837,Professional,2026-03-06,,Monthly,49.0,Active
S03838,C03838,Business,2025-10-18,,Monthly,99.0,Active
S03839,C03839,Basic,2026-04-07,,Annual,16.15,Active
S03840,C03840,Basic,2025-02-06,,Monthly,19.0,Active
S03841,C03841,Business,2025-12-09,,Annual,84.15,Active
S03842,C03842,Professional,2025-08-28,,Annual,41.65,Active
S03843,C03843,Business,2026-03-25,2026-04-20,Monthly,99.0,Cancelled
S03844,C03844,Professional,2025-04-20,,Monthly,49.0,Active
S03845,C03845,Professional,2025-04-29,,Monthly,49.0,Active
S03846,C03846,Professional,2025-11-25,,Monthly,49.0,Active
S03847,C03847,Basic,2025-02-28,,Annual,16.15,Active
S03848,C03848,Professional,2025-04-04,,Monthly,49.0,Active
S03849,C03849,Professional,2025-08-12,,Monthly,49.0,Active
S03850,C03850,Professional,2026-03-23,,Annual,41.65,Active
S03851,C03851,Free,2026-04-22,,Monthly,0.0,Active
S03852,C03852,Basic,2025-07-19,,Monthly,19.0,Active
S03853,C03853,Professional,2026-04-29,2026-06-25,Monthly,49.0,Cancelled
S03854,C03854,Business,2025-02-18,,Monthly,99.0,Active
S03855,C03855,Basic,2025-11-15,,Monthly,19.0,Active
S03856,C03856,Basic,2025-10-03,,Monthly,19.0,Active
S03857,C03857,Business,2025-04-02,2025-04-27,Monthly,99.0,Cancelled
S03858,C03858,Business,2025-01-17,,Monthly,99.0,Active
S03859,C03859,Professional,2025-11-11,2026-01-23,Monthly,49.0,Cancelled
S03860,C03860,Basic,2025-11-20,,Monthly,19.0,Active
S03861,C03861,Basic,2026-05-05,,Monthly,19.0,Active
S03862,C03862,Professional,2025-01-13,,Monthly,49.0,Active
S03863,C03863,Basic,2026-02-11,,Monthly,19.0,Active
S03864,C03864,Business,2025-04-18,,Monthly,99.0,Active
S03865,C03865,Professional,2026-05-11,,Monthly,49.0,Active
S03866,C03866,Free,2025-10-14,2026-04-30,Annual,0.0,Cancelled
S03867,C03867,Free,2025-10-05,,Monthly,0.0,Active
S03868,C03868,Professional,2026-04-25,,Monthly,49.0,Active
S03869,C03869,Business,2026-01-15,,Annual,84.15,Active
S03870,C03870,Basic,2025-10-20,2026-01-28,Monthly,19.0,Cancelled
S03871,C03871,Professional,2025-01-29,,Annual,41.65,Active
S03872,C03872,Basic,2026-01-19,2026-06-23,Monthly,19.0,Cancelled
S03873,C03873,Professional,2025-01-04,,Monthly,49.0,Active
S03874,C03874,Basic,2025-05-07,,Monthly,19.0,Active
S03875,C03875,Business,2026-03-31,,Monthly,99.0,Active
S03876,C03876,Professional,2025-02-28,,Monthly,49.0,Active
S03877,C03877,Basic,2026-01-26,,Monthly,19.0,Active
S03878,C03878,Professional,2025-02-07,2025-08-19,Annual,41.65,Cancelled
S03879,C03879,Basic,2025-10-21,,Monthly,19.0,Active
S03880,C03880,Basic,2025-12-03,,Monthly,19.0,Active
S03881,C03881,Professional,2025-11-27,2026-04-16,Monthly,49.0,Cancelled
S03882,C03882,Basic,2025-09-28,,Monthly,19.0,Active
S03883,C03883,Business,2025-11-20,2026-02-18,Monthly,99.0,Cancelled
S03884,C03884,Professional,2025-12-09,,Annual,41.65,Active
S03885,C03885,Basic,2026-04-28,2026-05-25,Monthly,19.0,Cancelled
S03886,C03886,Basic,2025-02-11,,Monthly,19.0,Active
S03887,C03887,Business,2025-04-24,,Annual,84.15,Active
S03888,C03888,Free,2025-05-10,,Monthly,0.0,Active
S03889,C03889,Basic,2026-02-12,,Monthly,19.0,Active
S03890,C03890,Free,2026-05-16,,Annual,0.0,Active
S03891,C03891,Business,2025-12-31,,Annual,84.15,Active
S03892,C03892,Basic,2026-04-03,,Monthly,19.0,Active
S03893,C03893,Business,2026-03-06,2026-05-05,Monthly,99.0,Cancelled
S03894,C03894,Professional,2026-05-11,,Monthly,49.0,Active
S03895,C03895,Professional,2025-08-04,,Monthly,49.0,Active
S03896,C03896,Business,2025-10-31,,Monthly,99.0,Active
S03897,C03897,Professional,2025-07-03,,Monthly,49.0,Active
S03898,C03898,Basic,2026-02-15,2026-04-17,Monthly,19.0,Cancelled
S03899,C03899,Free,2025-07-25,,Monthly,0.0,Active
S03900,C03900,Professional,2025-09-25,,Annual,41.65,Active
S03901,C03901,Basic,2025-06-21,,Monthly,19.0,Active
S03902,C03902,Professional,2026-03-04,,Monthly,49.0,Active
S03903,C03903,Professional,2025-05-26,,Monthly,49.0,Active
S03904,C03904,Basic,2025-05-22,,Monthly,19.0,Active
S03905,C03905,Basic,2025-12-07,2026-04-21,Annual,16.15,Cancelled
S03906,C03906,Basic,2025-07-28,,Monthly,19.0,Active
S03907,C03907,Basic,2025-08-05,,Monthly,19.0,Active
S03908,C03908,Business,2025-01-02,2025-09-03,Monthly,99.0,Cancelled
S03909,C03909,Basic,2026-01-27,,Annual,16.15,Active
S03910,C03910,Basic,2025-04-04,,Monthly,19.0,Active
S03911,C03911,Free,2026-01-03,2026-05-17,Monthly,0.0,Cancelled
S03912,C03912,Business,2026-02-03,,Monthly,99.0,Active
S03913,C03913,Basic,2025-12-21,,Monthly,19.0,Active
S03914,C03914,Basic,2025-05-30,,Monthly,19.0,Active
S03915,C03915,Professional,2025-11-16,,Annual,41.65,Active
S03916,C03916,Professional,2025-10-06,,Monthly,49.0,Active
S03917,C03917,Business,2025-01-05,,Annual,84.15,Active
S03918,C03918,Basic,2026-02-22,,Monthly,19.0,Active
S03919,C03919,Basic,2025-09-23,,Monthly,19.0,Active
S03920,C03920,Basic,2025-07-09,,Monthly,19.0,Active
S03921,C03921,Basic,2025-09-17,,Monthly,19.0,Active
S03922,C03922,Business,2026-01-07,,Monthly,99.0,Active
S03923,C03923,Business,2026-04-06,2026-06-29,Monthly,99.0,Cancelled
S03924,C03924,Professional,2025-05-28,,Annual,41.65,Active
S03925,C03925,Basic,2026-03-10,,Annual,16.15,Active
S03926,C03926,Basic,2025-02-06,,Monthly,19.0,Active
S03927,C03927,Professional,2025-05-07,,Monthly,49.0,Active
S03928,C03928,Basic,2025-07-09,,Monthly,19.0,Active
S03929,C03929,Business,2025-05-23,,Annual,84.15,Active
S03930,C03930,Basic,2025-03-22,2025-12-02,Monthly,19.0,Cancelled
S03931,C03931,Professional,2025-08-26,,Monthly,49.0,Active
S03932,C03932,Business,2026-02-06,,Monthly,99.0,Active
S03933,C03933,Free,2025-01-03,,Annual,0.0,Active
S03934,C03934,Basic,2025-04-28,,Monthly,19.0,Active
S03935,C03935,Business,2026-04-25,,Monthly,99.0,Active
S03936,C03936,Free,2025-02-10,,Annual,0.0,Active
S03937,C03937,Professional,2026-01-03,,Monthly,49.0,Active
S03938,C03938,Basic,2025-12-12,,Monthly,19.0,Active
S03939,C03939,Basic,2025-01-19,,Monthly,19.0,Active
S03940,C03940,Basic,2026-01-20,,Monthly,19.0,Active
S03941,C03941,Basic,2025-08-30,,Monthly,19.0,Active
S03942,C03942,Free,2025-09-11,,Annual,0.0,Active
S03943,C03943,Business,2025-10-20,,Monthly,99.0,Active
S03944,C03944,Basic,2025-01-26,,Monthly,19.0,Active
S03945,C03945,Basic,2026-03-01,,Annual,16.15,Active
S03946,C03946,Professional,2026-02-07,,Monthly,49.0,Active
S03947,C03947,Business,2025-12-24,,Monthly,99.0,Active
S03948,C03948,Professional,2025-04-23,,Monthly,49.0,Active
S03949,C03949,Business,2026-02-05,,Monthly,99.0,Active
S03950,C03950,Free,2025-07-06,,Monthly,0.0,Active
S03951,C03951,Basic,2026-01-05,,Annual,16.15,Active
S03952,C03952,Professional,2026-02-08,,Monthly,49.0,Active
S03953,C03953,Basic,2025-11-03,,Monthly,19.0,Active
S03954,C03954,Basic,2026-04-11,,Annual,16.15,Active
S03955,C03955,Basic,2026-04-19,,Monthly,19.0,Active
S03956,C03956,Professional,2025-07-07,,Annual,41.65,Active
S03957,C03957,Professional,2026-01-11,,Annual,41.65,Active
S03958,C03958,Basic,2026-03-03,,Monthly,19.0,Active
S03959,C03959,Basic,2025-03-03,,Monthly,19.0,Active
S03960,C03960,Basic,2025-12-01,,Monthly,19.0,Active
S03961,C03961,Free,2025-10-03,2026-03-22,Monthly,0.0,Cancelled
S03962,C03962,Basic,2025-10-28,,Annual,16.15,Active
S03963,C03963,Free,2026-02-23,,Annual,0.0,Active
S03964,C03964,Professional,2026-02-15,2026-03-23,Annual,41.65,Cancelled
S03965,C03965,Free,2025-10-19,,Monthly,0.0,Active
S03966,C03966,Basic,2026-02-02,2026-02-25,Monthly,19.0,Cancelled
S03967,C03967,Business,2025-05-21,,Annual,84.15,Active
S03968,C03968,Basic,2026-04-14,2026-06-10,Annual,16.15,Cancelled
S03969,C03969,Basic,2025-01-10,,Monthly,19.0,Active
S03970,C03970,Professional,2026-04-02,,Annual,41.65,Active
S03971,C03971,Professional,2025-05-13,,Monthly,49.0,Active
S03972,C03972,Professional,2026-04-18,,Monthly,49.0,Active
S03973,C03973,Professional,2025-12-03,,Annual,41.65,Active
S03974,C03974,Basic,2025-04-12,2025-07-26,Monthly,19.0,Cancelled
S03975,C03975,Professional,2026-03-02,2026-04-03,Monthly,49.0,Cancelled
S03976,C03976,Basic,2026-05-14,2026-06-04,Monthly,19.0,Cancelled
S03977,C03977,Professional,2025-03-25,,Monthly,49.0,Active
S03978,C03978,Professional,2026-01-05,,Monthly,49.0,Active
S03979,C03979,Free,2025-02-09,,Monthly,0.0,Active
S03980,C03980,Professional,2025-04-01,,Annual,41.65,Active
S03981,C03981,Basic,2025-01-02,2025-06-10,Monthly,19.0,Cancelled
S03982,C03982,Professional,2025-07-30,,Annual,41.65,Active
S03983,C03983,Basic,2025-08-31,,Monthly,19.0,Active
S03984,C03984,Business,2025-01-20,,Monthly,99.0,Active
S03985,C03985,Free,2025-11-02,,Monthly,0.0,Active
S03986,C03986,Business,2026-02-10,,Monthly,99.0,Active
S03987,C03987,Professional,2026-05-12,,Monthly,49.0,Active
S03988,C03988,Basic,2026-01-16,2026-02-20,Monthly,19.0,Cancelled
S03989,C03989,Professional,2025-03-12,2026-04-24,Monthly,49.0,Cancelled
S03990,C03990,Basic,2025-01-21,,Monthly,19.0,Active
S03991,C03991,Business,2025-06-06,,Annual,84.15,Active
S03992,C03992,Business,2026-03-07,,Monthly,99.0,Active
S03993,C03993,Basic,2026-01-09,,Monthly,19.0,Active
S03994,C03994,Basic,2025-11-05,2026-01-10,Monthly,19.0,Cancelled
S03995,C03995,Basic,2025-11-18,2026-05-29,Monthly,19.0,Cancelled
S03996,C03996,Professional,2025-01-03,,Monthly,49.0,Active
S03997,C03997,Professional,2025-03-07,,Monthly,49.0,Active
S03998,C03998,Basic,2025-09-16,,Monthly,19.0,Active
S03999,C03999,Professional,2025-12-11,,Monthly,49.0,Active
S04000,C04000,Basic,2025-09-25,,Annual,16.15,Active
S04001,C04001,Business,2025-03-23,,Annual,84.15,Active
S04002,C04002,Basic,2025-01-02,,Monthly,19.0,Active
S04003,C04003,Basic,2025-04-26,,Monthly,19.0,Active
S04004,C04004,Business,2025-06-10,,Monthly,99.0,Active
S04005,C04005,Basic,2025-03-05,,Annual,16.15,Active
S04006,C04006,Basic,2026-02-06,,Annual,16.15,Active
S04007,C04007,Professional,2026-03-10,2026-06-21,Monthly,49.0,Cancelled
S04008,C04008,Professional,2026-03-18,,Monthly,49.0,Active
S04009,C04009,Basic,2025-05-27,2025-07-02,Monthly,19.0,Cancelled
S04010,C04010,Basic,2026-01-25,,Monthly,19.0,Active
S04011,C04011,Professional,2026-05-06,2026-06-02,Monthly,49.0,Cancelled
S04012,C04012,Business,2025-04-17,,Monthly,99.0,Active
S04013,C04013,Basic,2025-03-25,,Monthly,19.0,Active
S04014,C04014,Basic,2025-05-05,2026-06-06,Annual,16.15,Cancelled
S04015,C04015,Business,2026-04-19,,Monthly,99.0,Active
S04016,C04016,Professional,2025-10-09,2025-12-10,Monthly,49.0,Cancelled
S04017,C04017,Free,2025-08-18,,Monthly,0.0,Active
S04018,C04018,Basic,2025-05-04,,Monthly,19.0,Active
S04019,C04019,Professional,2025-08-25,2026-05-14,Monthly,49.0,Cancelled
S04020,C04020,Professional,2026-05-15,2026-06-18,Monthly,49.0,Cancelled
S04021,C04021,Free,2025-04-04,,Monthly,0.0,Active
S04022,C04022,Basic,2025-01-07,,Monthly,19.0,Active
S04023,C04023,Basic,2025-05-15,,Monthly,19.0,Active
S04024,C04024,Business,2026-04-21,,Annual,84.15,Active
S04025,C04025,Business,2025-05-02,,Monthly,99.0,Active
S04026,C04026,Professional,2026-02-16,2026-04-03,Annual,41.65,Cancelled
S04027,C04027,Basic,2025-12-09,2026-04-25,Annual,16.15,Cancelled
S04028,C04028,Business,2025-06-23,,Monthly,99.0,Active
S04029,C04029,Professional,2025-01-11,,Monthly,49.0,Active
S04030,C04030,Business,2026-03-17,2026-06-13,Monthly,99.0,Cancelled
S04031,C04031,Basic,2025-06-28,2026-05-16,Monthly,19.0,Cancelled
S04032,C04032,Professional,2026-03-16,2026-05-16,Monthly,49.0,Cancelled
S04033,C04033,Basic,2026-03-24,2026-06-03,Monthly,19.0,Cancelled
S04034,C04034,Basic,2026-04-07,,Monthly,19.0,Active
S04035,C04035,Basic,2025-06-19,,Monthly,19.0,Active
S04036,C04036,Basic,2026-02-07,,Monthly,19.0,Active
S04037,C04037,Business,2026-02-25,,Annual,84.15,Active
S04038,C04038,Basic,2025-03-09,,Monthly,19.0,Active
S04039,C04039,Professional,2026-02-19,,Monthly,49.0,Active
S04040,C04040,Professional,2026-02-27,,Monthly,49.0,Active
S04041,C04041,Professional,2025-09-06,,Monthly,49.0,Active
S04042,C04042,Professional,2025-07-02,2025-09-18,Monthly,49.0,Cancelled
S04043,C04043,Basic,2025-01-24,,Monthly,19.0,Active
S04044,C04044,Free,2025-10-03,2025-11-30,Monthly,0.0,Cancelled
S04045,C04045,Basic,2025-11-02,,Monthly,19.0,Active
S04046,C04046,Professional,2025-07-02,,Monthly,49.0,Active
S04047,C04047,Professional,2025-11-14,,Monthly,49.0,Active
S04048,C04048,Basic,2025-10-28,2026-01-18,Monthly,19.0,Cancelled
S04049,C04049,Professional,2025-07-31,,Monthly,49.0,Active
S04050,C04050,Basic,2025-05-14,2025-10-14,Monthly,19.0,Cancelled
S04051,C04051,Basic,2026-03-13,,Annual,16.15,Active
S04052,C04052,Professional,2025-07-23,,Annual,41.65,Active
S04053,C04053,Basic,2025-12-18,,Annual,16.15,Active
S04054,C04054,Professional,2025-04-12,,Monthly,49.0,Active
S04055,C04055,Business,2025-02-16,2025-04-25,Monthly,99.0,Cancelled
S04056,C04056,Basic,2025-08-01,2025-09-08,Annual,16.15,Cancelled
S04057,C04057,Basic,2025-01-25,,Monthly,19.0,Active
S04058,C04058,Basic,2025-07-16,,Annual,16.15,Active
S04059,C04059,Professional,2025-04-04,,Annual,41.65,Active
S04060,C04060,Basic,2025-02-17,,Monthly,19.0,Active
S04061,C04061,Professional,2025-06-27,,Monthly,49.0,Active
S04062,C04062,Basic,2025-12-20,,Annual,16.15,Active
S04063,C04063,Free,2026-02-19,,Monthly,0.0,Active
S04064,C04064,Business,2025-10-01,2026-06-13,Monthly,99.0,Cancelled
S04065,C04065,Professional,2025-06-29,,Monthly,49.0,Active
S04066,C04066,Professional,2025-02-24,2025-03-17,Monthly,49.0,Cancelled
S04067,C04067,Basic,2025-03-26,,Monthly,19.0,Active
S04068,C04068,Basic,2025-06-22,,Annual,16.15,Active
S04069,C04069,Basic,2025-04-27,2026-06-16,Monthly,19.0,Cancelled
S04070,C04070,Business,2025-09-19,,Annual,84.15,Active
S04071,C04071,Professional,2025-07-30,,Monthly,49.0,Active
S04072,C04072,Professional,2025-05-06,2025-11-04,Monthly,49.0,Cancelled
S04073,C04073,Professional,2026-01-14,2026-06-03,Monthly,49.0,Cancelled
S04074,C04074,Professional,2026-01-07,,Monthly,49.0,Active
S04075,C04075,Business,2026-04-01,,Monthly,99.0,Active
S04076,C04076,Basic,2025-03-16,,Monthly,19.0,Active
S04077,C04077,Professional,2026-03-03,,Monthly,49.0,Active
S04078,C04078,Professional,2025-11-30,,Monthly,49.0,Active
S04079,C04079,Professional,2025-02-18,,Annual,41.65,Active
S04080,C04080,Free,2025-07-10,2026-03-24,Annual,0.0,Cancelled
S04081,C04081,Professional,2026-01-03,,Annual,41.65,Active
S04082,C04082,Basic,2025-02-07,,Monthly,19.0,Active
S04083,C04083,Free,2025-10-05,,Monthly,0.0,Active
S04084,C04084,Basic,2025-05-23,,Monthly,19.0,Active
S04085,C04085,Basic,2025-03-28,,Monthly,19.0,Active
S04086,C04086,Basic,2026-02-03,,Monthly,19.0,Active
S04087,C04087,Business,2026-05-04,,Monthly,99.0,Active
S04088,C04088,Basic,2025-08-15,2025-11-30,Monthly,19.0,Cancelled
S04089,C04089,Free,2026-03-08,,Monthly,0.0,Active
S04090,C04090,Free,2025-02-27,2025-04-21,Monthly,0.0,Cancelled
S04091,C04091,Professional,2025-08-03,,Annual,41.65,Active
S04092,C04092,Business,2025-01-24,,Annual,84.15,Active
S04093,C04093,Basic,2026-05-16,2026-06-16,Monthly,19.0,Cancelled
S04094,C04094,Basic,2025-09-29,,Monthly,19.0,Active
S04095,C04095,Professional,2025-07-14,,Monthly,49.0,Active
S04096,C04096,Professional,2025-08-26,,Monthly,49.0,Active
S04097,C04097,Business,2025-08-04,,Monthly,99.0,Active
S04098,C04098,Business,2025-02-24,,Annual,84.15,Active
S04099,C04099,Basic,2026-01-13,,Annual,16.15,Active
S04100,C04100,Business,2026-02-20,,Monthly,99.0,Active
S04101,C04101,Basic,2025-05-28,,Annual,16.15,Active
S04102,C04102,Basic,2025-11-11,,Monthly,19.0,Active
S04103,C04103,Basic,2025-01-22,,Monthly,19.0,Active
S04104,C04104,Business,2025-08-08,,Annual,84.15,Active
S04105,C04105,Professional,2025-06-19,2025-08-12,Monthly,49.0,Cancelled
S04106,C04106,Basic,2025-08-06,,Monthly,19.0,Active
S04107,C04107,Professional,2025-03-12,,Monthly,49.0,Active
S04108,C04108,Professional,2025-10-01,,Monthly,49.0,Active
S04109,C04109,Professional,2025-09-16,,Annual,41.65,Active
S04110,C04110,Professional,2025-11-03,,Monthly,49.0,Active
S04111,C04111,Professional,2025-09-06,,Monthly,49.0,Active
S04112,C04112,Business,2025-11-21,,Annual,84.15,Active
S04113,C04113,Basic,2025-08-13,,Monthly,19.0,Active
S04114,C04114,Basic,2025-08-01,,Monthly,19.0,Active
S04115,C04115,Basic,2026-02-21,2026-05-30,Monthly,19.0,Cancelled
S04116,C04116,Professional,2026-04-19,,Monthly,49.0,Active
S04117,C04117,Professional,2025-12-23,,Monthly,49.0,Active
S04118,C04118,Professional,2025-11-15,,Monthly,49.0,Active
S04119,C04119,Basic,2026-01-20,,Annual,16.15,Active
S04120,C04120,Professional,2026-01-14,,Monthly,49.0,Active
S04121,C04121,Business,2025-06-30,,Monthly,99.0,Active
S04122,C04122,Business,2025-01-21,,Monthly,99.0,Active
S04123,C04123,Basic,2026-05-10,,Annual,16.15,Active
S04124,C04124,Professional,2026-03-30,,Monthly,49.0,Active
S04125,C04125,Business,2025-09-30,,Monthly,99.0,Active
S04126,C04126,Basic,2026-04-13,2026-06-12,Monthly,19.0,Cancelled
S04127,C04127,Free,2025-06-21,2025-08-05,Monthly,0.0,Cancelled
S04128,C04128,Business,2025-11-20,,Monthly,99.0,Active
S04129,C04129,Basic,2026-02-07,,Annual,16.15,Active
S04130,C04130,Professional,2025-08-08,2025-11-23,Monthly,49.0,Cancelled
S04131,C04131,Professional,2025-03-12,,Monthly,49.0,Active
S04132,C04132,Business,2025-12-11,,Annual,84.15,Active
S04133,C04133,Professional,2026-03-25,,Monthly,49.0,Active
S04134,C04134,Professional,2025-06-26,,Monthly,49.0,Active
S04135,C04135,Free,2026-03-30,,Monthly,0.0,Active
S04136,C04136,Basic,2025-08-13,,Monthly,19.0,Active
S04137,C04137,Basic,2025-06-20,,Monthly,19.0,Active
S04138,C04138,Basic,2026-03-04,2026-05-28,Annual,16.15,Cancelled
S04139,C04139,Basic,2026-04-02,,Monthly,19.0,Active
S04140,C04140,Business,2025-11-26,,Monthly,99.0,Active
S04141,C04141,Basic,2026-04-12,,Monthly,19.0,Active
S04142,C04142,Basic,2026-02-06,,Monthly,19.0,Active
S04143,C04143,Professional,2025-05-30,,Monthly,49.0,Active
S04144,C04144,Basic,2025-03-02,,Monthly,19.0,Active
S04145,C04145,Basic,2026-03-26,2026-06-04,Annual,16.15,Cancelled
S04146,C04146,Basic,2025-04-10,2025-12-09,Monthly,19.0,Cancelled
S04147,C04147,Business,2026-02-27,,Monthly,99.0,Active
S04148,C04148,Business,2025-09-21,,Monthly,99.0,Active
S04149,C04149,Professional,2025-11-18,2026-01-23,Annual,41.65,Cancelled
S04150,C04150,Basic,2025-05-05,,Monthly,19.0,Active
S04151,C04151,Professional,2025-05-02,2025-08-20,Monthly,49.0,Cancelled
S04152,C04152,Basic,2025-11-20,,Monthly,19.0,Active
S04153,C04153,Basic,2025-11-19,,Monthly,19.0,Active
S04154,C04154,Professional,2025-02-17,,Monthly,49.0,Active
S04155,C04155,Professional,2026-02-21,,Annual,41.65,Active
S04156,C04156,Free,2025-02-26,,Monthly,0.0,Active
S04157,C04157,Professional,2025-05-19,,Monthly,49.0,Active
S04158,C04158,Basic,2025-01-07,,Annual,16.15,Active
S04159,C04159,Basic,2025-03-17,,Monthly,19.0,Active
S04160,C04160,Professional,2025-11-04,,Monthly,49.0,Active
S04161,C04161,Professional,2025-04-23,,Monthly,49.0,Active
S04162,C04162,Basic,2025-10-27,,Monthly,19.0,Active
S04163,C04163,Professional,2025-08-08,,Monthly,49.0,Active
S04164,C04164,Professional,2025-10-10,,Annual,41.65,Active
S04165,C04165,Basic,2025-11-19,,Monthly,19.0,Active
S04166,C04166,Basic,2025-02-18,,Monthly,19.0,Active
S04167,C04167,Basic,2025-01-25,,Monthly,19.0,Active
S04168,C04168,Basic,2026-03-13,,Monthly,19.0,Active
S04169,C04169,Basic,2025-02-22,,Monthly,19.0,Active
S04170,C04170,Professional,2026-03-26,2026-06-30,Monthly,49.0,Cancelled
S04171,C04171,Basic,2025-08-24,,Annual,16.15,Active
S04172,C04172,Basic,2025-01-09,,Monthly,19.0,Active
S04173,C04173,Professional,2025-10-25,,Annual,41.65,Active
S04174,C04174,Basic,2025-10-14,,Monthly,19.0,Active
S04175,C04175,Basic,2026-01-23,,Monthly,19.0,Active
S04176,C04176,Basic,2025-07-23,,Monthly,19.0,Active
S04177,C04177,Professional,2026-02-10,,Monthly,49.0,Active
S04178,C04178,Basic,2025-01-01,,Monthly,19.0,Active
S04179,C04179,Business,2026-03-28,2026-06-15,Annual,84.15,Cancelled
S04180,C04180,Professional,2026-03-06,,Annual,41.65,Active
S04181,C04181,Business,2025-05-17,,Annual,84.15,Active
S04182,C04182,Professional,2025-09-29,2026-02-20,Annual,41.65,Cancelled
S04183,C04183,Basic,2026-04-11,,Monthly,19.0,Active
S04184,C04184,Professional,2025-06-17,,Monthly,49.0,Active
S04185,C04185,Free,2025-03-12,,Monthly,0.0,Active
S04186,C04186,Business,2025-12-27,2026-05-03,Annual,84.15,Cancelled
S04187,C04187,Basic,2025-08-28,,Monthly,19.0,Active
S04188,C04188,Professional,2025-08-01,,Annual,41.65,Active
S04189,C04189,Basic,2026-01-01,2026-06-12,Annual,16.15,Cancelled
S04190,C04190,Professional,2025-04-04,2025-05-15,Monthly,49.0,Cancelled
S04191,C04191,Basic,2025-09-15,,Monthly,19.0,Active
S04192,C04192,Business,2025-11-30,2026-03-02,Monthly,99.0,Cancelled
S04193,C04193,Basic,2025-04-02,,Monthly,19.0,Active
S04194,C04194,Basic,2025-06-19,2026-03-19,Annual,16.15,Cancelled
S04195,C04195,Professional,2026-03-20,2026-05-22,Monthly,49.0,Cancelled
S04196,C04196,Professional,2026-04-28,2026-06-12,Monthly,49.0,Cancelled
S04197,C04197,Professional,2026-01-04,,Monthly,49.0,Active
S04198,C04198,Basic,2025-06-19,,Annual,16.15,Active
S04199,C04199,Basic,2025-12-29,,Monthly,19.0,Active
S04200,C04200,Professional,2025-02-17,,Annual,41.65,Active
S04201,C04201,Business,2025-01-15,,Monthly,99.0,Active
S04202,C04202,Basic,2025-02-27,,Annual,16.15,Active
S04203,C04203,Free,2025-02-02,,Annual,0.0,Active
S04204,C04204,Basic,2026-04-25,2026-06-06,Monthly,19.0,Cancelled
S04205,C04205,Basic,2025-01-21,,Monthly,19.0,Active
S04206,C04206,Business,2025-03-05,,Monthly,99.0,Active
S04207,C04207,Business,2025-11-09,,Monthly,99.0,Active
S04208,C04208,Professional,2025-04-26,,Annual,41.65,Active
S04209,C04209,Basic,2025-01-26,,Annual,16.15,Active
S04210,C04210,Basic,2025-09-02,,Monthly,19.0,Active
S04211,C04211,Professional,2025-03-20,,Annual,41.65,Active
S04212,C04212,Basic,2025-01-26,,Monthly,19.0,Active
S04213,C04213,Basic,2025-04-15,,Monthly,19.0,Active
S04214,C04214,Basic,2025-01-03,,Annual,16.15,Active
S04215,C04215,Basic,2025-06-23,,Monthly,19.0,Active
S04216,C04216,Business,2025-02-10,,Monthly,99.0,Active
S04217,C04217,Basic,2025-07-12,,Monthly,19.0,Active
S04218,C04218,Professional,2025-06-25,2025-09-25,Annual,41.65,Cancelled
S04219,C04219,Professional,2025-03-05,2025-04-14,Annual,41.65,Cancelled
S04220,C04220,Professional,2025-12-20,,Annual,41.65,Active
S04221,C04221,Basic,2025-08-11,,Monthly,19.0,Active
S04222,C04222,Basic,2026-04-28,,Annual,16.15,Active
S04223,C04223,Professional,2025-05-25,,Monthly,49.0,Active
S04224,C04224,Business,2025-12-11,,Annual,84.15,Active
S04225,C04225,Basic,2026-02-23,,Annual,16.15,Active
S04226,C04226,Basic,2026-04-09,,Annual,16.15,Active
S04227,C04227,Professional,2025-12-21,,Monthly,49.0,Active
S04228,C04228,Professional,2025-12-06,,Monthly,49.0,Active
S04229,C04229,Basic,2025-03-15,,Monthly,19.0,Active
S04230,C04230,Basic,2025-05-20,,Monthly,19.0,Active
S04231,C04231,Basic,2025-09-21,2026-03-10,Annual,16.15,Cancelled
S04232,C04232,Professional,2025-11-04,,Monthly,49.0,Active
S04233,C04233,Business,2025-03-25,2026-05-18,Monthly,99.0,Cancelled
S04234,C04234,Basic,2025-02-06,,Monthly,19.0,Active
S04235,C04235,Professional,2025-03-10,,Annual,41.65,Active
S04236,C04236,Professional,2026-01-04,,Monthly,49.0,Active
S04237,C04237,Professional,2025-04-27,,Monthly,49.0,Active
S04238,C04238,Basic,2025-09-26,,Annual,16.15,Active
S04239,C04239,Basic,2026-01-25,,Monthly,19.0,Active
S04240,C04240,Basic,2025-11-30,,Monthly,19.0,Active
S04241,C04241,Professional,2026-02-05,,Monthly,49.0,Active
S04242,C04242,Professional,2025-03-14,,Monthly,49.0,Active
S04243,C04243,Basic,2026-03-31,,Monthly,19.0,Active
S04244,C04244,Professional,2025-04-10,,Monthly,49.0,Active
S04245,C04245,Professional,2025-11-16,,Monthly,49.0,Active
S04246,C04246,Basic,2026-02-23,2026-06-13,Monthly,19.0,Cancelled
S04247,C04247,Basic,2025-03-20,,Monthly,19.0,Active
S04248,C04248,Professional,2026-03-31,,Monthly,49.0,Active
S04249,C04249,Basic,2025-02-04,,Monthly,19.0,Active
S04250,C04250,Professional,2025-11-17,,Monthly,49.0,Active
S04251,C04251,Professional,2025-03-17,,Monthly,49.0,Active
S04252,C04252,Professional,2025-12-07,,Annual,41.65,Active
S04253,C04253,Professional,2025-10-20,,Annual,41.65,Active
S04254,C04254,Professional,2026-03-26,,Monthly,49.0,Active
S04255,C04255,Professional,2025-06-02,,Monthly,49.0,Active
S04256,C04256,Basic,2025-07-02,,Monthly,19.0,Active
S04257,C04257,Basic,2026-02-02,,Monthly,19.0,Active
S04258,C04258,Business,2025-04-02,2025-10-12,Monthly,99.0,Cancelled
S04259,C04259,Business,2026-04-04,,Annual,84.15,Active
S04260,C04260,Professional,2025-07-25,,Monthly,49.0,Active
S04261,C04261,Business,2025-09-24,,Annual,84.15,Active
S04262,C04262,Business,2026-01-22,,Monthly,99.0,Active
S04263,C04263,Professional,2025-10-09,,Monthly,49.0,Active
S04264,C04264,Basic,2026-05-01,,Monthly,19.0,Active
S04265,C04265,Basic,2026-03-04,2026-06-09,Monthly,19.0,Cancelled
S04266,C04266,Business,2025-04-16,,Monthly,99.0,Active
S04267,C04267,Professional,2025-01-05,,Monthly,49.0,Active
S04268,C04268,Business,2025-07-19,2025-10-19,Monthly,99.0,Cancelled
S04269,C04269,Basic,2025-11-05,,Annual,16.15,Active
S04270,C04270,Basic,2026-04-12,2026-05-10,Monthly,19.0,Cancelled
S04271,C04271,Basic,2025-11-06,2026-01-28,Monthly,19.0,Cancelled
S04272,C04272,Professional,2026-01-01,2026-05-20,Monthly,49.0,Cancelled
S04273,C04273,Professional,2025-02-16,2026-03-22,Monthly,49.0,Cancelled
S04274,C04274,Professional,2025-03-23,,Monthly,49.0,Active
S04275,C04275,Basic,2025-05-17,2026-04-09,Monthly,19.0,Cancelled
S04276,C04276,Basic,2025-08-12,,Monthly,19.0,Active
S04277,C04277,Professional,2025-06-14,,Monthly,49.0,Active
S04278,C04278,Professional,2026-04-04,,Monthly,49.0,Active
S04279,C04279,Basic,2025-09-16,,Annual,16.15,Active
S04280,C04280,Basic,2025-08-06,2025-11-04,Monthly,19.0,Cancelled
S04281,C04281,Professional,2026-02-13,,Monthly,49.0,Active
S04282,C04282,Basic,2025-11-02,2026-01-16,Annual,16.15,Cancelled
S04283,C04283,Professional,2025-12-19,,Annual,41.65,Active
S04284,C04284,Professional,2025-03-07,2026-03-17,Annual,41.65,Cancelled
S04285,C04285,Basic,2026-04-19,,Annual,16.15,Active
S04286,C04286,Professional,2026-03-10,,Monthly,49.0,Active
S04287,C04287,Basic,2025-04-19,,Monthly,19.0,Active
S04288,C04288,Basic,2025-01-23,,Monthly,19.0,Active
S04289,C04289,Professional,2025-11-22,2026-02-22,Monthly,49.0,Cancelled
S04290,C04290,Basic,2025-08-05,,Monthly,19.0,Active
S04291,C04291,Basic,2025-03-25,,Annual,16.15,Active
S04292,C04292,Basic,2026-04-17,,Monthly,19.0,Active
S04293,C04293,Business,2026-02-28,,Annual,84.15,Active
S04294,C04294,Basic,2025-12-23,,Monthly,19.0,Active
S04295,C04295,Business,2025-07-06,,Annual,84.15,Active
S04296,C04296,Professional,2026-04-28,,Annual,41.65,Active
S04297,C04297,Business,2025-02-22,,Monthly,99.0,Active
S04298,C04298,Free,2025-01-11,,Annual,0.0,Active
S04299,C04299,Basic,2025-08-31,,Monthly,19.0,Active
S04300,C04300,Basic,2025-12-18,,Monthly,19.0,Active
S04301,C04301,Professional,2025-05-23,,Monthly,49.0,Active
S04302,C04302,Business,2026-03-17,2026-06-23,Monthly,99.0,Cancelled
S04303,C04303,Business,2025-04-18,,Monthly,99.0,Active
S04304,C04304,Basic,2025-08-25,,Annual,16.15,Active
S04305,C04305,Free,2025-09-14,,Annual,0.0,Active
S04306,C04306,Basic,2025-11-21,,Annual,16.15,Active
S04307,C04307,Professional,2025-12-01,,Annual,41.65,Active
S04308,C04308,Basic,2025-10-31,,Monthly,19.0,Active
S04309,C04309,Free,2025-04-05,,Monthly,0.0,Active
S04310,C04310,Basic,2025-01-08,2025-09-04,Annual,16.15,Cancelled
S04311,C04311,Professional,2026-01-18,,Monthly,49.0,Active
S04312,C04312,Basic,2026-01-01,2026-06-27,Annual,16.15,Cancelled
S04313,C04313,Professional,2025-10-12,,Monthly,49.0,Active
S04314,C04314,Professional,2025-11-23,,Annual,41.65,Active
S04315,C04315,Professional,2026-01-20,,Monthly,49.0,Active
S04316,C04316,Basic,2025-04-16,,Annual,16.15,Active
S04317,C04317,Basic,2025-10-08,,Monthly,19.0,Active
S04318,C04318,Basic,2025-09-23,2026-02-21,Monthly,19.0,Cancelled
S04319,C04319,Basic,2025-07-07,,Monthly,19.0,Active
S04320,C04320,Business,2025-03-08,2025-06-23,Monthly,99.0,Cancelled
S04321,C04321,Basic,2025-02-21,,Monthly,19.0,Active
S04322,C04322,Professional,2025-11-04,,Annual,41.65,Active
S04323,C04323,Basic,2025-04-14,2025-06-12,Monthly,19.0,Cancelled
S04324,C04324,Professional,2025-07-19,,Monthly,49.0,Active
S04325,C04325,Professional,2025-06-18,,Annual,41.65,Active
S04326,C04326,Professional,2025-01-17,,Monthly,49.0,Active
S04327,C04327,Basic,2025-07-28,2025-09-01,Monthly,19.0,Cancelled
S04328,C04328,Basic,2025-08-02,2025-12-16,Annual,16.15,Cancelled
S04329,C04329,Business,2025-11-15,,Monthly,99.0,Active
S04330,C04330,Professional,2025-09-29,,Monthly,49.0,Active
S04331,C04331,Basic,2026-05-01,,Annual,16.15,Active
S04332,C04332,Basic,2025-06-12,,Monthly,19.0,Active
S04333,C04333,Professional,2025-06-20,,Monthly,49.0,Active
S04334,C04334,Free,2025-07-24,,Monthly,0.0,Active
S04335,C04335,Professional,2025-11-05,2026-03-25,Monthly,49.0,Cancelled
S04336,C04336,Professional,2025-03-04,,Monthly,49.0,Active
S04337,C04337,Professional,2025-04-16,,Monthly,49.0,Active
S04338,C04338,Basic,2025-03-04,,Monthly,19.0,Active
S04339,C04339,Basic,2026-01-10,,Monthly,19.0,Active
S04340,C04340,Business,2026-03-15,,Monthly,99.0,Active
S04341,C04341,Basic,2025-01-02,,Annual,16.15,Active
S04342,C04342,Professional,2025-01-28,,Monthly,49.0,Active
S04343,C04343,Professional,2026-01-20,,Monthly,49.0,Active
S04344,C04344,Professional,2025-10-06,,Monthly,49.0,Active
S04345,C04345,Basic,2025-08-16,2026-01-04,Monthly,19.0,Cancelled
S04346,C04346,Professional,2026-05-02,,Monthly,49.0,Active
S04347,C04347,Basic,2025-07-15,2026-04-20,Monthly,19.0,Cancelled
S04348,C04348,Basic,2025-05-30,,Monthly,19.0,Active
S04349,C04349,Professional,2025-09-05,,Monthly,49.0,Active
S04350,C04350,Business,2025-10-11,,Annual,84.15,Active
S04351,C04351,Basic,2025-04-24,2025-11-05,Monthly,19.0,Cancelled
S04352,C04352,Free,2025-10-21,,Monthly,0.0,Active
S04353,C04353,Basic,2025-01-27,,Annual,16.15,Active
S04354,C04354,Professional,2025-02-24,,Monthly,49.0,Active
S04355,C04355,Basic,2025-05-16,,Annual,16.15,Active
S04356,C04356,Professional,2026-03-31,,Monthly,49.0,Active
S04357,C04357,Professional,2025-03-19,2025-12-18,Annual,41.65,Cancelled
S04358,C04358,Basic,2025-03-04,2026-04-21,Annual,16.15,Cancelled
S04359,C04359,Professional,2025-01-29,,Monthly,49.0,Active
S04360,C04360,Business,2025-02-08,,Annual,84.15,Active
S04361,C04361,Professional,2025-07-06,,Monthly,49.0,Active
S04362,C04362,Basic,2026-03-18,,Monthly,19.0,Active
S04363,C04363,Basic,2026-01-13,2026-04-15,Annual,16.15,Cancelled
S04364,C04364,Business,2025-01-14,,Monthly,99.0,Active
S04365,C04365,Business,2026-05-12,,Monthly,99.0,Active
S04366,C04366,Basic,2025-10-12,2026-04-20,Monthly,19.0,Cancelled
S04367,C04367,Basic,2025-12-05,2026-02-16,Monthly,19.0,Cancelled
S04368,C04368,Professional,2026-01-22,,Monthly,49.0,Active
S04369,C04369,Professional,2025-05-21,,Monthly,49.0,Active
S04370,C04370,Basic,2025-01-10,,Monthly,19.0,Active
S04371,C04371,Basic,2025-07-22,,Monthly,19.0,Active
S04372,C04372,Basic,2025-11-30,,Annual,16.15,Active
S04373,C04373,Basic,2025-10-17,,Monthly,19.0,Active
S04374,C04374,Professional,2026-02-20,,Annual,41.65,Active
S04375,C04375,Basic,2026-02-02,,Monthly,19.0,Active
S04376,C04376,Basic,2026-04-19,,Monthly,19.0,Active
S04377,C04377,Professional,2025-09-12,,Monthly,49.0,Active
S04378,C04378,Basic,2025-09-16,2025-10-13,Monthly,19.0,Cancelled
S04379,C04379,Basic,2026-03-09,2026-05-27,Monthly,19.0,Cancelled
S04380,C04380,Professional,2026-01-01,2026-06-06,Monthly,49.0,Cancelled
S04381,C04381,Professional,2025-05-04,,Annual,41.65,Active
S04382,C04382,Basic,2025-07-10,,Monthly,19.0,Active
S04383,C04383,Professional,2025-02-21,,Monthly,49.0,Active
S04384,C04384,Basic,2026-04-14,,Monthly,19.0,Active
S04385,C04385,Basic,2026-02-10,,Monthly,19.0,Active
S04386,C04386,Business,2025-08-28,2025-10-11,Monthly,99.0,Cancelled
S04387,C04387,Free,2025-12-01,,Monthly,0.0,Active
S04388,C04388,Professional,2025-05-04,,Monthly,49.0,Active
S04389,C04389,Basic,2025-01-03,2026-02-10,Monthly,19.0,Cancelled
S04390,C04390,Professional,2025-08-10,,Annual,41.65,Active
S04391,C04391,Business,2025-04-03,,Monthly,99.0,Active
S04392,C04392,Basic,2025-03-31,,Annual,16.15,Active
S04393,C04393,Professional,2025-12-19,,Monthly,49.0,Active
S04394,C04394,Business,2025-05-18,,Annual,84.15,Active
S04395,C04395,Professional,2025-01-31,,Annual,41.65,Active
S04396,C04396,Professional,2025-04-18,,Monthly,49.0,Active
S04397,C04397,Business,2026-01-30,,Monthly,99.0,Active
S04398,C04398,Business,2026-02-03,,Annual,84.15,Active
S04399,C04399,Professional,2025-04-21,2026-05-11,Monthly,49.0,Cancelled
S04400,C04400,Professional,2025-03-04,,Monthly,49.0,Active
S04401,C04401,Basic,2026-04-24,,Monthly,19.0,Active
S04402,C04402,Business,2025-03-29,,Annual,84.15,Active
S04403,C04403,Basic,2025-07-26,2025-11-01,Monthly,19.0,Cancelled
S04404,C04404,Basic,2025-03-25,,Monthly,19.0,Active
S04405,C04405,Professional,2025-05-07,,Monthly,49.0,Active
S04406,C04406,Professional,2025-02-22,,Monthly,49.0,Active
S04407,C04407,Professional,2025-04-14,,Monthly,49.0,Active
S04408,C04408,Professional,2025-04-20,,Annual,41.65,Active
S04409,C04409,Professional,2025-04-16,,Monthly,49.0,Active
S04410,C04410,Basic,2026-01-08,,Monthly,19.0,Active
S04411,C04411,Professional,2026-03-29,,Monthly,49.0,Active
S04412,C04412,Basic,2025-01-07,,Monthly,19.0,Active
S04413,C04413,Free,2025-08-15,,Monthly,0.0,Active
S04414,C04414,Business,2025-02-10,2025-08-24,Monthly,99.0,Cancelled
S04415,C04415,Business,2025-01-20,,Annual,84.15,Active
S04416,C04416,Professional,2025-06-18,,Annual,41.65,Active
S04417,C04417,Basic,2025-06-26,,Monthly,19.0,Active
S04418,C04418,Business,2025-05-30,,Monthly,99.0,Active
S04419,C04419,Business,2026-02-18,,Annual,84.15,Active
S04420,C04420,Business,2026-03-23,,Monthly,99.0,Active
S04421,C04421,Basic,2025-02-06,,Monthly,19.0,Active
S04422,C04422,Free,2025-10-25,,Monthly,0.0,Active
S04423,C04423,Professional,2025-06-01,,Monthly,49.0,Active
S04424,C04424,Basic,2025-01-22,,Annual,16.15,Active
S04425,C04425,Basic,2025-03-25,,Monthly,19.0,Active
S04426,C04426,Free,2025-02-04,,Monthly,0.0,Active
S04427,C04427,Basic,2025-11-13,,Annual,16.15,Active
S04428,C04428,Business,2025-11-19,,Annual,84.15,Active
S04429,C04429,Business,2025-05-19,,Monthly,99.0,Active
S04430,C04430,Basic,2025-08-02,,Monthly,19.0,Active
S04431,C04431,Professional,2025-09-06,,Monthly,49.0,Active
S04432,C04432,Basic,2025-06-22,,Monthly,19.0,Active
S04433,C04433,Free,2025-12-13,,Monthly,0.0,Active
S04434,C04434,Professional,2025-04-03,,Monthly,49.0,Active
S04435,C04435,Business,2025-09-29,,Monthly,99.0,Active
S04436,C04436,Basic,2026-03-09,,Monthly,19.0,Active
S04437,C04437,Basic,2026-04-15,,Monthly,19.0,Active
S04438,C04438,Free,2025-12-02,,Monthly,0.0,Active
S04439,C04439,Business,2025-01-28,,Monthly,99.0,Active
S04440,C04440,Professional,2026-01-01,2026-05-06,Monthly,49.0,Cancelled
S04441,C04441,Professional,2025-09-11,2026-02-27,Monthly,49.0,Cancelled
S04442,C04442,Professional,2025-09-13,,Annual,41.65,Active
S04443,C04443,Business,2025-01-07,2025-11-12,Annual,84.15,Cancelled
S04444,C04444,Professional,2025-01-20,,Annual,41.65,Active
S04445,C04445,Business,2025-09-23,,Monthly,99.0,Active
S04446,C04446,Business,2025-07-25,,Monthly,99.0,Active
S04447,C04447,Business,2025-02-18,,Annual,84.15,Active
S04448,C04448,Professional,2026-05-11,,Monthly,49.0,Active
S04449,C04449,Basic,2026-05-01,2026-05-25,Monthly,19.0,Cancelled
S04450,C04450,Basic,2026-02-18,2026-04-14,Monthly,19.0,Cancelled
S04451,C04451,Basic,2025-10-03,,Annual,16.15,Active
S04452,C04452,Basic,2026-01-02,,Monthly,19.0,Active
S04453,C04453,Professional,2025-01-02,2025-02-27,Monthly,49.0,Cancelled
S04454,C04454,Professional,2025-04-30,,Monthly,49.0,Active
S04455,C04455,Free,2025-12-08,,Monthly,0.0,Active
S04456,C04456,Professional,2025-02-05,,Monthly,49.0,Active
S04457,C04457,Basic,2026-01-07,2026-02-27,Monthly,19.0,Cancelled
S04458,C04458,Basic,2026-04-01,,Monthly,19.0,Active
S04459,C04459,Professional,2026-04-26,,Monthly,49.0,Active
S04460,C04460,Professional,2026-05-07,,Monthly,49.0,Active
S04461,C04461,Basic,2026-05-14,2026-06-16,Monthly,19.0,Cancelled
S04462,C04462,Business,2025-01-01,,Monthly,99.0,Active
S04463,C04463,Professional,2025-10-03,,Monthly,49.0,Active
S04464,C04464,Business,2025-04-06,,Monthly,99.0,Active
S04465,C04465,Professional,2025-06-06,,Annual,41.65,Active
S04466,C04466,Basic,2025-12-16,,Monthly,19.0,Active
S04467,C04467,Business,2025-01-07,,Annual,84.15,Active
S04468,C04468,Business,2026-03-08,2026-05-19,Monthly,99.0,Cancelled
S04469,C04469,Professional,2025-08-03,,Annual,41.65,Active
S04470,C04470,Basic,2025-11-09,,Annual,16.15,Active
S04471,C04471,Free,2025-05-19,,Annual,0.0,Active
S04472,C04472,Professional,2025-10-01,,Annual,41.65,Active
S04473,C04473,Basic,2025-03-30,,Monthly,19.0,Active
S04474,C04474,Business,2026-01-28,,Monthly,99.0,Active
S04475,C04475,Business,2026-04-21,,Monthly,99.0,Active
S04476,C04476,Professional,2026-04-19,,Monthly,49.0,Active
S04477,C04477,Professional,2026-01-03,,Monthly,49.0,Active
S04478,C04478,Business,2025-05-14,,Monthly,99.0,Active
S04479,C04479,Business,2026-03-01,2026-06-17,Monthly,99.0,Cancelled
S04480,C04480,Professional,2026-01-20,2026-04-07,Annual,41.65,Cancelled
S04481,C04481,Basic,2025-01-30,,Monthly,19.0,Active
S04482,C04482,Professional,2025-03-04,,Annual,41.65,Active
S04483,C04483,Basic,2025-12-21,,Monthly,19.0,Active
S04484,C04484,Business,2026-02-06,,Monthly,99.0,Active
S04485,C04485,Business,2026-02-10,,Annual,84.15,Active
S04486,C04486,Professional,2026-03-06,,Monthly,49.0,Active
S04487,C04487,Professional,2025-02-17,,Annual,41.65,Active
S04488,C04488,Basic,2026-03-21,,Monthly,19.0,Active
S04489,C04489,Business,2025-06-08,,Monthly,99.0,Active
S04490,C04490,Professional,2025-10-13,,Monthly,49.0,Active
S04491,C04491,Basic,2025-05-03,,Monthly,19.0,Active
S04492,C04492,Business,2025-04-30,2026-04-24,Monthly,99.0,Cancelled
S04493,C04493,Professional,2025-06-21,,Annual,41.65,Active
S04494,C04494,Basic,2025-10-04,,Annual,16.15,Active
S04495,C04495,Professional,2025-03-28,,Annual,41.65,Active
S04496,C04496,Basic,2025-08-20,,Monthly,19.0,Active
S04497,C04497,Professional,2025-07-16,,Monthly,49.0,Active
S04498,C04498,Basic,2026-04-18,,Monthly,19.0,Active
S04499,C04499,Basic,2025-06-06,,Monthly,19.0,Active
S04500,C04500,Professional,2025-03-12,,Monthly,49.0,Active
S04501,C04501,Basic,2025-12-25,,Annual,16.15,Active
S04502,C04502,Professional,2025-08-08,,Annual,41.65,Active
S04503,C04503,Professional,2026-01-09,,Annual,41.65,Active
S04504,C04504,Basic,2025-04-10,,Monthly,19.0,Active
S04505,C04505,Basic,2025-08-03,,Monthly,19.0,Active
S04506,C04506,Business,2025-01-03,,Annual,84.15,Active
S04507,C04507,Professional,2025-04-05,2025-11-30,Annual,41.65,Cancelled
S04508,C04508,Business,2026-02-11,2026-06-25,Monthly,99.0,Cancelled
S04509,C04509,Business,2025-07-23,,Monthly,99.0,Active
S04510,C04510,Basic,2025-02-28,,Monthly,19.0,Active
S04511,C04511,Professional,2025-10-10,,Annual,41.65,Active
S04512,C04512,Professional,2025-04-04,,Annual,41.65,Active
S04513,C04513,Business,2025-02-18,,Monthly,99.0,Active
S04514,C04514,Basic,2025-03-08,,Monthly,19.0,Active
S04515,C04515,Professional,2025-01-24,,Monthly,49.0,Active
S04516,C04516,Basic,2025-09-16,,Monthly,19.0,Active
S04517,C04517,Business,2026-03-27,2026-06-03,Monthly,99.0,Cancelled
S04518,C04518,Professional,2026-04-06,,Monthly,49.0,Active
S04519,C04519,Professional,2026-02-13,2026-06-14,Monthly,49.0,Cancelled
S04520,C04520,Professional,2025-02-18,,Monthly,49.0,Active
S04521,C04521,Business,2025-10-08,,Monthly,99.0,Active
S04522,C04522,Business,2025-09-04,,Annual,84.15,Active
S04523,C04523,Professional,2025-08-19,,Monthly,49.0,Active
S04524,C04524,Basic,2025-02-23,,Annual,16.15,Active
S04525,C04525,Free,2026-04-12,,Monthly,0.0,Active
S04526,C04526,Professional,2026-03-10,,Monthly,49.0,Active
S04527,C04527,Basic,2025-01-31,,Monthly,19.0,Active
S04528,C04528,Professional,2025-08-18,,Monthly,49.0,Active
S04529,C04529,Basic,2025-09-30,,Monthly,19.0,Active
S04530,C04530,Free,2026-05-12,2026-06-23,Monthly,0.0,Cancelled
S04531,C04531,Free,2025-02-01,,Monthly,0.0,Active
S04532,C04532,Basic,2026-04-01,,Monthly,19.0,Active
S04533,C04533,Professional,2026-03-03,,Monthly,49.0,Active
S04534,C04534,Basic,2025-08-14,,Monthly,19.0,Active
S04535,C04535,Professional,2026-03-02,2026-04-21,Monthly,49.0,Cancelled
S04536,C04536,Basic,2025-04-05,,Monthly,19.0,Active
S04537,C04537,Basic,2025-11-08,2026-01-15,Monthly,19.0,Cancelled
S04538,C04538,Basic,2025-09-21,2026-03-11,Monthly,19.0,Cancelled
S04539,C04539,Basic,2026-01-24,2026-06-17,Monthly,19.0,Cancelled
S04540,C04540,Basic,2026-01-16,,Annual,16.15,Active
S04541,C04541,Basic,2025-02-11,,Monthly,19.0,Active
S04542,C04542,Professional,2026-05-07,,Monthly,49.0,Active
S04543,C04543,Basic,2026-04-26,,Monthly,19.0,Active
S04544,C04544,Basic,2025-11-09,,Annual,16.15,Active
S04545,C04545,Free,2025-04-07,2026-04-07,Monthly,0.0,Cancelled
S04546,C04546,Basic,2026-01-02,,Monthly,19.0,Active
S04547,C04547,Basic,2026-03-12,2026-06-01,Monthly,19.0,Cancelled
S04548,C04548,Basic,2025-10-13,,Monthly,19.0,Active
S04549,C04549,Basic,2025-08-17,,Monthly,19.0,Active
S04550,C04550,Professional,2025-08-24,,Annual,41.65,Active
S04551,C04551,Basic,2025-10-09,,Monthly,19.0,Active
S04552,C04552,Business,2025-05-28,,Monthly,99.0,Active
S04553,C04553,Basic,2025-08-20,2026-02-08,Annual,16.15,Cancelled
S04554,C04554,Professional,2025-01-17,,Monthly,49.0,Active
S04555,C04555,Professional,2026-04-10,2026-06-13,Annual,41.65,Cancelled
S04556,C04556,Basic,2025-03-05,,Monthly,19.0,Active
S04557,C04557,Business,2025-11-19,,Monthly,99.0,Active
S04558,C04558,Basic,2026-01-24,,Monthly,19.0,Active
S04559,C04559,Professional,2025-10-11,,Monthly,49.0,Active
S04560,C04560,Professional,2025-02-08,,Annual,41.65,Active
S04561,C04561,Basic,2025-09-16,,Annual,16.15,Active
S04562,C04562,Professional,2026-05-10,,Annual,41.65,Active
S04563,C04563,Basic,2026-02-06,,Monthly,19.0,Active
S04564,C04564,Professional,2026-01-31,,Monthly,49.0,Active
S04565,C04565,Basic,2026-03-08,2026-05-06,Monthly,19.0,Cancelled
S04566,C04566,Professional,2025-04-15,2025-09-06,Monthly,49.0,Cancelled
S04567,C04567,Basic,2026-03-09,,Annual,16.15,Active
S04568,C04568,Basic,2025-10-04,,Monthly,19.0,Active
S04569,C04569,Professional,2025-07-23,,Annual,41.65,Active
S04570,C04570,Free,2025-06-28,,Annual,0.0,Active
S04571,C04571,Business,2026-04-22,2026-05-26,Annual,84.15,Cancelled
S04572,C04572,Professional,2025-07-22,,Monthly,49.0,Active
S04573,C04573,Basic,2026-04-30,,Monthly,19.0,Active
S04574,C04574,Business,2025-11-29,2026-05-27,Annual,84.15,Cancelled
S04575,C04575,Professional,2025-11-25,,Annual,41.65,Active
S04576,C04576,Basic,2025-08-16,,Monthly,19.0,Active
S04577,C04577,Professional,2025-10-30,,Annual,41.65,Active
S04578,C04578,Professional,2026-02-13,,Annual,41.65,Active
S04579,C04579,Professional,2025-09-04,,Monthly,49.0,Active
S04580,C04580,Basic,2025-11-10,2026-03-10,Monthly,19.0,Cancelled
S04581,C04581,Free,2026-03-22,,Annual,0.0,Active
S04582,C04582,Basic,2026-04-10,,Monthly,19.0,Active
S04583,C04583,Professional,2025-08-24,,Annual,41.65,Active
S04584,C04584,Professional,2025-11-29,,Monthly,49.0,Active
S04585,C04585,Professional,2026-01-15,,Monthly,49.0,Active
S04586,C04586,Business,2025-10-10,2026-04-25,Monthly,99.0,Cancelled
S04587,C04587,Basic,2025-08-23,,Monthly,19.0,Active
S04588,C04588,Professional,2025-05-05,,Annual,41.65,Active
S04589,C04589,Basic,2026-03-30,,Monthly,19.0,Active
S04590,C04590,Basic,2025-07-23,,Monthly,19.0,Active
S04591,C04591,Professional,2025-04-28,,Monthly,49.0,Active
S04592,C04592,Professional,2025-07-16,,Monthly,49.0,Active
S04593,C04593,Basic,2025-11-30,2026-02-20,Monthly,19.0,Cancelled
S04594,C04594,Basic,2025-12-30,,Annual,16.15,Active
S04595,C04595,Professional,2026-05-10,,Monthly,49.0,Active
S04596,C04596,Free,2026-05-06,,Monthly,0.0,Active
S04597,C04597,Professional,2026-05-01,,Monthly,49.0,Active
S04598,C04598,Free,2026-02-06,,Monthly,0.0,Active
S04599,C04599,Basic,2026-02-05,2026-06-23,Monthly,19.0,Cancelled
S04600,C04600,Business,2026-05-09,,Monthly,99.0,Active
S04601,C04601,Business,2025-03-30,,Monthly,99.0,Active
S04602,C04602,Basic,2025-07-06,,Monthly,19.0,Active
S04603,C04603,Basic,2025-05-10,,Monthly,19.0,Active
S04604,C04604,Professional,2025-04-30,,Monthly,49.0,Active
S04605,C04605,Professional,2026-04-28,,Annual,41.65,Active
S04606,C04606,Free,2025-12-28,,Annual,0.0,Active
S04607,C04607,Professional,2025-03-13,,Monthly,49.0,Active
S04608,C04608,Free,2025-12-30,,Monthly,0.0,Active
S04609,C04609,Business,2025-09-14,2026-03-24,Annual,84.15,Cancelled
S04610,C04610,Professional,2025-06-03,,Monthly,49.0,Active
S04611,C04611,Basic,2026-01-27,2026-02-17,Monthly,19.0,Cancelled
S04612,C04612,Free,2025-05-11,,Annual,0.0,Active
S04613,C04613,Free,2026-03-18,2026-04-23,Monthly,0.0,Cancelled
S04614,C04614,Basic,2026-04-25,,Monthly,19.0,Active
S04615,C04615,Professional,2025-05-19,,Monthly,49.0,Active
S04616,C04616,Professional,2025-06-02,,Annual,41.65,Active
S04617,C04617,Basic,2026-03-31,,Monthly,19.0,Active
S04618,C04618,Professional,2026-03-25,,Monthly,49.0,Active
S04619,C04619,Professional,2025-06-20,,Monthly,49.0,Active
S04620,C04620,Free,2026-01-31,,Monthly,0.0,Active
S04621,C04621,Professional,2025-07-29,,Monthly,49.0,Active
S04622,C04622,Business,2025-06-05,,Monthly,99.0,Active
S04623,C04623,Basic,2025-10-22,,Monthly,19.0,Active
S04624,C04624,Professional,2025-06-09,,Monthly,49.0,Active
S04625,C04625,Basic,2025-10-22,,Monthly,19.0,Active
S04626,C04626,Basic,2026-04-22,,Monthly,19.0,Active
S04627,C04627,Professional,2025-03-15,2025-11-08,Annual,41.65,Cancelled
S04628,C04628,Basic,2025-09-07,,Annual,16.15,Active
S04629,C04629,Basic,2025-02-17,,Monthly,19.0,Active
S04630,C04630,Basic,2025-06-04,,Monthly,19.0,Active
S04631,C04631,Basic,2026-03-27,,Monthly,19.0,Active
S04632,C04632,Professional,2025-08-23,,Monthly,49.0,Active
S04633,C04633,Free,2025-03-29,,Monthly,0.0,Active
S04634,C04634,Professional,2025-10-29,,Monthly,49.0,Active
S04635,C04635,Basic,2025-10-09,2025-11-22,Monthly,19.0,Cancelled
S04636,C04636,Basic,2025-01-20,,Annual,16.15,Active
S04637,C04637,Basic,2025-12-27,,Monthly,19.0,Active
S04638,C04638,Business,2025-03-11,,Annual,84.15,Active
S04639,C04639,Basic,2025-01-18,,Annual,16.15,Active
S04640,C04640,Professional,2025-05-04,2025-08-08,Monthly,49.0,Cancelled
S04641,C04641,Free,2025-01-16,,Monthly,0.0,Active
S04642,C04642,Professional,2026-04-21,,Monthly,49.0,Active
S04643,C04643,Professional,2025-07-08,2025-10-24,Annual,41.65,Cancelled
S04644,C04644,Basic,2026-04-16,,Annual,16.15,Active
S04645,C04645,Professional,2026-01-25,,Monthly,49.0,Active
S04646,C04646,Professional,2025-09-25,2026-01-12,Monthly,49.0,Cancelled
S04647,C04647,Basic,2025-12-01,2026-02-22,Annual,16.15,Cancelled
S04648,C04648,Basic,2025-06-10,2025-12-19,Monthly,19.0,Cancelled
S04649,C04649,Basic,2025-03-16,,Monthly,19.0,Active
S04650,C04650,Basic,2025-03-20,2025-07-31,Monthly,19.0,Cancelled
S04651,C04651,Basic,2025-09-11,,Monthly,19.0,Active
S04652,C04652,Professional,2025-09-02,,Monthly,49.0,Active
S04653,C04653,Free,2025-02-03,,Monthly,0.0,Active
S04654,C04654,Business,2025-08-30,,Monthly,99.0,Active
S04655,C04655,Basic,2025-09-23,,Monthly,19.0,Active
S04656,C04656,Professional,2025-01-22,,Annual,41.65,Active
S04657,C04657,Professional,2025-02-23,,Monthly,49.0,Active
S04658,C04658,Professional,2026-04-15,,Annual,41.65,Active
S04659,C04659,Basic,2025-01-11,,Monthly,19.0,Active
S04660,C04660,Professional,2025-05-24,,Monthly,49.0,Active
S04661,C04661,Basic,2025-01-22,,Monthly,19.0,Active
S04662,C04662,Business,2025-07-29,,Annual,84.15,Active
S04663,C04663,Professional,2025-11-26,,Monthly,49.0,Active
S04664,C04664,Business,2025-10-17,,Monthly,99.0,Active
S04665,C04665,Free,2025-10-05,,Annual,0.0,Active
S04666,C04666,Professional,2026-05-04,2026-06-01,Monthly,49.0,Cancelled
S04667,C04667,Basic,2025-05-11,,Monthly,19.0,Active
S04668,C04668,Basic,2025-12-23,,Monthly,19.0,Active
S04669,C04669,Professional,2025-03-01,,Monthly,49.0,Active
S04670,C04670,Basic,2025-10-25,2025-11-17,Monthly,19.0,Cancelled
S04671,C04671,Business,2025-08-20,,Monthly,99.0,Active
S04672,C04672,Professional,2025-06-04,,Monthly,49.0,Active
S04673,C04673,Basic,2025-07-27,,Annual,16.15,Active
S04674,C04674,Basic,2025-05-01,,Annual,16.15,Active
S04675,C04675,Basic,2025-03-04,,Monthly,19.0,Active
S04676,C04676,Basic,2025-03-09,,Monthly,19.0,Active
S04677,C04677,Basic,2026-02-03,,Monthly,19.0,Active
S04678,C04678,Basic,2026-02-07,,Monthly,19.0,Active
S04679,C04679,Basic,2025-07-01,,Monthly,19.0,Active
S04680,C04680,Basic,2025-07-16,,Monthly,19.0,Active
S04681,C04681,Free,2026-03-06,2026-05-25,Monthly,0.0,Cancelled
S04682,C04682,Professional,2026-05-06,,Monthly,49.0,Active
S04683,C04683,Professional,2025-06-18,,Annual,41.65,Active
S04684,C04684,Basic,2026-05-16,,Monthly,19.0,Active
S04685,C04685,Business,2025-07-09,,Monthly,99.0,Active
S04686,C04686,Business,2025-10-19,,Monthly,99.0,Active
S04687,C04687,Professional,2025-06-03,,Monthly,49.0,Active
S04688,C04688,Professional,2025-03-21,,Monthly,49.0,Active
S04689,C04689,Free,2025-10-09,2026-02-27,Monthly,0.0,Cancelled
S04690,C04690,Free,2026-03-10,2026-05-14,Monthly,0.0,Cancelled
S04691,C04691,Basic,2025-08-27,,Annual,16.15,Active
S04692,C04692,Professional,2025-03-28,,Monthly,49.0,Active
S04693,C04693,Professional,2025-12-16,,Annual,41.65,Active
S04694,C04694,Professional,2025-02-24,,Annual,41.65,Active
S04695,C04695,Professional,2025-11-13,2026-02-25,Monthly,49.0,Cancelled
S04696,C04696,Business,2025-01-11,,Monthly,99.0,Active
S04697,C04697,Business,2025-08-12,,Monthly,99.0,Active
S04698,C04698,Free,2026-02-10,2026-03-14,Annual,0.0,Cancelled
S04699,C04699,Basic,2025-04-19,,Monthly,19.0,Active
S04700,C04700,Professional,2025-12-26,2026-05-08,Monthly,49.0,Cancelled
S04701,C04701,Free,2025-11-30,2026-06-04,Monthly,0.0,Cancelled
S04702,C04702,Basic,2025-07-26,,Monthly,19.0,Active
S04703,C04703,Basic,2026-04-14,,Monthly,19.0,Active
S04704,C04704,Professional,2025-10-22,2025-12-24,Monthly,49.0,Cancelled
S04705,C04705,Business,2025-05-22,2025-12-05,Monthly,99.0,Cancelled
S04706,C04706,Free,2025-06-15,2025-08-16,Monthly,0.0,Cancelled
S04707,C04707,Basic,2025-03-08,,Monthly,19.0,Active
S04708,C04708,Professional,2025-11-18,,Annual,41.65,Active
S04709,C04709,Basic,2025-12-15,2026-05-15,Monthly,19.0,Cancelled
S04710,C04710,Basic,2026-02-24,,Monthly,19.0,Active
S04711,C04711,Professional,2026-04-09,2026-05-15,Monthly,49.0,Cancelled
S04712,C04712,Basic,2025-05-24,,Monthly,19.0,Active
S04713,C04713,Basic,2025-07-21,,Monthly,19.0,Active
S04714,C04714,Professional,2025-06-29,,Annual,41.65,Active
S04715,C04715,Basic,2025-02-10,,Monthly,19.0,Active
S04716,C04716,Professional,2025-12-04,,Monthly,49.0,Active
S04717,C04717,Basic,2025-08-10,,Monthly,19.0,Active
S04718,C04718,Basic,2026-04-29,,Monthly,19.0,Active
S04719,C04719,Free,2025-09-26,,Annual,0.0,Active
S04720,C04720,Professional,2025-12-18,,Monthly,49.0,Active
S04721,C04721,Professional,2026-04-15,,Monthly,49.0,Active
S04722,C04722,Basic,2026-04-08,,Monthly,19.0,Active
S04723,C04723,Basic,2025-05-10,,Annual,16.15,Active
S04724,C04724,Basic,2025-04-21,,Annual,16.15,Active
S04725,C04725,Basic,2025-03-04,,Annual,16.15,Active
S04726,C04726,Professional,2025-07-04,,Monthly,49.0,Active
S04727,C04727,Business,2025-05-22,,Annual,84.15,Active
S04728,C04728,Basic,2025-10-30,,Monthly,19.0,Active
S04729,C04729,Free,2025-03-06,2025-12-07,Monthly,0.0,Cancelled
S04730,C04730,Free,2026-02-01,,Annual,0.0,Active
S04731,C04731,Business,2026-05-09,2026-06-02,Monthly,99.0,Cancelled
S04732,C04732,Basic,2026-01-30,,Monthly,19.0,Active
S04733,C04733,Professional,2025-07-07,,Monthly,49.0,Active
S04734,C04734,Professional,2025-05-15,,Monthly,49.0,Active
S04735,C04735,Basic,2026-02-21,,Monthly,19.0,Active
S04736,C04736,Basic,2025-07-02,,Annual,16.15,Active
S04737,C04737,Professional,2025-03-07,,Monthly,49.0,Active
S04738,C04738,Professional,2025-10-19,,Monthly,49.0,Active
S04739,C04739,Business,2026-05-12,,Monthly,99.0,Active
S04740,C04740,Business,2025-11-09,,Annual,84.15,Active
S04741,C04741,Basic,2025-01-29,,Annual,16.15,Active
S04742,C04742,Professional,2025-10-14,,Monthly,49.0,Active
S04743,C04743,Basic,2025-04-25,2025-05-29,Annual,16.15,Cancelled
S04744,C04744,Basic,2025-03-06,,Monthly,19.0,Active
S04745,C04745,Business,2026-03-14,,Monthly,99.0,Active
S04746,C04746,Professional,2025-11-21,,Monthly,49.0,Active
S04747,C04747,Professional,2025-09-13,2026-05-20,Monthly,49.0,Cancelled
S04748,C04748,Professional,2026-03-30,,Monthly,49.0,Active
S04749,C04749,Business,2025-01-26,2025-04-03,Monthly,99.0,Cancelled
S04750,C04750,Professional,2025-08-17,,Monthly,49.0,Active
S04751,C04751,Basic,2025-02-10,,Monthly,19.0,Active
S04752,C04752,Free,2025-12-10,2026-02-08,Monthly,0.0,Cancelled
S04753,C04753,Professional,2025-09-24,,Monthly,49.0,Active
S04754,C04754,Basic,2025-11-20,2026-03-26,Annual,16.15,Cancelled
S04755,C04755,Basic,2025-07-08,,Monthly,19.0,Active
S04756,C04756,Basic,2026-04-13,,Monthly,19.0,Active
S04757,C04757,Business,2025-07-02,,Monthly,99.0,Active
S04758,C04758,Business,2025-11-14,,Annual,84.15,Active
S04759,C04759,Professional,2025-05-27,,Monthly,49.0,Active
S04760,C04760,Professional,2025-08-19,,Monthly,49.0,Active
S04761,C04761,Professional,2026-02-25,,Monthly,49.0,Active
S04762,C04762,Professional,2025-03-20,,Monthly,49.0,Active
S04763,C04763,Professional,2025-05-17,,Monthly,49.0,Active
S04764,C04764,Basic,2025-12-23,2026-01-22,Monthly,19.0,Cancelled
S04765,C04765,Professional,2025-06-10,,Annual,41.65,Active
S04766,C04766,Basic,2025-05-27,,Monthly,19.0,Active
S04767,C04767,Basic,2026-02-10,,Monthly,19.0,Active
S04768,C04768,Basic,2025-03-06,,Monthly,19.0,Active
S04769,C04769,Basic,2026-03-13,,Monthly,19.0,Active
S04770,C04770,Professional,2026-04-08,,Monthly,49.0,Active
S04771,C04771,Basic,2025-02-08,2026-02-21,Monthly,19.0,Cancelled
S04772,C04772,Basic,2025-01-24,2025-09-19,Annual,16.15,Cancelled
S04773,C04773,Professional,2025-11-04,,Monthly,49.0,Active
S04774,C04774,Professional,2025-07-19,,Monthly,49.0,Active
S04775,C04775,Professional,2025-08-12,,Annual,41.65,Active
S04776,C04776,Professional,2025-03-21,,Monthly,49.0,Active
S04777,C04777,Professional,2025-04-23,,Monthly,49.0,Active
S04778,C04778,Professional,2026-03-26,,Monthly,49.0,Active
S04779,C04779,Business,2026-05-12,2026-06-02,Monthly,99.0,Cancelled
S04780,C04780,Professional,2025-06-04,2025-12-13,Monthly,49.0,Cancelled
S04781,C04781,Professional,2025-08-13,,Annual,41.65,Active
S04782,C04782,Professional,2025-12-03,,Annual,41.65,Active
S04783,C04783,Basic,2026-03-02,2026-03-31,Annual,16.15,Cancelled
S04784,C04784,Business,2025-07-17,2025-09-11,Monthly,99.0,Cancelled
S04785,C04785,Professional,2026-02-13,,Monthly,49.0,Active
S04786,C04786,Basic,2025-05-04,,Annual,16.15,Active
S04787,C04787,Business,2025-02-19,,Monthly,99.0,Active
S04788,C04788,Free,2026-03-29,2026-06-28,Annual,0.0,Cancelled
S04789,C04789,Professional,2025-08-04,,Monthly,49.0,Active
S04790,C04790,Professional,2026-04-01,2026-06-04,Annual,41.65,Cancelled
S04791,C04791,Free,2026-03-12,2026-05-16,Monthly,0.0,Cancelled
S04792,C04792,Business,2025-03-13,,Monthly,99.0,Active
S04793,C04793,Basic,2025-02-12,,Monthly,19.0,Active
S04794,C04794,Professional,2025-02-21,,Monthly,49.0,Active
S04795,C04795,Basic,2025-08-10,,Monthly,19.0,Active
S04796,C04796,Basic,2025-07-30,,Monthly,19.0,Active
S04797,C04797,Professional,2025-03-16,,Annual,41.65,Active
S04798,C04798,Basic,2025-04-29,,Monthly,19.0,Active
S04799,C04799,Free,2025-03-25,,Annual,0.0,Active
S04800,C04800,Basic,2025-12-11,,Annual,16.15,Active
S04801,C04801,Professional,2025-09-13,,Monthly,49.0,Active
S04802,C04802,Basic,2025-02-04,,Annual,16.15,Active
S04803,C04803,Business,2026-02-19,,Monthly,99.0,Active
S04804,C04804,Professional,2025-10-05,,Monthly,49.0,Active
S04805,C04805,Free,2025-05-05,,Annual,0.0,Active
S04806,C04806,Business,2026-02-16,,Monthly,99.0,Active
S04807,C04807,Professional,2025-06-10,,Monthly,49.0,Active
S04808,C04808,Business,2025-02-10,,Monthly,99.0,Active
S04809,C04809,Basic,2025-10-17,,Monthly,19.0,Active
S04810,C04810,Basic,2025-01-20,,Annual,16.15,Active
S04811,C04811,Professional,2025-08-15,2026-04-27,Monthly,49.0,Cancelled
S04812,C04812,Business,2025-04-05,2025-08-18,Monthly,99.0,Cancelled
S04813,C04813,Free,2025-08-09,,Annual,0.0,Active
S04814,C04814,Basic,2026-01-03,,Monthly,19.0,Active
S04815,C04815,Professional,2025-01-14,,Monthly,49.0,Active
S04816,C04816,Business,2026-03-02,,Annual,84.15,Active
S04817,C04817,Professional,2025-09-05,,Monthly,49.0,Active
S04818,C04818,Professional,2025-02-09,,Monthly,49.0,Active
S04819,C04819,Basic,2025-09-28,,Monthly,19.0,Active
S04820,C04820,Free,2025-07-01,2026-01-16,Annual,0.0,Cancelled
S04821,C04821,Basic,2025-03-04,,Monthly,19.0,Active
S04822,C04822,Professional,2026-05-12,,Monthly,49.0,Active
S04823,C04823,Free,2025-12-30,,Annual,0.0,Active
S04824,C04824,Basic,2026-05-14,,Monthly,19.0,Active
S04825,C04825,Professional,2025-10-03,,Monthly,49.0,Active
S04826,C04826,Business,2025-04-07,,Annual,84.15,Active
S04827,C04827,Business,2025-12-03,,Annual,84.15,Active
S04828,C04828,Basic,2026-02-20,2026-05-09,Monthly,19.0,Cancelled
S04829,C04829,Professional,2025-11-09,2026-06-03,Monthly,49.0,Cancelled
S04830,C04830,Business,2025-06-22,,Monthly,99.0,Active
S04831,C04831,Basic,2025-02-28,,Monthly,19.0,Active
S04832,C04832,Professional,2025-10-08,,Monthly,49.0,Active
S04833,C04833,Professional,2026-02-21,,Monthly,49.0,Active
S04834,C04834,Professional,2025-11-03,,Monthly,49.0,Active
S04835,C04835,Business,2025-02-14,,Monthly,99.0,Active
S04836,C04836,Business,2025-06-09,,Monthly,99.0,Active
S04837,C04837,Business,2025-11-26,2026-05-14,Monthly,99.0,Cancelled
S04838,C04838,Professional,2025-04-05,,Annual,41.65,Active
S04839,C04839,Professional,2025-06-11,,Annual,41.65,Active
S04840,C04840,Professional,2025-04-14,2025-11-20,Monthly,49.0,Cancelled
S04841,C04841,Basic,2025-05-17,,Monthly,19.0,Active
S04842,C04842,Business,2026-03-13,2026-05-25,Annual,84.15,Cancelled
S04843,C04843,Professional,2025-11-22,,Monthly,49.0,Active
S04844,C04844,Business,2025-10-15,,Monthly,99.0,Active
S04845,C04845,Basic,2026-04-10,,Monthly,19.0,Active
S04846,C04846,Professional,2025-07-02,,Annual,41.65,Active
S04847,C04847,Professional,2025-10-11,,Monthly,49.0,Active
S04848,C04848,Professional,2025-02-24,,Monthly,49.0,Active
S04849,C04849,Business,2025-02-17,,Monthly,99.0,Active
S04850,C04850,Business,2025-12-13,,Annual,84.15,Active
S04851,C04851,Basic,2025-12-15,,Annual,16.15,Active
S04852,C04852,Business,2025-08-03,,Monthly,99.0,Active
S04853,C04853,Professional,2025-05-01,,Monthly,49.0,Active
S04854,C04854,Business,2025-03-05,,Monthly,99.0,Active
S04855,C04855,Professional,2026-03-03,,Annual,41.65,Active
S04856,C04856,Professional,2025-10-16,,Monthly,49.0,Active
S04857,C04857,Basic,2026-04-03,,Monthly,19.0,Active
S04858,C04858,Business,2025-10-23,,Monthly,99.0,Active
S04859,C04859,Basic,2025-03-07,,Monthly,19.0,Active
S04860,C04860,Basic,2025-11-02,,Monthly,19.0,Active
S04861,C04861,Basic,2025-02-10,,Monthly,19.0,Active
S04862,C04862,Professional,2025-07-08,,Monthly,49.0,Active
S04863,C04863,Basic,2025-04-07,,Annual,16.15,Active
S04864,C04864,Professional,2025-02-14,,Annual,41.65,Active
S04865,C04865,Professional,2026-02-21,,Monthly,49.0,Active
S04866,C04866,Professional,2025-11-25,,Monthly,49.0,Active
S04867,C04867,Basic,2025-06-19,2026-01-01,Monthly,19.0,Cancelled
S04868,C04868,Professional,2025-01-07,,Monthly,49.0,Active
S04869,C04869,Business,2026-04-28,,Monthly,99.0,Active
S04870,C04870,Free,2025-05-08,,Monthly,0.0,Active
S04871,C04871,Professional,2026-04-25,,Annual,41.65,Active
S04872,C04872,Business,2026-02-19,2026-06-15,Monthly,99.0,Cancelled
S04873,C04873,Professional,2025-09-07,,Monthly,49.0,Active
S04874,C04874,Business,2025-08-27,,Monthly,99.0,Active
S04875,C04875,Free,2025-12-10,,Monthly,0.0,Active
S04876,C04876,Professional,2025-09-07,2026-04-25,Monthly,49.0,Cancelled
S04877,C04877,Basic,2025-03-02,,Monthly,19.0,Active
S04878,C04878,Business,2026-01-12,,Annual,84.15,Active
S04879,C04879,Business,2025-06-01,,Annual,84.15,Active
S04880,C04880,Basic,2026-03-29,2026-06-19,Monthly,19.0,Cancelled
S04881,C04881,Professional,2025-09-13,2026-03-02,Monthly,49.0,Cancelled
S04882,C04882,Business,2025-11-07,,Monthly,99.0,Active
S04883,C04883,Basic,2025-03-26,,Monthly,19.0,Active
S04884,C04884,Professional,2025-12-13,,Monthly,49.0,Active
S04885,C04885,Basic,2025-10-22,,Monthly,19.0,Active
S04886,C04886,Business,2025-10-06,,Monthly,99.0,Active
S04887,C04887,Professional,2025-04-01,2025-06-22,Annual,41.65,Cancelled
S04888,C04888,Business,2025-04-17,,Monthly,99.0,Active
S04889,C04889,Professional,2025-07-13,,Monthly,49.0,Active
S04890,C04890,Basic,2025-05-15,,Monthly,19.0,Active
S04891,C04891,Free,2025-02-16,,Monthly,0.0,Active
S04892,C04892,Professional,2025-11-20,,Annual,41.65,Active
S04893,C04893,Business,2025-10-29,,Annual,84.15,Active
S04894,C04894,Basic,2025-11-03,,Annual,16.15,Active
S04895,C04895,Free,2025-02-26,,Annual,0.0,Active
S04896,C04896,Basic,2025-07-06,,Monthly,19.0,Active
S04897,C04897,Professional,2025-10-10,,Annual,41.65,Active
S04898,C04898,Basic,2025-04-03,2026-03-30,Monthly,19.0,Cancelled
S04899,C04899,Basic,2025-10-31,,Monthly,19.0,Active
S04900,C04900,Business,2026-03-12,,Monthly,99.0,Active
S04901,C04901,Business,2025-04-30,,Monthly,99.0,Active
S04902,C04902,Professional,2025-05-22,,Monthly,49.0,Active
S04903,C04903,Business,2026-02-14,2026-05-25,Annual,84.15,Cancelled
S04904,C04904,Business,2025-06-27,,Monthly,99.0,Active
S04905,C04905,Business,2025-12-30,,Annual,84.15,Active
S04906,C04906,Basic,2026-05-03,,Monthly,19.0,Active
S04907,C04907,Free,2025-05-19,,Annual,0.0,Active
S04908,C04908,Business,2025-05-29,,Monthly,99.0,Active
S04909,C04909,Professional,2025-02-22,,Annual,41.65,Active
S04910,C04910,Basic,2025-05-14,2026-06-26,Monthly,19.0,Cancelled
S04911,C04911,Professional,2025-02-11,,Monthly,49.0,Active
S04912,C04912,Professional,2025-06-11,,Monthly,49.0,Active
S04913,C04913,Basic,2025-09-29,,Annual,16.15,Active
S04914,C04914,Basic,2025-12-23,,Annual,16.15,Active
S04915,C04915,Business,2026-01-31,,Monthly,99.0,Active
S04916,C04916,Business,2025-02-04,,Monthly,99.0,Active
S04917,C04917,Professional,2025-03-29,,Annual,41.65,Active
S04918,C04918,Professional,2025-10-28,2026-02-07,Annual,41.65,Cancelled
S04919,C04919,Professional,2025-02-26,,Annual,41.65,Active
S04920,C04920,Professional,2025-08-23,,Monthly,49.0,Active
S04921,C04921,Business,2026-04-20,,Monthly,99.0,Active
S04922,C04922,Basic,2026-02-09,,Monthly,19.0,Active
S04923,C04923,Basic,2025-10-03,,Monthly,19.0,Active
S04924,C04924,Basic,2025-06-07,,Monthly,19.0,Active
S04925,C04925,Professional,2026-04-14,,Annual,41.65,Active
S04926,C04926,Free,2025-05-19,,Annual,0.0,Active
S04927,C04927,Professional,2025-01-10,,Monthly,49.0,Active
S04928,C04928,Business,2025-04-17,,Annual,84.15,Active
S04929,C04929,Basic,2025-12-04,,Monthly,19.0,Active
S04930,C04930,Business,2025-10-14,,Annual,84.15,Active
S04931,C04931,Professional,2026-04-23,,Monthly,49.0,Active
S04932,C04932,Basic,2025-08-31,,Monthly,19.0,Active
S04933,C04933,Professional,2026-01-05,,Monthly,49.0,Active
S04934,C04934,Basic,2026-03-27,2026-05-31,Monthly,19.0,Cancelled
S04935,C04935,Professional,2025-02-15,,Annual,41.65,Active
S04936,C04936,Basic,2025-10-13,,Monthly,19.0,Active
S04937,C04937,Professional,2026-01-02,,Monthly,49.0,Active
S04938,C04938,Professional,2026-04-02,,Monthly,49.0,Active
S04939,C04939,Free,2025-03-12,,Monthly,0.0,Active
S04940,C04940,Free,2025-01-19,,Monthly,0.0,Active
S04941,C04941,Professional,2025-04-10,2025-12-18,Monthly,49.0,Cancelled
S04942,C04942,Basic,2026-03-03,,Monthly,19.0,Active
S04943,C04943,Basic,2025-10-14,,Monthly,19.0,Active
S04944,C04944,Basic,2025-07-14,,Monthly,19.0,Active
S04945,C04945,Professional,2025-11-26,,Annual,41.65,Active
S04946,C04946,Business,2026-03-07,,Monthly,99.0,Active
S04947,C04947,Basic,2025-10-18,2026-02-20,Monthly,19.0,Cancelled
S04948,C04948,Basic,2025-09-10,,Monthly,19.0,Active
S04949,C04949,Professional,2025-05-19,,Monthly,49.0,Active
S04950,C04950,Professional,2025-09-02,,Monthly,49.0,Active
S04951,C04951,Business,2026-03-09,2026-05-12,Monthly,99.0,Cancelled
S04952,C04952,Basic,2026-01-22,2026-06-02,Monthly,19.0,Cancelled
S04953,C04953,Basic,2025-01-15,,Monthly,19.0,Active
S04954,C04954,Basic,2025-08-15,,Annual,16.15,Active
S04955,C04955,Professional,2026-05-07,2026-06-10,Monthly,49.0,Cancelled
S04956,C04956,Basic,2025-07-01,2025-11-18,Monthly,19.0,Cancelled
S04957,C04957,Business,2025-12-30,2026-04-10,Monthly,99.0,Cancelled
S04958,C04958,Professional,2025-01-28,,Monthly,49.0,Active
S04959,C04959,Professional,2026-02-09,,Monthly,49.0,Active
S04960,C04960,Professional,2025-07-15,2025-09-26,Monthly,49.0,Cancelled
S04961,C04961,Professional,2025-03-21,,Monthly,49.0,Active
S04962,C04962,Basic,2025-08-18,2026-05-17,Annual,16.15,Cancelled
S04963,C04963,Business,2025-11-24,,Monthly,99.0,Active
S04964,C04964,Professional,2025-10-15,,Monthly,49.0,Active
S04965,C04965,Basic,2026-01-16,2026-02-23,Monthly,19.0,Cancelled
S04966,C04966,Professional,2025-03-31,,Monthly,49.0,Active
S04967,C04967,Basic,2025-08-23,,Annual,16.15,Active
S04968,C04968,Basic,2025-04-12,,Monthly,19.0,Active
S04969,C04969,Professional,2025-09-15,,Monthly,49.0,Active
S04970,C04970,Basic,2026-03-20,,Monthly,19.0,Active
S04971,C04971,Basic,2026-02-08,,Monthly,19.0,Active
S04972,C04972,Business,2026-02-13,,Monthly,99.0,Active
S04973,C04973,Basic,2026-04-07,,Monthly,19.0,Active
S04974,C04974,Basic,2025-08-31,,Monthly,19.0,Active
S04975,C04975,Business,2025-03-04,,Monthly,99.0,Active
S04976,C04976,Professional,2025-10-03,2026-05-05,Monthly,49.0,Cancelled
S04977,C04977,Business,2025-01-18,,Annual,84.15,Active
S04978,C04978,Basic,2025-06-19,,Annual,16.15,Active
S04979,C04979,Professional,2026-04-23,,Monthly,49.0,Active
S04980,C04980,Free,2025-11-14,,Annual,0.0,Active
S04981,C04981,Business,2026-01-22,2026-02-15,Monthly,99.0,Cancelled
S04982,C04982,Professional,2025-11-13,2026-01-17,Monthly,49.0,Cancelled
S04983,C04983,Basic,2025-08-25,,Annual,16.15,Active
S04984,C04984,Free,2025-06-16,,Monthly,0.0,Active
S04985,C04985,Business,2026-03-06,,Annual,84.15,Active
S04986,C04986,Basic,2025-11-27,,Monthly,19.0,Active
S04987,C04987,Basic,2025-02-10,,Annual,16.15,Active
S04988,C04988,Basic,2025-06-17,,Annual,16.15,Active
S04989,C04989,Professional,2025-05-31,,Monthly,49.0,Active
S04990,C04990,Professional,2025-07-11,,Monthly,49.0,Active
S04991,C04991,Professional,2025-05-07,2025-08-18,Monthly,49.0,Cancelled
S04992,C04992,Business,2025-08-20,,Monthly,99.0,Active
S04993,C04993,Free,2025-05-13,,Monthly,0.0,Active
S04994,C04994,Professional,2025-09-26,,Monthly,49.0,Active
S04995,C04995,Professional,2025-03-13,,Monthly,49.0,Active
S04996,C04996,Professional,2025-01-18,2025-12-03,Annual,41.65,Cancelled
S04997,C04997,Professional,2026-02-24,,Annual,41.65,Active
S04998,C04998,Professional,2025-11-12,,Monthly,49.0,Active
S04999,C04999,Basic,2025-03-08,2025-07-02,Annual,16.15,Cancelled
S05000,C05000,Professional,2025-06-11,,Monthly,49.0,Active
S05001,C05001,Business,2025-10-24,,Monthly,99.0,Active
S05002,C05002,Free,2025-12-01,,Monthly,0.0,Active
S05003,C05003,Free,2026-05-07,,Monthly,0.0,Active
S05004,C05004,Basic,2025-11-22,,Monthly,19.0,Active
S05005,C05005,Basic,2025-09-09,,Monthly,19.0,Active
S05006,C05006,Business,2025-10-13,,Monthly,99.0,Active
S05007,C05007,Professional,2025-07-26,,Monthly,49.0,Active
S05008,C05008,Business,2025-11-25,,Monthly,99.0,Active
S05009,C05009,Basic,2025-07-12,,Annual,16.15,Active
S05010,C05010,Professional,2026-02-16,,Monthly,49.0,Active
S05011,C05011,Business,2025-08-01,,Monthly,99.0,Active
S05012,C05012,Professional,2025-08-23,,Monthly,49.0,Active
S05013,C05013,Business,2025-02-14,2025-05-21,Monthly,99.0,Cancelled
S05014,C05014,Professional,2026-03-18,,Annual,41.65,Active
S05015,C05015,Basic,2025-01-19,2025-04-09,Monthly,19.0,Cancelled
S05016,C05016,Free,2026-05-04,2026-06-12,Annual,0.0,Cancelled
S05017,C05017,Professional,2025-04-29,,Annual,41.65,Active
S05018,C05018,Professional,2026-02-20,,Monthly,49.0,Active
S05019,C05019,Business,2025-03-09,,Annual,84.15,Active
S05020,C05020,Professional,2025-05-06,,Monthly,49.0,Active
S05021,C05021,Basic,2025-04-03,,Annual,16.15,Active
S05022,C05022,Professional,2025-06-08,,Monthly,49.0,Active
S05023,C05023,Business,2026-05-15,,Monthly,99.0,Active
S05024,C05024,Professional,2025-05-22,2025-08-23,Monthly,49.0,Cancelled
S05025,C05025,Professional,2025-11-27,,Monthly,49.0,Active
S05026,C05026,Business,2025-08-19,,Monthly,99.0,Active
S05027,C05027,Professional,2025-12-07,,Monthly,49.0,Active
S05028,C05028,Basic,2026-04-18,,Annual,16.15,Active
S05029,C05029,Business,2026-03-11,,Monthly,99.0,Active
S05030,C05030,Basic,2025-02-11,,Monthly,19.0,Active
S05031,C05031,Professional,2025-06-10,2025-08-17,Annual,41.65,Cancelled
S05032,C05032,Basic,2025-01-28,,Monthly,19.0,Active
S05033,C05033,Basic,2025-05-07,,Monthly,19.0,Active
S05034,C05034,Basic,2026-02-23,,Annual,16.15,Active
S05035,C05035,Basic,2025-06-11,,Monthly,19.0,Active
S05036,C05036,Professional,2026-05-08,,Annual,41.65,Active
S05037,C05037,Basic,2025-11-03,,Monthly,19.0,Active
S05038,C05038,Professional,2026-03-29,,Monthly,49.0,Active
S05039,C05039,Professional,2026-02-28,,Annual,41.65,Active
S05040,C05040,Professional,2025-01-18,2025-02-12,Monthly,49.0,Cancelled
S05041,C05041,Basic,2025-01-07,,Annual,16.15,Active
S05042,C05042,Basic,2025-02-16,,Monthly,19.0,Active
S05043,C05043,Professional,2025-10-17,,Monthly,49.0,Active
S05044,C05044,Business,2025-05-02,,Monthly,99.0,Active
S05045,C05045,Basic,2025-03-06,,Monthly,19.0,Active
S05046,C05046,Business,2025-12-06,,Monthly,99.0,Active
S05047,C05047,Basic,2026-01-12,2026-03-27,Monthly,19.0,Cancelled
S05048,C05048,Basic,2025-08-10,,Monthly,19.0,Active
S05049,C05049,Basic,2026-03-01,2026-04-09,Monthly,19.0,Cancelled
S05050,C05050,Professional,2025-12-07,2026-05-16,Monthly,49.0,Cancelled
S05051,C05051,Free,2026-04-28,2026-06-08,Monthly,0.0,Cancelled
S05052,C05052,Professional,2026-04-13,,Monthly,49.0,Active
S05053,C05053,Basic,2026-01-23,,Monthly,19.0,Active
S05054,C05054,Professional,2025-11-17,,Monthly,49.0,Active
S05055,C05055,Professional,2025-01-14,,Monthly,49.0,Active
S05056,C05056,Business,2025-12-16,,Monthly,99.0,Active
S05057,C05057,Basic,2025-04-23,,Monthly,19.0,Active
S05058,C05058,Professional,2026-02-12,2026-05-03,Monthly,49.0,Cancelled
S05059,C05059,Professional,2025-08-01,,Monthly,49.0,Active
S05060,C05060,Basic,2025-03-08,,Monthly,19.0,Active
S05061,C05061,Professional,2026-01-29,,Monthly,49.0,Active
S05062,C05062,Professional,2026-01-25,,Annual,41.65,Active
S05063,C05063,Basic,2025-01-09,2025-05-28,Monthly,19.0,Cancelled
S05064,C05064,Business,2025-09-02,,Monthly,99.0,Active
S05065,C05065,Professional,2025-02-23,,Monthly,49.0,Active
S05066,C05066,Professional,2025-05-04,,Monthly,49.0,Active
S05067,C05067,Free,2026-01-21,,Monthly,0.0,Active
S05068,C05068,Business,2025-09-11,,Annual,84.15,Active
S05069,C05069,Professional,2026-04-14,,Monthly,49.0,Active
S05070,C05070,Free,2025-03-17,2025-07-12,Monthly,0.0,Cancelled
S05071,C05071,Free,2025-01-09,2025-04-01,Annual,0.0,Cancelled
S05072,C05072,Free,2025-12-03,,Monthly,0.0,Active
S05073,C05073,Basic,2025-12-19,,Monthly,19.0,Active
S05074,C05074,Basic,2025-03-07,,Annual,16.15,Active
S05075,C05075,Basic,2025-08-01,,Monthly,19.0,Active
S05076,C05076,Professional,2025-02-16,,Annual,41.65,Active
S05077,C05077,Professional,2025-10-19,,Annual,41.65,Active
S05078,C05078,Basic,2025-11-11,,Monthly,19.0,Active
S05079,C05079,Basic,2025-10-13,,Monthly,19.0,Active
S05080,C05080,Free,2026-04-02,,Monthly,0.0,Active
S05081,C05081,Professional,2025-01-23,,Monthly,49.0,Active
S05082,C05082,Business,2025-01-21,,Annual,84.15,Active
S05083,C05083,Professional,2025-11-04,2026-02-04,Annual,41.65,Cancelled
S05084,C05084,Basic,2026-01-25,,Monthly,19.0,Active
S05085,C05085,Basic,2025-06-03,,Annual,16.15,Active
S05086,C05086,Professional,2025-02-09,,Annual,41.65,Active
S05087,C05087,Professional,2026-02-14,,Monthly,49.0,Active
S05088,C05088,Basic,2025-02-19,,Monthly,19.0,Active
S05089,C05089,Professional,2025-10-28,,Monthly,49.0,Active
S05090,C05090,Business,2026-04-15,,Annual,84.15,Active
S05091,C05091,Professional,2025-12-31,,Monthly,49.0,Active
S05092,C05092,Professional,2025-07-10,,Annual,41.65,Active
S05093,C05093,Professional,2025-04-17,,Monthly,49.0,Active
S05094,C05094,Free,2025-08-01,,Monthly,0.0,Active
S05095,C05095,Professional,2025-06-22,,Monthly,49.0,Active
S05096,C05096,Professional,2025-07-25,,Monthly,49.0,Active
S05097,C05097,Basic,2025-03-16,,Monthly,19.0,Active
S05098,C05098,Business,2026-03-31,,Monthly,99.0,Active
S05099,C05099,Basic,2026-01-08,2026-05-10,Monthly,19.0,Cancelled
S05100,C05100,Professional,2025-07-08,,Annual,41.65,Active
S05101,C05101,Free,2025-11-02,,Annual,0.0,Active
S05102,C05102,Business,2025-04-10,,Annual,84.15,Active
S05103,C05103,Basic,2025-01-24,,Annual,16.15,Active
S05104,C05104,Business,2025-09-18,,Monthly,99.0,Active
S05105,C05105,Professional,2025-10-26,,Monthly,49.0,Active
S05106,C05106,Basic,2025-03-02,,Monthly,19.0,Active
S05107,C05107,Business,2026-05-13,,Annual,84.15,Active
S05108,C05108,Basic,2025-12-16,,Monthly,19.0,Active
S05109,C05109,Basic,2025-03-22,2025-12-27,Monthly,19.0,Cancelled
S05110,C05110,Business,2025-04-17,2026-01-06,Annual,84.15,Cancelled
S05111,C05111,Professional,2026-01-01,,Monthly,49.0,Active
S05112,C05112,Professional,2025-09-15,2026-05-22,Monthly,49.0,Cancelled
S05113,C05113,Professional,2026-04-16,,Monthly,49.0,Active
S05114,C05114,Basic,2025-02-11,2025-03-05,Annual,16.15,Cancelled
S05115,C05115,Basic,2025-07-28,,Monthly,19.0,Active
S05116,C05116,Professional,2025-11-10,,Monthly,49.0,Active
S05117,C05117,Business,2025-12-03,2026-02-14,Monthly,99.0,Cancelled
S05118,C05118,Professional,2026-03-21,2026-05-19,Annual,41.65,Cancelled
S05119,C05119,Professional,2025-05-10,,Monthly,49.0,Active
S05120,C05120,Basic,2026-04-30,,Annual,16.15,Active
S05121,C05121,Business,2025-09-22,,Monthly,99.0,Active
S05122,C05122,Free,2025-03-22,,Monthly,0.0,Active
S05123,C05123,Professional,2026-02-24,2026-03-29,Monthly,49.0,Cancelled
S05124,C05124,Professional,2025-09-17,,Monthly,49.0,Active
S05125,C05125,Professional,2025-06-20,,Annual,41.65,Active
S05126,C05126,Basic,2025-05-27,,Annual,16.15,Active
S05127,C05127,Basic,2025-06-07,,Monthly,19.0,Active
S05128,C05128,Free,2026-01-02,2026-02-17,Monthly,0.0,Cancelled
S05129,C05129,Business,2025-10-16,,Monthly,99.0,Active
S05130,C05130,Basic,2025-12-17,,Monthly,19.0,Active
S05131,C05131,Professional,2025-08-04,,Monthly,49.0,Active
S05132,C05132,Professional,2026-03-19,,Annual,41.65,Active
S05133,C05133,Professional,2025-08-02,,Annual,41.65,Active
S05134,C05134,Professional,2025-08-06,2026-01-09,Annual,41.65,Cancelled
S05135,C05135,Basic,2025-11-13,,Annual,16.15,Active
S05136,C05136,Business,2025-06-28,,Monthly,99.0,Active
S05137,C05137,Professional,2025-07-20,,Monthly,49.0,Active
S05138,C05138,Basic,2025-05-14,,Monthly,19.0,Active
S05139,C05139,Basic,2026-02-25,,Monthly,19.0,Active
S05140,C05140,Professional,2026-04-11,,Monthly,49.0,Active
S05141,C05141,Basic,2025-11-02,,Monthly,19.0,Active
S05142,C05142,Professional,2025-11-28,,Monthly,49.0,Active
S05143,C05143,Professional,2026-01-13,,Monthly,49.0,Active
S05144,C05144,Free,2026-01-15,,Annual,0.0,Active
S05145,C05145,Professional,2025-08-20,,Monthly,49.0,Active
S05146,C05146,Professional,2025-05-10,,Monthly,49.0,Active
S05147,C05147,Basic,2026-02-11,2026-04-22,Monthly,19.0,Cancelled
S05148,C05148,Basic,2025-05-06,,Monthly,19.0,Active
S05149,C05149,Professional,2026-04-14,2026-05-09,Annual,41.65,Cancelled
S05150,C05150,Professional,2025-01-13,2026-03-07,Monthly,49.0,Cancelled
S05151,C05151,Basic,2025-06-11,,Monthly,19.0,Active
S05152,C05152,Business,2025-07-21,,Monthly,99.0,Active
S05153,C05153,Business,2026-01-15,,Monthly,99.0,Active
S05154,C05154,Professional,2025-07-23,,Monthly,49.0,Active
S05155,C05155,Basic,2025-03-16,,Monthly,19.0,Active
S05156,C05156,Professional,2025-07-21,,Annual,41.65,Active
S05157,C05157,Professional,2026-04-14,2026-06-30,Monthly,49.0,Cancelled
S05158,C05158,Business,2025-03-15,,Monthly,99.0,Active
S05159,C05159,Professional,2025-12-21,2026-05-01,Monthly,49.0,Cancelled
S05160,C05160,Professional,2025-03-15,,Monthly,49.0,Active
S05161,C05161,Business,2025-08-25,,Monthly,99.0,Active
S05162,C05162,Basic,2025-01-11,,Annual,16.15,Active
S05163,C05163,Basic,2026-03-06,,Monthly,19.0,Active
S05164,C05164,Free,2026-04-20,,Monthly,0.0,Active
S05165,C05165,Business,2025-09-04,,Monthly,99.0,Active
S05166,C05166,Basic,2025-03-30,,Monthly,19.0,Active
S05167,C05167,Basic,2026-05-14,,Monthly,19.0,Active
S05168,C05168,Professional,2025-04-30,,Monthly,49.0,Active
S05169,C05169,Basic,2025-06-12,2025-12-27,Annual,16.15,Cancelled
S05170,C05170,Professional,2025-11-20,2026-02-22,Monthly,49.0,Cancelled
S05171,C05171,Free,2025-03-01,2025-05-25,Monthly,0.0,Cancelled
S05172,C05172,Free,2026-03-02,,Annual,0.0,Active
S05173,C05173,Basic,2025-10-30,,Monthly,19.0,Active
S05174,C05174,Basic,2026-02-27,,Monthly,19.0,Active
S05175,C05175,Basic,2026-03-09,,Monthly,19.0,Active
S05176,C05176,Basic,2025-02-04,,Monthly,19.0,Active
S05177,C05177,Professional,2026-04-23,,Monthly,49.0,Active
S05178,C05178,Basic,2025-06-21,,Monthly,19.0,Active
S05179,C05179,Business,2025-11-03,,Monthly,99.0,Active
S05180,C05180,Professional,2025-04-18,,Monthly,49.0,Active
S05181,C05181,Basic,2025-12-24,,Annual,16.15,Active
S05182,C05182,Professional,2025-11-04,2026-01-26,Annual,41.65,Cancelled
S05183,C05183,Professional,2026-04-14,,Monthly,49.0,Active
S05184,C05184,Basic,2026-01-20,,Monthly,19.0,Active
S05185,C05185,Professional,2025-02-02,,Monthly,49.0,Active
S05186,C05186,Professional,2025-11-25,,Monthly,49.0,Active
S05187,C05187,Basic,2025-03-07,,Monthly,19.0,Active
S05188,C05188,Professional,2025-10-07,,Monthly,49.0,Active
S05189,C05189,Basic,2025-10-09,2025-10-30,Monthly,19.0,Cancelled
S05190,C05190,Basic,2025-04-19,2026-01-18,Annual,16.15,Cancelled
S05191,C05191,Business,2025-03-01,,Annual,84.15,Active
S05192,C05192,Free,2025-07-11,,Annual,0.0,Active
S05193,C05193,Basic,2025-09-05,,Monthly,19.0,Active
S05194,C05194,Free,2026-03-21,,Monthly,0.0,Active
S05195,C05195,Basic,2025-04-20,,Annual,16.15,Active
S05196,C05196,Professional,2025-06-03,,Monthly,49.0,Active
S05197,C05197,Basic,2025-01-31,,Annual,16.15,Active
S05198,C05198,Business,2025-08-03,,Monthly,99.0,Active
S05199,C05199,Professional,2025-03-15,,Monthly,49.0,Active
S05200,C05200,Basic,2025-09-16,,Annual,16.15,Active
S05201,C05201,Free,2025-12-01,,Monthly,0.0,Active
S05202,C05202,Basic,2025-01-19,,Monthly,19.0,Active
S05203,C05203,Free,2025-02-02,,Annual,0.0,Active
S05204,C05204,Basic,2026-02-03,,Monthly,19.0,Active
S05205,C05205,Basic,2026-03-31,,Annual,16.15,Active
S05206,C05206,Basic,2025-11-21,2026-06-11,Monthly,19.0,Cancelled
S05207,C05207,Professional,2025-08-20,,Monthly,49.0,Active
S05208,C05208,Basic,2025-01-02,,Annual,16.15,Active
S05209,C05209,Business,2025-05-14,,Monthly,99.0,Active
S05210,C05210,Business,2025-05-05,,Annual,84.15,Active
S05211,C05211,Professional,2026-02-02,,Annual,41.65,Active
S05212,C05212,Free,2025-11-09,,Annual,0.0,Active
S05213,C05213,Business,2026-02-16,,Monthly,99.0,Active
S05214,C05214,Basic,2025-05-13,,Annual,16.15,Active
S05215,C05215,Professional,2025-08-23,,Monthly,49.0,Active
S05216,C05216,Business,2026-05-02,,Annual,84.15,Active
S05217,C05217,Business,2025-09-08,2026-05-04,Annual,84.15,Cancelled
S05218,C05218,Basic,2026-02-15,2026-03-22,Monthly,19.0,Cancelled
S05219,C05219,Basic,2025-11-06,,Annual,16.15,Active
S05220,C05220,Professional,2025-12-19,2026-01-17,Annual,41.65,Cancelled
S05221,C05221,Professional,2026-04-24,2026-06-09,Monthly,49.0,Cancelled
S05222,C05222,Basic,2026-04-21,2026-05-23,Annual,16.15,Cancelled
S05223,C05223,Professional,2025-01-16,,Monthly,49.0,Active
S05224,C05224,Basic,2025-04-21,2025-08-16,Monthly,19.0,Cancelled
S05225,C05225,Basic,2026-02-03,,Monthly,19.0,Active
S05226,C05226,Business,2025-04-04,,Monthly,99.0,Active
S05227,C05227,Professional,2025-06-18,,Annual,41.65,Active
S05228,C05228,Professional,2025-05-06,,Monthly,49.0,Active
S05229,C05229,Professional,2026-01-07,,Annual,41.65,Active
S05230,C05230,Professional,2025-02-22,,Annual,41.65,Active
S05231,C05231,Professional,2025-07-07,,Monthly,49.0,Active
S05232,C05232,Business,2025-01-26,,Monthly,99.0,Active
S05233,C05233,Business,2025-07-14,2025-08-31,Annual,84.15,Cancelled
S05234,C05234,Basic,2026-01-24,,Monthly,19.0,Active
S05235,C05235,Business,2025-03-03,,Monthly,99.0,Active
S05236,C05236,Free,2025-06-09,,Monthly,0.0,Active
S05237,C05237,Professional,2025-08-27,2025-10-02,Monthly,49.0,Cancelled
S05238,C05238,Basic,2025-01-27,,Monthly,19.0,Active
S05239,C05239,Professional,2025-06-26,,Monthly,49.0,Active
S05240,C05240,Professional,2025-12-01,,Monthly,49.0,Active
S05241,C05241,Business,2025-09-01,,Monthly,99.0,Active
S05242,C05242,Professional,2025-04-16,,Monthly,49.0,Active
S05243,C05243,Professional,2025-08-14,,Monthly,49.0,Active
S05244,C05244,Professional,2026-04-24,,Annual,41.65,Active
S05245,C05245,Professional,2025-08-13,,Monthly,49.0,Active
S05246,C05246,Professional,2025-07-01,,Monthly,49.0,Active
S05247,C05247,Basic,2025-05-02,,Monthly,19.0,Active
S05248,C05248,Basic,2025-12-20,2026-02-08,Monthly,19.0,Cancelled
S05249,C05249,Professional,2025-02-05,,Monthly,49.0,Active
S05250,C05250,Basic,2025-02-13,,Monthly,19.0,Active
S05251,C05251,Basic,2025-08-08,,Monthly,19.0,Active
S05252,C05252,Basic,2025-11-26,,Monthly,19.0,Active
S05253,C05253,Professional,2025-09-01,,Monthly,49.0,Active
S05254,C05254,Professional,2026-03-07,,Monthly,49.0,Active
S05255,C05255,Professional,2025-04-20,,Monthly,49.0,Active
S05256,C05256,Basic,2025-08-07,2025-08-30,Monthly,19.0,Cancelled
S05257,C05257,Professional,2025-07-22,,Monthly,49.0,Active
S05258,C05258,Professional,2025-10-12,,Monthly,49.0,Active
S05259,C05259,Professional,2025-11-19,,Monthly,49.0,Active
S05260,C05260,Professional,2025-09-27,,Annual,41.65,Active
S05261,C05261,Basic,2026-02-20,,Monthly,19.0,Active
S05262,C05262,Free,2025-11-10,,Monthly,0.0,Active
S05263,C05263,Professional,2025-05-28,,Annual,41.65,Active
S05264,C05264,Free,2025-01-15,,Monthly,0.0,Active
S05265,C05265,Professional,2025-03-28,,Annual,41.65,Active
S05266,C05266,Professional,2025-06-04,,Monthly,49.0,Active
S05267,C05267,Basic,2025-06-09,2025-12-27,Monthly,19.0,Cancelled
S05268,C05268,Professional,2025-05-01,2026-05-19,Monthly,49.0,Cancelled
S05269,C05269,Professional,2025-12-20,,Annual,41.65,Active
S05270,C05270,Professional,2026-05-05,,Monthly,49.0,Active
S05271,C05271,Basic,2025-12-23,,Monthly,19.0,Active
S05272,C05272,Business,2026-05-03,,Monthly,99.0,Active
S05273,C05273,Professional,2025-03-09,,Monthly,49.0,Active
S05274,C05274,Basic,2026-01-29,,Monthly,19.0,Active
S05275,C05275,Basic,2025-06-16,,Monthly,19.0,Active
S05276,C05276,Basic,2025-07-16,,Monthly,19.0,Active
S05277,C05277,Basic,2025-10-24,,Monthly,19.0,Active
S05278,C05278,Basic,2025-03-28,,Monthly,19.0,Active
S05279,C05279,Basic,2026-04-23,2026-06-11,Monthly,19.0,Cancelled
S05280,C05280,Professional,2025-12-05,2026-05-12,Annual,41.65,Cancelled
S05281,C05281,Basic,2025-05-28,2026-03-11,Monthly,19.0,Cancelled
S05282,C05282,Business,2025-03-12,,Monthly,99.0,Active
S05283,C05283,Professional,2025-10-31,,Monthly,49.0,Active
S05284,C05284,Professional,2025-07-05,,Monthly,49.0,Active
S05285,C05285,Professional,2025-07-05,,Annual,41.65,Active
S05286,C05286,Basic,2026-03-04,,Monthly,19.0,Active
S05287,C05287,Professional,2026-03-23,2026-05-31,Monthly,49.0,Cancelled
S05288,C05288,Professional,2026-04-01,2026-05-06,Monthly,49.0,Cancelled
S05289,C05289,Basic,2026-03-09,,Monthly,19.0,Active
S05290,C05290,Basic,2025-04-15,,Monthly,19.0,Active
S05291,C05291,Professional,2025-07-06,,Annual,41.65,Active
S05292,C05292,Basic,2025-07-15,2026-05-31,Annual,16.15,Cancelled
S05293,C05293,Basic,2026-01-23,,Monthly,19.0,Active
S05294,C05294,Professional,2026-01-20,,Annual,41.65,Active
S05295,C05295,Professional,2025-07-02,2026-05-08,Monthly,49.0,Cancelled
S05296,C05296,Professional,2025-11-09,,Monthly,49.0,Active
S05297,C05297,Professional,2026-03-09,,Monthly,49.0,Active
S05298,C05298,Basic,2025-12-02,,Monthly,19.0,Active
S05299,C05299,Basic,2025-09-23,,Monthly,19.0,Active
S05300,C05300,Free,2026-02-03,,Monthly,0.0,Active
S05301,C05301,Professional,2026-01-12,,Annual,41.65,Active
S05302,C05302,Basic,2025-04-22,,Monthly,19.0,Active
S05303,C05303,Basic,2025-07-31,,Monthly,19.0,Active
S05304,C05304,Basic,2026-04-26,2026-06-02,Monthly,19.0,Cancelled
S05305,C05305,Business,2025-04-28,,Annual,84.15,Active
S05306,C05306,Professional,2025-12-06,,Monthly,49.0,Active
S05307,C05307,Free,2026-04-04,,Monthly,0.0,Active
S05308,C05308,Basic,2026-02-05,2026-03-21,Annual,16.15,Cancelled
S05309,C05309,Basic,2026-01-16,,Monthly,19.0,Active
S05310,C05310,Basic,2025-10-17,,Monthly,19.0,Active
S05311,C05311,Business,2025-10-12,2026-05-02,Monthly,99.0,Cancelled
S05312,C05312,Professional,2026-02-28,,Monthly,49.0,Active
S05313,C05313,Basic,2026-03-31,,Monthly,19.0,Active
S05314,C05314,Professional,2025-05-20,,Monthly,49.0,Active
S05315,C05315,Basic,2025-04-06,,Monthly,19.0,Active
S05316,C05316,Basic,2025-03-19,,Annual,16.15,Active
S05317,C05317,Basic,2026-01-21,,Monthly,19.0,Active
S05318,C05318,Professional,2025-01-03,,Annual,41.65,Active
S05319,C05319,Basic,2025-08-02,,Monthly,19.0,Active
S05320,C05320,Business,2026-02-25,,Monthly,99.0,Active
S05321,C05321,Basic,2025-06-08,,Annual,16.15,Active
S05322,C05322,Professional,2025-07-14,,Monthly,49.0,Active
S05323,C05323,Professional,2025-06-14,,Monthly,49.0,Active
S05324,C05324,Basic,2025-03-02,,Monthly,19.0,Active
S05325,C05325,Basic,2026-05-13,,Annual,16.15,Active
S05326,C05326,Professional,2025-01-20,,Annual,41.65,Active
S05327,C05327,Professional,2025-10-14,,Monthly,49.0,Active
S05328,C05328,Professional,2025-01-20,,Monthly,49.0,Active
S05329,C05329,Free,2025-06-25,,Annual,0.0,Active
S05330,C05330,Basic,2025-03-31,2025-12-03,Monthly,19.0,Cancelled
S05331,C05331,Professional,2026-03-17,,Monthly,49.0,Active
S05332,C05332,Basic,2025-05-30,,Annual,16.15,Active
S05333,C05333,Basic,2026-05-14,,Monthly,19.0,Active
S05334,C05334,Basic,2025-09-19,,Monthly,19.0,Active
S05335,C05335,Basic,2025-02-03,,Annual,16.15,Active
S05336,C05336,Professional,2025-08-14,,Annual,41.65,Active
S05337,C05337,Basic,2025-10-22,,Annual,16.15,Active
S05338,C05338,Professional,2025-01-04,2025-10-09,Monthly,49.0,Cancelled
S05339,C05339,Business,2026-02-02,,Annual,84.15,Active
S05340,C05340,Basic,2025-04-04,2025-08-27,Monthly,19.0,Cancelled
S05341,C05341,Professional,2025-10-08,,Monthly,49.0,Active
S05342,C05342,Professional,2026-04-12,2026-06-17,Monthly,49.0,Cancelled
S05343,C05343,Business,2026-01-20,,Monthly,99.0,Active
S05344,C05344,Basic,2025-02-10,,Monthly,19.0,Active
S05345,C05345,Business,2026-04-04,,Monthly,99.0,Active
S05346,C05346,Free,2025-01-02,,Monthly,0.0,Active
S05347,C05347,Free,2025-05-26,,Monthly,0.0,Active
S05348,C05348,Basic,2025-05-16,,Monthly,19.0,Active
S05349,C05349,Professional,2025-08-28,,Monthly,49.0,Active
S05350,C05350,Professional,2026-03-14,,Monthly,49.0,Active
S05351,C05351,Basic,2025-04-11,,Monthly,19.0,Active
S05352,C05352,Professional,2025-11-09,,Monthly,49.0,Active
S05353,C05353,Professional,2025-07-12,,Monthly,49.0,Active
S05354,C05354,Business,2025-03-04,,Monthly,99.0,Active
S05355,C05355,Professional,2025-05-09,,Monthly,49.0,Active
S05356,C05356,Basic,2025-02-28,2025-04-28,Monthly,19.0,Cancelled
S05357,C05357,Basic,2026-02-12,2026-06-30,Annual,16.15,Cancelled
S05358,C05358,Professional,2025-11-23,2026-01-18,Monthly,49.0,Cancelled
S05359,C05359,Business,2026-02-12,,Monthly,99.0,Active
S05360,C05360,Professional,2025-12-27,,Annual,41.65,Active
S05361,C05361,Business,2025-05-19,,Monthly,99.0,Active
S05362,C05362,Professional,2025-12-31,2026-04-06,Monthly,49.0,Cancelled
S05363,C05363,Professional,2025-03-02,2025-12-31,Annual,41.65,Cancelled
S05364,C05364,Business,2026-05-14,,Monthly,99.0,Active
S05365,C05365,Professional,2025-03-10,,Monthly,49.0,Active
S05366,C05366,Basic,2025-10-17,,Monthly,19.0,Active
S05367,C05367,Free,2025-04-06,,Monthly,0.0,Active
S05368,C05368,Professional,2025-01-02,,Monthly,49.0,Active
S05369,C05369,Basic,2025-06-05,2025-10-31,Annual,16.15,Cancelled
S05370,C05370,Business,2026-04-25,2026-05-21,Annual,84.15,Cancelled
S05371,C05371,Basic,2025-08-04,,Monthly,19.0,Active
S05372,C05372,Professional,2025-09-18,,Annual,41.65,Active
S05373,C05373,Professional,2025-05-14,,Annual,41.65,Active
S05374,C05374,Professional,2026-03-21,,Monthly,49.0,Active
S05375,C05375,Basic,2026-05-10,,Monthly,19.0,Active
S05376,C05376,Professional,2025-05-16,,Monthly,49.0,Active
S05377,C05377,Professional,2025-03-28,,Annual,41.65,Active
S05378,C05378,Basic,2025-09-06,,Annual,16.15,Active
S05379,C05379,Business,2025-08-02,,Monthly,99.0,Active
S05380,C05380,Free,2025-11-03,,Annual,0.0,Active
S05381,C05381,Basic,2025-07-15,2025-09-25,Annual,16.15,Cancelled
S05382,C05382,Free,2026-04-02,,Monthly,0.0,Active
S05383,C05383,Business,2025-05-03,2025-07-21,Monthly,99.0,Cancelled
S05384,C05384,Professional,2025-09-25,,Monthly,49.0,Active
S05385,C05385,Professional,2026-04-23,,Monthly,49.0,Active
S05386,C05386,Professional,2025-09-02,,Monthly,49.0,Active
S05387,C05387,Business,2025-12-22,2026-05-27,Annual,84.15,Cancelled
S05388,C05388,Professional,2025-06-18,,Monthly,49.0,Active
S05389,C05389,Basic,2025-11-30,,Annual,16.15,Active
S05390,C05390,Professional,2026-04-07,,Monthly,49.0,Active
S05391,C05391,Professional,2025-07-16,2026-04-12,Annual,41.65,Cancelled
S05392,C05392,Basic,2025-12-04,2026-06-10,Monthly,19.0,Cancelled
S05393,C05393,Free,2025-01-10,,Annual,0.0,Active
S05394,C05394,Business,2025-06-30,,Annual,84.15,Active
S05395,C05395,Professional,2025-06-14,,Monthly,49.0,Active
S05396,C05396,Business,2025-06-17,,Monthly,99.0,Active
S05397,C05397,Professional,2026-01-20,,Annual,41.65,Active
S05398,C05398,Basic,2025-11-22,2026-01-09,Monthly,19.0,Cancelled
S05399,C05399,Basic,2025-08-08,,Monthly,19.0,Active
S05400,C05400,Basic,2025-07-05,,Monthly,19.0,Active
S05401,C05401,Professional,2025-06-05,,Monthly,49.0,Active
S05402,C05402,Basic,2026-03-08,,Monthly,19.0,Active
S05403,C05403,Business,2025-04-29,,Annual,84.15,Active
S05404,C05404,Basic,2025-04-14,,Monthly,19.0,Active
S05405,C05405,Basic,2026-01-22,,Monthly,19.0,Active
S05406,C05406,Professional,2025-02-27,,Monthly,49.0,Active
S05407,C05407,Free,2025-07-14,,Annual,0.0,Active
S05408,C05408,Professional,2025-12-28,,Annual,41.65,Active
S05409,C05409,Basic,2025-01-19,,Monthly,19.0,Active
S05410,C05410,Professional,2025-03-15,,Annual,41.65,Active
S05411,C05411,Basic,2026-03-28,,Monthly,19.0,Active
S05412,C05412,Basic,2025-02-04,,Monthly,19.0,Active
S05413,C05413,Professional,2025-11-24,,Monthly,49.0,Active
S05414,C05414,Business,2025-11-02,,Monthly,99.0,Active
S05415,C05415,Professional,2025-12-23,,Monthly,49.0,Active
S05416,C05416,Basic,2025-10-25,,Monthly,19.0,Active
S05417,C05417,Professional,2025-02-22,,Monthly,49.0,Active
S05418,C05418,Basic,2025-04-02,,Monthly,19.0,Active
S05419,C05419,Professional,2025-06-11,2026-04-14,Monthly,49.0,Cancelled
S05420,C05420,Business,2025-03-06,,Monthly,99.0,Active
S05421,C05421,Basic,2025-11-17,,Monthly,19.0,Active
S05422,C05422,Basic,2025-12-12,,Monthly,19.0,Active
S05423,C05423,Professional,2026-03-05,2026-03-26,Monthly,49.0,Cancelled
S05424,C05424,Professional,2025-10-23,,Monthly,49.0,Active
S05425,C05425,Basic,2026-04-26,,Monthly,19.0,Active
S05426,C05426,Basic,2025-05-14,2026-01-07,Monthly,19.0,Cancelled
S05427,C05427,Professional,2025-05-21,,Monthly,49.0,Active
S05428,C05428,Basic,2025-11-28,,Monthly,19.0,Active
S05429,C05429,Basic,2026-01-29,2026-05-05,Annual,16.15,Cancelled
S05430,C05430,Business,2025-02-02,,Monthly,99.0,Active
S05431,C05431,Professional,2025-10-11,,Annual,41.65,Active
S05432,C05432,Professional,2025-04-08,,Monthly,49.0,Active
S05433,C05433,Professional,2025-05-24,,Monthly,49.0,Active
S05434,C05434,Business,2026-04-01,,Annual,84.15,Active
S05435,C05435,Professional,2025-08-25,,Annual,41.65,Active
S05436,C05436,Free,2025-02-17,,Annual,0.0,Active
S05437,C05437,Professional,2025-03-29,,Monthly,49.0,Active
S05438,C05438,Professional,2026-03-11,,Monthly,49.0,Active
S05439,C05439,Basic,2025-08-28,,Monthly,19.0,Active
S05440,C05440,Basic,2026-01-09,,Monthly,19.0,Active
S05441,C05441,Basic,2025-04-07,,Monthly,19.0,Active
S05442,C05442,Professional,2025-02-04,2025-03-02,Monthly,49.0,Cancelled
S05443,C05443,Basic,2025-12-03,,Monthly,19.0,Active
S05444,C05444,Basic,2025-12-17,,Monthly,19.0,Active
S05445,C05445,Professional,2025-06-09,2026-02-17,Monthly,49.0,Cancelled
S05446,C05446,Professional,2025-10-08,,Annual,41.65,Active
S05447,C05447,Basic,2026-04-27,2026-06-11,Monthly,19.0,Cancelled
S05448,C05448,Professional,2025-04-29,,Annual,41.65,Active
S05449,C05449,Professional,2025-12-07,,Monthly,49.0,Active
S05450,C05450,Basic,2025-09-24,2026-03-13,Monthly,19.0,Cancelled
S05451,C05451,Business,2025-03-06,,Annual,84.15,Active
S05452,C05452,Basic,2026-01-09,,Monthly,19.0,Active
S05453,C05453,Professional,2026-02-10,,Monthly,49.0,Active
S05454,C05454,Professional,2025-12-18,,Monthly,49.0,Active
S05455,C05455,Business,2025-01-18,,Monthly,99.0,Active
S05456,C05456,Basic,2026-03-21,2026-04-26,Annual,16.15,Cancelled
S05457,C05457,Professional,2025-05-01,,Annual,41.65,Active
S05458,C05458,Free,2026-02-20,,Annual,0.0,Active
S05459,C05459,Free,2025-02-12,,Monthly,0.0,Active
S05460,C05460,Professional,2025-12-09,2026-05-10,Monthly,49.0,Cancelled
S05461,C05461,Professional,2025-10-02,,Annual,41.65,Active
S05462,C05462,Business,2025-08-01,,Monthly,99.0,Active
S05463,C05463,Basic,2025-08-03,,Monthly,19.0,Active
S05464,C05464,Basic,2025-11-26,,Monthly,19.0,Active
S05465,C05465,Professional,2025-07-06,,Monthly,49.0,Active
S05466,C05466,Professional,2025-12-30,,Monthly,49.0,Active
S05467,C05467,Professional,2025-05-19,,Monthly,49.0,Active
S05468,C05468,Basic,2025-03-08,,Monthly,19.0,Active
S05469,C05469,Basic,2025-11-11,2026-02-12,Monthly,19.0,Cancelled
S05470,C05470,Basic,2025-05-11,2025-07-31,Monthly,19.0,Cancelled
S05471,C05471,Professional,2025-02-11,,Monthly,49.0,Active
S05472,C05472,Business,2025-08-30,,Annual,84.15,Active
S05473,C05473,Business,2025-06-18,,Monthly,99.0,Active
S05474,C05474,Business,2026-03-22,2026-04-24,Monthly,99.0,Cancelled
S05475,C05475,Professional,2025-10-12,,Monthly,49.0,Active
S05476,C05476,Professional,2025-08-03,,Monthly,49.0,Active
S05477,C05477,Basic,2026-03-01,2026-04-27,Monthly,19.0,Cancelled
S05478,C05478,Basic,2025-03-06,,Monthly,19.0,Active
S05479,C05479,Free,2025-04-15,,Monthly,0.0,Active
S05480,C05480,Basic,2025-08-28,,Monthly,19.0,Active
S05481,C05481,Basic,2025-02-24,,Monthly,19.0,Active
S05482,C05482,Professional,2025-12-24,,Annual,41.65,Active
S05483,C05483,Professional,2026-03-30,,Annual,41.65,Active
S05484,C05484,Professional,2025-06-10,2025-07-10,Monthly,49.0,Cancelled
S05485,C05485,Basic,2026-02-15,,Monthly,19.0,Active
S05486,C05486,Basic,2025-04-16,2025-09-18,Monthly,19.0,Cancelled
S05487,C05487,Professional,2026-03-09,2026-04-01,Monthly,49.0,Cancelled
S05488,C05488,Professional,2025-02-13,2026-03-11,Monthly,49.0,Cancelled
S05489,C05489,Professional,2025-01-09,,Annual,41.65,Active
S05490,C05490,Professional,2026-04-21,,Monthly,49.0,Active
S05491,C05491,Professional,2025-02-02,2025-04-27,Monthly,49.0,Cancelled
S05492,C05492,Basic,2026-04-05,2026-04-30,Monthly,19.0,Cancelled
S05493,C05493,Basic,2026-03-26,,Monthly,19.0,Active
S05494,C05494,Professional,2025-03-14,,Monthly,49.0,Active
S05495,C05495,Basic,2025-12-24,,Annual,16.15,Active
S05496,C05496,Business,2025-10-23,,Monthly,99.0,Active
S05497,C05497,Basic,2025-01-29,,Annual,16.15,Active
S05498,C05498,Free,2025-05-19,,Monthly,0.0,Active
S05499,C05499,Basic,2026-01-11,,Annual,16.15,Active
S05500,C05500,Professional,2025-01-20,,Monthly,49.0,Active
S05501,C05501,Professional,2025-05-14,2026-02-11,Monthly,49.0,Cancelled
S05502,C05502,Basic,2025-11-30,,Monthly,19.0,Active
S05503,C05503,Basic,2026-01-19,,Monthly,19.0,Active
S05504,C05504,Basic,2026-04-03,,Monthly,19.0,Active
S05505,C05505,Professional,2025-02-14,,Monthly,49.0,Active
S05506,C05506,Professional,2025-02-03,,Monthly,49.0,Active
S05507,C05507,Professional,2026-05-02,,Annual,41.65,Active
S05508,C05508,Professional,2025-01-19,,Monthly,49.0,Active
S05509,C05509,Basic,2026-02-06,2026-06-13,Annual,16.15,Cancelled
S05510,C05510,Professional,2025-08-27,,Monthly,49.0,Active
S05511,C05511,Basic,2026-01-17,2026-02-07,Annual,16.15,Cancelled
S05512,C05512,Professional,2025-11-30,,Annual,41.65,Active
S05513,C05513,Basic,2026-02-09,2026-03-24,Monthly,19.0,Cancelled
S05514,C05514,Free,2025-11-25,,Monthly,0.0,Active
S05515,C05515,Free,2025-12-28,,Annual,0.0,Active
S05516,C05516,Basic,2026-04-28,,Monthly,19.0,Active
S05517,C05517,Professional,2025-12-08,,Monthly,49.0,Active
S05518,C05518,Business,2026-01-05,,Monthly,99.0,Active
S05519,C05519,Basic,2025-10-05,2026-03-18,Monthly,19.0,Cancelled
S05520,C05520,Free,2025-08-17,,Monthly,0.0,Active
S05521,C05521,Professional,2026-02-20,,Annual,41.65,Active
S05522,C05522,Business,2026-02-24,,Annual,84.15,Active
S05523,C05523,Professional,2025-10-09,,Monthly,49.0,Active
S05524,C05524,Professional,2026-04-03,,Monthly,49.0,Active
S05525,C05525,Basic,2026-03-04,,Annual,16.15,Active
S05526,C05526,Basic,2026-04-14,2026-06-17,Monthly,19.0,Cancelled
S05527,C05527,Professional,2025-02-22,,Monthly,49.0,Active
S05528,C05528,Basic,2025-05-23,,Annual,16.15,Active
S05529,C05529,Business,2025-09-17,,Monthly,99.0,Active
S05530,C05530,Business,2025-03-31,,Annual,84.15,Active
S05531,C05531,Basic,2025-10-07,,Monthly,19.0,Active
S05532,C05532,Professional,2025-02-20,,Monthly,49.0,Active
S05533,C05533,Free,2025-11-26,,Annual,0.0,Active
S05534,C05534,Basic,2025-08-05,,Monthly,19.0,Active
S05535,C05535,Professional,2025-04-06,,Monthly,49.0,Active
S05536,C05536,Professional,2025-12-30,,Annual,41.65,Active
S05537,C05537,Basic,2025-07-07,,Annual,16.15,Active
S05538,C05538,Professional,2025-09-01,,Annual,41.65,Active
S05539,C05539,Basic,2025-05-04,,Monthly,19.0,Active
S05540,C05540,Professional,2025-03-24,,Monthly,49.0,Active
S05541,C05541,Professional,2026-01-31,,Annual,41.65,Active
S05542,C05542,Basic,2025-03-29,2025-08-15,Monthly,19.0,Cancelled
S05543,C05543,Free,2025-05-21,,Monthly,0.0,Active
S05544,C05544,Free,2026-03-04,,Monthly,0.0,Active
S05545,C05545,Basic,2025-02-11,,Monthly,19.0,Active
S05546,C05546,Professional,2025-05-09,,Annual,41.65,Active
S05547,C05547,Free,2025-05-20,2025-07-02,Annual,0.0,Cancelled
S05548,C05548,Business,2026-03-15,,Monthly,99.0,Active
S05549,C05549,Professional,2026-05-09,,Monthly,49.0,Active
S05550,C05550,Basic,2025-01-20,,Annual,16.15,Active
S05551,C05551,Professional,2025-06-28,,Monthly,49.0,Active
S05552,C05552,Professional,2025-11-12,,Monthly,49.0,Active
S05553,C05553,Professional,2026-04-27,,Monthly,49.0,Active
S05554,C05554,Business,2026-01-11,2026-05-02,Monthly,99.0,Cancelled
S05555,C05555,Free,2025-06-12,,Monthly,0.0,Active
S05556,C05556,Professional,2026-03-18,,Annual,41.65,Active
S05557,C05557,Free,2025-10-14,,Monthly,0.0,Active
S05558,C05558,Professional,2025-08-01,,Monthly,49.0,Active
S05559,C05559,Basic,2026-02-06,2026-03-15,Monthly,19.0,Cancelled
S05560,C05560,Business,2025-04-01,,Monthly,99.0,Active
S05561,C05561,Professional,2025-07-29,,Annual,41.65,Active
S05562,C05562,Professional,2025-12-03,,Annual,41.65,Active
S05563,C05563,Basic,2026-02-18,,Monthly,19.0,Active
S05564,C05564,Basic,2025-03-09,,Monthly,19.0,Active
S05565,C05565,Professional,2025-12-11,,Monthly,49.0,Active
S05566,C05566,Professional,2026-02-18,,Monthly,49.0,Active
S05567,C05567,Basic,2025-04-14,,Monthly,19.0,Active
S05568,C05568,Free,2026-05-16,,Monthly,0.0,Active
S05569,C05569,Basic,2025-05-27,,Monthly,19.0,Active
S05570,C05570,Basic,2025-12-18,,Monthly,19.0,Active
S05571,C05571,Professional,2026-04-02,,Monthly,49.0,Active
S05572,C05572,Professional,2025-02-24,,Annual,41.65,Active
S05573,C05573,Basic,2025-06-27,,Monthly,19.0,Active
S05574,C05574,Basic,2026-05-09,,Annual,16.15,Active
S05575,C05575,Business,2026-03-22,,Annual,84.15,Active
S05576,C05576,Business,2025-04-04,,Monthly,99.0,Active
S05577,C05577,Free,2025-07-04,,Monthly,0.0,Active
S05578,C05578,Free,2025-07-25,,Monthly,0.0,Active
S05579,C05579,Professional,2025-07-21,,Annual,41.65,Active
S05580,C05580,Basic,2025-04-06,2025-10-17,Monthly,19.0,Cancelled
S05581,C05581,Business,2026-03-22,,Annual,84.15,Active
S05582,C05582,Basic,2025-10-02,,Monthly,19.0,Active
S05583,C05583,Basic,2025-12-10,,Monthly,19.0,Active
S05584,C05584,Professional,2026-02-11,,Monthly,49.0,Active
S05585,C05585,Professional,2025-06-16,2025-12-18,Annual,41.65,Cancelled
S05586,C05586,Professional,2025-06-15,2025-08-26,Monthly,49.0,Cancelled
S05587,C05587,Basic,2025-04-11,2025-05-17,Monthly,19.0,Cancelled
S05588,C05588,Professional,2025-01-01,,Monthly,49.0,Active
S05589,C05589,Professional,2025-07-27,,Monthly,49.0,Active
S05590,C05590,Professional,2026-02-23,2026-05-09,Monthly,49.0,Cancelled
S05591,C05591,Basic,2026-01-20,,Monthly,19.0,Active
S05592,C05592,Basic,2025-04-11,,Monthly,19.0,Active
S05593,C05593,Basic,2025-10-08,,Monthly,19.0,Active
S05594,C05594,Business,2026-02-05,,Monthly,99.0,Active
S05595,C05595,Basic,2025-07-07,2025-08-23,Monthly,19.0,Cancelled
S05596,C05596,Business,2025-06-02,,Monthly,99.0,Active
S05597,C05597,Free,2025-12-27,,Monthly,0.0,Active
S05598,C05598,Professional,2026-03-20,2026-06-07,Monthly,49.0,Cancelled
S05599,C05599,Free,2025-03-07,2025-09-29,Monthly,0.0,Cancelled
S05600,C05600,Professional,2025-03-10,,Monthly,49.0,Active
S05601,C05601,Business,2025-12-09,,Monthly,99.0,Active
S05602,C05602,Basic,2026-03-06,,Monthly,19.0,Active
S05603,C05603,Professional,2026-02-21,,Annual,41.65,Active
S05604,C05604,Basic,2026-04-08,,Annual,16.15,Active
S05605,C05605,Professional,2025-09-17,,Monthly,49.0,Active
S05606,C05606,Basic,2026-04-07,,Annual,16.15,Active
S05607,C05607,Basic,2026-04-17,,Monthly,19.0,Active
S05608,C05608,Basic,2025-08-25,,Monthly,19.0,Active
S05609,C05609,Professional,2025-01-27,2025-06-04,Monthly,49.0,Cancelled
S05610,C05610,Business,2025-03-27,,Monthly,99.0,Active
S05611,C05611,Professional,2025-07-06,,Monthly,49.0,Active
S05612,C05612,Basic,2025-01-23,,Monthly,19.0,Active
S05613,C05613,Basic,2026-04-01,,Monthly,19.0,Active
S05614,C05614,Professional,2025-08-27,,Monthly,49.0,Active
S05615,C05615,Basic,2026-03-19,,Monthly,19.0,Active
S05616,C05616,Professional,2025-11-29,,Monthly,49.0,Active
S05617,C05617,Professional,2025-03-09,,Annual,41.65,Active
S05618,C05618,Professional,2025-06-16,,Annual,41.65,Active
S05619,C05619,Free,2025-04-18,,Annual,0.0,Active
S05620,C05620,Business,2025-12-26,2026-03-22,Annual,84.15,Cancelled
S05621,C05621,Basic,2025-01-27,,Annual,16.15,Active
S05622,C05622,Free,2025-12-03,,Monthly,0.0,Active
S05623,C05623,Free,2025-04-13,,Monthly,0.0,Active
S05624,C05624,Basic,2026-05-10,,Annual,16.15,Active
S05625,C05625,Basic,2025-05-15,2025-10-18,Annual,16.15,Cancelled
S05626,C05626,Basic,2026-04-13,2026-06-17,Monthly,19.0,Cancelled
S05627,C05627,Professional,2026-01-17,2026-02-18,Monthly,49.0,Cancelled
S05628,C05628,Professional,2026-02-12,,Monthly,49.0,Active
S05629,C05629,Basic,2025-01-05,,Monthly,19.0,Active
S05630,C05630,Free,2025-09-30,,Monthly,0.0,Active
S05631,C05631,Business,2025-10-31,2026-05-26,Monthly,99.0,Cancelled
S05632,C05632,Professional,2025-12-05,,Monthly,49.0,Active
S05633,C05633,Free,2025-03-30,,Monthly,0.0,Active
S05634,C05634,Business,2025-06-14,,Monthly,99.0,Active
S05635,C05635,Business,2025-07-13,,Monthly,99.0,Active
S05636,C05636,Basic,2026-04-20,,Monthly,19.0,Active
S05637,C05637,Business,2025-12-12,,Annual,84.15,Active
S05638,C05638,Basic,2025-07-24,2026-04-11,Monthly,19.0,Cancelled
S05639,C05639,Basic,2025-02-16,,Monthly,19.0,Active
S05640,C05640,Basic,2025-06-21,,Monthly,19.0,Active
S05641,C05641,Basic,2025-10-19,,Monthly,19.0,Active
S05642,C05642,Basic,2025-12-19,,Monthly,19.0,Active
S05643,C05643,Basic,2025-10-01,,Monthly,19.0,Active
S05644,C05644,Business,2026-01-30,,Monthly,99.0,Active
S05645,C05645,Professional,2025-09-14,,Monthly,49.0,Active
S05646,C05646,Professional,2026-03-20,,Monthly,49.0,Active
S05647,C05647,Basic,2026-02-26,2026-05-07,Monthly,19.0,Cancelled
S05648,C05648,Professional,2025-08-22,,Monthly,49.0,Active
S05649,C05649,Professional,2025-04-05,,Monthly,49.0,Active
S05650,C05650,Free,2026-01-22,,Monthly,0.0,Active
S05651,C05651,Basic,2026-02-20,,Monthly,19.0,Active
S05652,C05652,Professional,2026-02-11,,Annual,41.65,Active
S05653,C05653,Professional,2025-08-30,,Monthly,49.0,Active
S05654,C05654,Basic,2026-03-21,,Monthly,19.0,Active
S05655,C05655,Basic,2026-03-29,2026-04-25,Monthly,19.0,Cancelled
S05656,C05656,Basic,2025-05-28,,Monthly,19.0,Active
S05657,C05657,Professional,2025-03-17,,Monthly,49.0,Active
S05658,C05658,Business,2026-03-14,,Monthly,99.0,Active
S05659,C05659,Basic,2025-11-14,,Monthly,19.0,Active
S05660,C05660,Professional,2025-08-09,,Monthly,49.0,Active
S05661,C05661,Basic,2025-03-30,,Monthly,19.0,Active
S05662,C05662,Basic,2026-02-24,,Annual,16.15,Active
S05663,C05663,Professional,2025-07-17,,Annual,41.65,Active
S05664,C05664,Professional,2026-01-04,,Monthly,49.0,Active
S05665,C05665,Business,2025-05-13,2025-07-23,Monthly,99.0,Cancelled
S05666,C05666,Professional,2025-02-14,,Annual,41.65,Active
S05667,C05667,Business,2025-12-06,,Monthly,99.0,Active
S05668,C05668,Business,2025-06-18,,Monthly,99.0,Active
S05669,C05669,Professional,2025-06-04,,Annual,41.65,Active
S05670,C05670,Professional,2025-02-18,,Monthly,49.0,Active
S05671,C05671,Business,2025-10-21,,Monthly,99.0,Active
S05672,C05672,Basic,2026-01-18,,Monthly,19.0,Active
S05673,C05673,Basic,2025-01-01,,Monthly,19.0,Active
S05674,C05674,Basic,2026-02-18,,Monthly,19.0,Active
S05675,C05675,Free,2025-09-02,,Monthly,0.0,Active
S05676,C05676,Professional,2025-03-03,,Monthly,49.0,Active
S05677,C05677,Basic,2025-12-01,2026-05-21,Monthly,19.0,Cancelled
S05678,C05678,Business,2025-08-13,,Monthly,99.0,Active
S05679,C05679,Free,2025-12-16,,Monthly,0.0,Active
S05680,C05680,Business,2026-03-18,,Monthly,99.0,Active
S05681,C05681,Basic,2025-01-10,,Monthly,19.0,Active
S05682,C05682,Professional,2026-01-21,,Monthly,49.0,Active
S05683,C05683,Professional,2025-05-08,2026-02-12,Monthly,49.0,Cancelled
S05684,C05684,Business,2026-01-18,,Monthly,99.0,Active
S05685,C05685,Professional,2025-09-26,,Annual,41.65,Active
S05686,C05686,Basic,2025-10-15,2026-03-18,Monthly,19.0,Cancelled
S05687,C05687,Professional,2026-03-05,,Annual,41.65,Active
S05688,C05688,Basic,2025-05-30,,Monthly,19.0,Active
S05689,C05689,Basic,2025-10-25,,Monthly,19.0,Active
S05690,C05690,Basic,2025-12-26,,Monthly,19.0,Active
S05691,C05691,Business,2025-12-22,,Monthly,99.0,Active
S05692,C05692,Professional,2025-08-04,,Monthly,49.0,Active
S05693,C05693,Professional,2026-04-02,,Monthly,49.0,Active
S05694,C05694,Free,2026-05-13,,Monthly,0.0,Active
S05695,C05695,Basic,2025-07-25,2026-04-26,Annual,16.15,Cancelled
S05696,C05696,Business,2026-03-08,,Monthly,99.0,Active
S05697,C05697,Professional,2025-09-07,,Monthly,49.0,Active
S05698,C05698,Basic,2025-06-24,,Monthly,19.0,Active
S05699,C05699,Professional,2026-01-17,,Monthly,49.0,Active
S05700,C05700,Basic,2025-07-23,,Annual,16.15,Active
S05701,C05701,Business,2025-01-23,,Monthly,99.0,Active
S05702,C05702,Basic,2025-06-09,,Annual,16.15,Active
S05703,C05703,Professional,2025-05-17,2025-09-13,Monthly,49.0,Cancelled
S05704,C05704,Professional,2025-09-09,,Annual,41.65,Active
S05705,C05705,Professional,2026-04-27,,Monthly,49.0,Active
S05706,C05706,Professional,2025-12-23,,Monthly,49.0,Active
S05707,C05707,Professional,2025-07-21,2025-10-25,Monthly,49.0,Cancelled
S05708,C05708,Business,2025-02-23,,Annual,84.15,Active
S05709,C05709,Basic,2025-12-25,,Monthly,19.0,Active
S05710,C05710,Professional,2025-11-06,,Monthly,49.0,Active
S05711,C05711,Professional,2025-09-03,,Monthly,49.0,Active
S05712,C05712,Basic,2025-11-16,,Annual,16.15,Active
S05713,C05713,Professional,2025-11-01,,Monthly,49.0,Active
S05714,C05714,Basic,2025-12-21,2026-02-28,Annual,16.15,Cancelled
S05715,C05715,Professional,2025-07-08,,Monthly,49.0,Active
S05716,C05716,Business,2026-03-20,,Annual,84.15,Active
S05717,C05717,Basic,2025-02-26,,Annual,16.15,Active
S05718,C05718,Professional,2025-11-21,,Monthly,49.0,Active
S05719,C05719,Professional,2026-04-10,,Annual,41.65,Active
S05720,C05720,Professional,2025-08-19,,Monthly,49.0,Active
S05721,C05721,Free,2026-04-10,,Monthly,0.0,Active
S05722,C05722,Basic,2025-04-22,2025-12-29,Monthly,19.0,Cancelled
S05723,C05723,Basic,2025-03-27,,Monthly,19.0,Active
S05724,C05724,Professional,2025-01-28,,Monthly,49.0,Active
S05725,C05725,Business,2025-11-13,,Monthly,99.0,Active
S05726,C05726,Professional,2026-04-27,2026-06-04,Monthly,49.0,Cancelled
S05727,C05727,Professional,2025-10-25,,Monthly,49.0,Active
S05728,C05728,Basic,2025-03-10,,Annual,16.15,Active
S05729,C05729,Professional,2025-04-06,,Monthly,49.0,Active
S05730,C05730,Free,2025-09-13,,Monthly,0.0,Active
S05731,C05731,Business,2025-04-06,,Monthly,99.0,Active
S05732,C05732,Basic,2025-07-07,,Monthly,19.0,Active
S05733,C05733,Professional,2026-02-22,,Annual,41.65,Active
S05734,C05734,Professional,2026-02-02,,Monthly,49.0,Active
S05735,C05735,Professional,2025-04-05,2026-03-05,Annual,41.65,Cancelled
S05736,C05736,Business,2025-09-04,2026-05-12,Monthly,99.0,Cancelled
S05737,C05737,Professional,2025-03-29,,Monthly,49.0,Active
S05738,C05738,Professional,2025-05-04,,Monthly,49.0,Active
S05739,C05739,Basic,2025-03-10,,Monthly,19.0,Active
S05740,C05740,Basic,2025-01-31,,Monthly,19.0,Active
S05741,C05741,Professional,2025-09-21,,Monthly,49.0,Active
S05742,C05742,Business,2025-12-31,,Monthly,99.0,Active
S05743,C05743,Professional,2025-03-15,,Monthly,49.0,Active
S05744,C05744,Professional,2026-01-12,2026-06-13,Monthly,49.0,Cancelled
S05745,C05745,Basic,2026-03-31,,Monthly,19.0,Active
S05746,C05746,Free,2025-08-28,2026-03-14,Monthly,0.0,Cancelled
S05747,C05747,Basic,2026-03-07,,Monthly,19.0,Active
S05748,C05748,Free,2026-03-11,2026-04-29,Monthly,0.0,Cancelled
S05749,C05749,Basic,2025-01-08,,Monthly,19.0,Active
S05750,C05750,Basic,2026-01-28,,Monthly,19.0,Active
S05751,C05751,Professional,2025-01-01,,Monthly,49.0,Active
S05752,C05752,Basic,2025-04-29,,Annual,16.15,Active
S05753,C05753,Basic,2026-03-30,,Monthly,19.0,Active
S05754,C05754,Professional,2025-01-29,2025-12-04,Annual,41.65,Cancelled
S05755,C05755,Professional,2025-06-20,,Monthly,49.0,Active
S05756,C05756,Basic,2025-09-18,2026-02-05,Annual,16.15,Cancelled
S05757,C05757,Basic,2025-04-24,,Monthly,19.0,Active
S05758,C05758,Professional,2025-01-12,,Monthly,49.0,Active
S05759,C05759,Professional,2025-02-26,,Annual,41.65,Active
S05760,C05760,Professional,2025-04-10,,Monthly,49.0,Active
S05761,C05761,Business,2025-10-01,,Monthly,99.0,Active
S05762,C05762,Professional,2025-07-16,,Monthly,49.0,Active
S05763,C05763,Basic,2026-05-04,,Annual,16.15,Active
S05764,C05764,Business,2025-06-14,,Monthly,99.0,Active
S05765,C05765,Basic,2025-07-25,,Monthly,19.0,Active
S05766,C05766,Business,2025-01-22,,Annual,84.15,Active
S05767,C05767,Professional,2026-02-03,,Monthly,49.0,Active
S05768,C05768,Professional,2025-10-10,2025-12-22,Annual,41.65,Cancelled
S05769,C05769,Basic,2025-08-31,,Monthly,19.0,Active
S05770,C05770,Basic,2026-02-10,,Monthly,19.0,Active
S05771,C05771,Professional,2025-09-13,,Annual,41.65,Active
S05772,C05772,Basic,2026-01-18,,Monthly,19.0,Active
S05773,C05773,Professional,2025-01-03,,Monthly,49.0,Active
S05774,C05774,Basic,2025-03-02,2025-07-28,Monthly,19.0,Cancelled
S05775,C05775,Basic,2025-07-05,,Annual,16.15,Active
S05776,C05776,Free,2025-10-26,2026-01-26,Monthly,0.0,Cancelled
S05777,C05777,Basic,2025-05-15,2025-08-13,Annual,16.15,Cancelled
S05778,C05778,Free,2025-12-30,,Annual,0.0,Active
S05779,C05779,Basic,2025-04-21,,Monthly,19.0,Active
S05780,C05780,Professional,2025-12-18,2026-01-25,Monthly,49.0,Cancelled
S05781,C05781,Basic,2026-01-12,,Monthly,19.0,Active
S05782,C05782,Business,2025-01-12,,Monthly,99.0,Active
S05783,C05783,Basic,2026-04-27,2026-06-29,Monthly,19.0,Cancelled
S05784,C05784,Professional,2025-05-16,,Monthly,49.0,Active
S05785,C05785,Professional,2025-12-24,,Monthly,49.0,Active
S05786,C05786,Basic,2025-08-16,,Monthly,19.0,Active
S05787,C05787,Free,2025-07-25,,Monthly,0.0,Active
S05788,C05788,Basic,2025-09-13,,Monthly,19.0,Active
S05789,C05789,Basic,2025-07-17,,Annual,16.15,Active
S05790,C05790,Professional,2025-04-16,,Annual,41.65,Active
S05791,C05791,Basic,2025-08-15,,Monthly,19.0,Active
S05792,C05792,Basic,2025-12-07,,Monthly,19.0,Active
S05793,C05793,Basic,2025-01-09,,Annual,16.15,Active
S05794,C05794,Basic,2025-09-17,,Monthly,19.0,Active
S05795,C05795,Business,2025-05-08,,Monthly,99.0,Active
S05796,C05796,Professional,2025-12-13,,Monthly,49.0,Active
S05797,C05797,Business,2025-06-16,,Annual,84.15,Active
S05798,C05798,Professional,2026-03-02,,Annual,41.65,Active
S05799,C05799,Business,2026-02-26,,Annual,84.15,Active
S05800,C05800,Basic,2025-10-31,,Monthly,19.0,Active
S05801,C05801,Basic,2025-03-05,,Annual,16.15,Active
S05802,C05802,Business,2025-11-01,,Monthly,99.0,Active
S05803,C05803,Professional,2025-05-03,,Monthly,49.0,Active
S05804,C05804,Basic,2025-12-31,,Annual,16.15,Active
S05805,C05805,Free,2025-06-22,,Monthly,0.0,Active
S05806,C05806,Professional,2026-02-19,,Monthly,49.0,Active
S05807,C05807,Basic,2025-08-11,,Monthly,19.0,Active
S05808,C05808,Professional,2025-06-05,,Monthly,49.0,Active
S05809,C05809,Free,2026-04-09,,Monthly,0.0,Active
S05810,C05810,Basic,2026-01-02,,Annual,16.15,Active
S05811,C05811,Basic,2025-10-24,,Annual,16.15,Active
S05812,C05812,Business,2026-03-31,,Annual,84.15,Active
S05813,C05813,Professional,2025-06-10,,Monthly,49.0,Active
S05814,C05814,Basic,2026-04-23,2026-06-01,Monthly,19.0,Cancelled
S05815,C05815,Basic,2026-04-01,,Monthly,19.0,Active
S05816,C05816,Business,2025-02-20,,Monthly,99.0,Active
S05817,C05817,Professional,2026-01-10,,Monthly,49.0,Active
S05818,C05818,Basic,2025-08-08,,Annual,16.15,Active
S05819,C05819,Professional,2025-07-24,,Monthly,49.0,Active
S05820,C05820,Professional,2025-02-18,,Annual,41.65,Active
S05821,C05821,Basic,2025-09-06,2025-12-21,Monthly,19.0,Cancelled
S05822,C05822,Professional,2025-09-02,,Annual,41.65,Active
S05823,C05823,Professional,2026-05-02,,Annual,41.65,Active
S05824,C05824,Business,2025-12-11,,Monthly,99.0,Active
S05825,C05825,Basic,2025-03-15,,Monthly,19.0,Active
S05826,C05826,Professional,2026-05-02,2026-06-06,Monthly,49.0,Cancelled
S05827,C05827,Free,2025-05-13,,Monthly,0.0,Active
S05828,C05828,Basic,2025-07-15,2026-06-25,Monthly,19.0,Cancelled
S05829,C05829,Basic,2025-06-17,2025-08-19,Monthly,19.0,Cancelled
S05830,C05830,Basic,2025-08-19,,Annual,16.15,Active
S05831,C05831,Business,2025-12-01,,Monthly,99.0,Active
S05832,C05832,Professional,2025-03-01,,Monthly,49.0,Active
S05833,C05833,Free,2025-03-01,,Monthly,0.0,Active
S05834,C05834,Basic,2026-01-01,2026-02-19,Monthly,19.0,Cancelled
S05835,C05835,Basic,2025-01-31,,Monthly,19.0,Active
S05836,C05836,Basic,2025-11-26,,Monthly,19.0,Active
S05837,C05837,Basic,2025-04-09,,Monthly,19.0,Active
S05838,C05838,Professional,2026-04-28,2026-05-26,Monthly,49.0,Cancelled
S05839,C05839,Professional,2025-07-17,,Annual,41.65,Active
S05840,C05840,Professional,2026-04-02,,Annual,41.65,Active
S05841,C05841,Professional,2026-01-18,2026-03-13,Annual,41.65,Cancelled
S05842,C05842,Professional,2025-06-23,,Monthly,49.0,Active
S05843,C05843,Business,2026-04-18,,Annual,84.15,Active
S05844,C05844,Professional,2025-06-17,,Monthly,49.0,Active
S05845,C05845,Basic,2026-03-29,,Monthly,19.0,Active
S05846,C05846,Basic,2025-06-15,,Annual,16.15,Active
S05847,C05847,Free,2025-01-19,,Monthly,0.0,Active
S05848,C05848,Professional,2026-03-19,,Annual,41.65,Active
S05849,C05849,Business,2025-08-08,,Monthly,99.0,Active
S05850,C05850,Professional,2026-03-01,2026-06-19,Monthly,49.0,Cancelled
S05851,C05851,Professional,2025-02-14,,Monthly,49.0,Active
S05852,C05852,Professional,2025-03-10,,Annual,41.65,Active
S05853,C05853,Basic,2025-07-13,,Monthly,19.0,Active
S05854,C05854,Business,2025-06-25,,Monthly,99.0,Active
S05855,C05855,Business,2026-01-22,,Monthly,99.0,Active
S05856,C05856,Business,2025-01-24,2025-10-30,Monthly,99.0,Cancelled
S05857,C05857,Professional,2025-03-04,,Monthly,49.0,Active
S05858,C05858,Professional,2025-06-03,,Annual,41.65,Active
S05859,C05859,Basic,2025-05-30,,Monthly,19.0,Active
S05860,C05860,Professional,2025-01-04,,Monthly,49.0,Active
S05861,C05861,Basic,2025-03-07,,Monthly,19.0,Active
S05862,C05862,Free,2025-07-31,2026-04-21,Annual,0.0,Cancelled
S05863,C05863,Basic,2025-07-20,2025-10-11,Monthly,19.0,Cancelled
S05864,C05864,Business,2026-01-10,,Annual,84.15,Active
S05865,C05865,Free,2025-05-15,,Annual,0.0,Active
S05866,C05866,Business,2025-10-03,,Monthly,99.0,Active
S05867,C05867,Free,2025-05-16,,Annual,0.0,Active
S05868,C05868,Basic,2025-01-08,,Monthly,19.0,Active
S05869,C05869,Professional,2025-03-18,,Monthly,49.0,Active
S05870,C05870,Professional,2025-08-31,2026-06-11,Monthly,49.0,Cancelled
S05871,C05871,Professional,2025-10-04,,Annual,41.65,Active
S05872,C05872,Business,2026-03-01,,Monthly,99.0,Active
S05873,C05873,Professional,2026-01-05,,Annual,41.65,Active
S05874,C05874,Free,2025-07-03,,Monthly,0.0,Active
S05875,C05875,Business,2025-11-04,2026-04-01,Monthly,99.0,Cancelled
S05876,C05876,Basic,2026-01-24,,Annual,16.15,Active
S05877,C05877,Basic,2026-01-17,2026-06-10,Annual,16.15,Cancelled
S05878,C05878,Professional,2025-01-19,,Monthly,49.0,Active
S05879,C05879,Business,2025-02-06,,Monthly,99.0,Active
S05880,C05880,Business,2025-12-06,,Monthly,99.0,Active
S05881,C05881,Basic,2025-08-23,,Monthly,19.0,Active
S05882,C05882,Basic,2025-01-05,,Annual,16.15,Active
S05883,C05883,Basic,2026-02-25,2026-05-19,Annual,16.15,Cancelled
S05884,C05884,Basic,2025-06-14,,Annual,16.15,Active
S05885,C05885,Basic,2025-04-03,,Monthly,19.0,Active
S05886,C05886,Business,2025-03-29,,Monthly,99.0,Active
S05887,C05887,Professional,2025-04-27,,Monthly,49.0,Active
S05888,C05888,Free,2025-12-16,,Monthly,0.0,Active
S05889,C05889,Business,2026-04-12,,Monthly,99.0,Active
S05890,C05890,Professional,2025-03-27,,Annual,41.65,Active
S05891,C05891,Free,2026-04-18,,Monthly,0.0,Active
S05892,C05892,Basic,2025-12-21,,Annual,16.15,Active
S05893,C05893,Business,2026-04-03,,Annual,84.15,Active
S05894,C05894,Basic,2026-01-31,,Monthly,19.0,Active
S05895,C05895,Professional,2025-06-04,,Monthly,49.0,Active
S05896,C05896,Business,2025-07-03,,Annual,84.15,Active
S05897,C05897,Professional,2025-01-24,,Monthly,49.0,Active
S05898,C05898,Basic,2025-10-01,,Monthly,19.0,Active
S05899,C05899,Basic,2026-01-21,,Monthly,19.0,Active
S05900,C05900,Professional,2025-11-10,2026-04-24,Monthly,49.0,Cancelled
S05901,C05901,Basic,2025-12-28,,Annual,16.15,Active
S05902,C05902,Professional,2025-10-09,,Annual,41.65,Active
S05903,C05903,Business,2025-09-27,,Annual,84.15,Active
S05904,C05904,Business,2025-03-18,2026-04-14,Monthly,99.0,Cancelled
S05905,C05905,Basic,2026-01-12,,Monthly,19.0,Active
S05906,C05906,Professional,2025-01-11,,Annual,41.65,Active
S05907,C05907,Basic,2026-02-22,,Monthly,19.0,Active
S05908,C05908,Basic,2025-09-19,2025-11-16,Annual,16.15,Cancelled
S05909,C05909,Professional,2025-12-06,,Annual,41.65,Active
S05910,C05910,Business,2026-01-06,,Monthly,99.0,Active
S05911,C05911,Basic,2025-04-30,,Monthly,19.0,Active
S05912,C05912,Basic,2025-07-24,2026-03-26,Monthly,19.0,Cancelled
S05913,C05913,Professional,2026-04-13,,Annual,41.65,Active
S05914,C05914,Professional,2026-05-13,,Monthly,49.0,Active
S05915,C05915,Basic,2026-01-05,2026-03-06,Monthly,19.0,Cancelled
S05916,C05916,Professional,2026-01-07,,Monthly,49.0,Active
S05917,C05917,Basic,2025-05-20,,Monthly,19.0,Active
S05918,C05918,Free,2026-05-15,2026-06-18,Monthly,0.0,Cancelled
S05919,C05919,Professional,2025-03-25,2025-08-05,Annual,41.65,Cancelled
S05920,C05920,Professional,2026-01-27,,Monthly,49.0,Active
S05921,C05921,Professional,2025-02-19,,Monthly,49.0,Active
S05922,C05922,Basic,2025-08-26,2026-05-05,Monthly,19.0,Cancelled
S05923,C05923,Business,2025-11-29,,Monthly,99.0,Active
S05924,C05924,Basic,2026-04-06,,Annual,16.15,Active
S05925,C05925,Business,2026-01-29,2026-02-25,Monthly,99.0,Cancelled
S05926,C05926,Free,2025-02-08,,Annual,0.0,Active
S05927,C05927,Professional,2026-02-04,,Monthly,49.0,Active
S05928,C05928,Professional,2026-04-20,,Monthly,49.0,Active
S05929,C05929,Professional,2025-06-27,,Annual,41.65,Active
S05930,C05930,Professional,2026-03-07,,Monthly,49.0,Active
S05931,C05931,Professional,2025-02-19,,Monthly,49.0,Active
S05932,C05932,Professional,2025-09-09,,Annual,41.65,Active
S05933,C05933,Basic,2025-03-13,,Monthly,19.0,Active
S05934,C05934,Professional,2025-12-21,,Monthly,49.0,Active
S05935,C05935,Basic,2025-05-11,,Monthly,19.0,Active
S05936,C05936,Professional,2026-05-03,2026-06-04,Monthly,49.0,Cancelled
S05937,C05937,Free,2026-02-12,2026-04-16,Monthly,0.0,Cancelled
S05938,C05938,Free,2025-06-28,,Annual,0.0,Active
S05939,C05939,Basic,2025-01-07,,Monthly,19.0,Active
S05940,C05940,Basic,2025-01-06,2025-02-11,Monthly,19.0,Cancelled
S05941,C05941,Professional,2026-01-19,2026-03-28,Monthly,49.0,Cancelled
S05942,C05942,Professional,2025-02-26,,Monthly,49.0,Active
S05943,C05943,Professional,2025-10-05,2025-12-25,Monthly,49.0,Cancelled
S05944,C05944,Business,2025-12-09,2026-02-08,Monthly,99.0,Cancelled
S05945,C05945,Professional,2026-04-20,,Annual,41.65,Active
S05946,C05946,Basic,2025-01-07,,Monthly,19.0,Active
S05947,C05947,Professional,2026-01-01,2026-04-17,Monthly,49.0,Cancelled
S05948,C05948,Professional,2025-07-14,2026-01-02,Annual,41.65,Cancelled
S05949,C05949,Professional,2025-07-07,,Monthly,49.0,Active
S05950,C05950,Professional,2026-01-20,2026-05-06,Monthly,49.0,Cancelled
S05951,C05951,Professional,2025-06-15,,Monthly,49.0,Active
S05952,C05952,Professional,2026-02-26,,Monthly,49.0,Active
S05953,C05953,Professional,2025-07-11,,Monthly,49.0,Active
S05954,C05954,Basic,2025-04-10,,Annual,16.15,Active
S05955,C05955,Professional,2025-10-13,,Monthly,49.0,Active
S05956,C05956,Basic,2026-04-28,,Monthly,19.0,Active
S05957,C05957,Basic,2026-03-21,,Monthly,19.0,Active
S05958,C05958,Professional,2026-02-09,,Monthly,49.0,Active
S05959,C05959,Basic,2025-02-04,,Monthly,19.0,Active
S05960,C05960,Professional,2026-03-18,,Annual,41.65,Active
S05961,C05961,Basic,2026-04-01,2026-06-19,Monthly,19.0,Cancelled
S05962,C05962,Professional,2026-02-21,,Annual,41.65,Active
S05963,C05963,Professional,2025-09-08,,Monthly,49.0,Active
S05964,C05964,Basic,2025-01-24,2025-04-17,Monthly,19.0,Cancelled
S05965,C05965,Professional,2025-06-08,,Monthly,49.0,Active
S05966,C05966,Professional,2026-05-01,,Monthly,49.0,Active
S05967,C05967,Free,2025-12-10,,Monthly,0.0,Active
S05968,C05968,Business,2025-07-28,,Annual,84.15,Active
S05969,C05969,Basic,2025-03-07,,Annual,16.15,Active
S05970,C05970,Basic,2025-06-12,,Monthly,19.0,Active
S05971,C05971,Professional,2025-04-07,,Monthly,49.0,Active
S05972,C05972,Basic,2025-02-13,,Monthly,19.0,Active
S05973,C05973,Basic,2026-01-13,,Monthly,19.0,Active
S05974,C05974,Business,2025-04-20,,Annual,84.15,Active
S05975,C05975,Professional,2025-10-18,2026-01-09,Annual,41.65,Cancelled
S05976,C05976,Professional,2025-10-27,,Monthly,49.0,Active
S05977,C05977,Professional,2025-08-08,,Monthly,49.0,Active
S05978,C05978,Basic,2025-11-10,,Monthly,19.0,Active
S05979,C05979,Professional,2025-08-25,,Annual,41.65,Active
S05980,C05980,Basic,2025-07-03,,Annual,16.15,Active
S05981,C05981,Basic,2025-03-04,,Monthly,19.0,Active
S05982,C05982,Professional,2025-04-17,,Monthly,49.0,Active
S05983,C05983,Basic,2025-03-22,,Monthly,19.0,Active
S05984,C05984,Professional,2026-04-26,,Monthly,49.0,Active
S05985,C05985,Basic,2025-06-01,,Monthly,19.0,Active
S05986,C05986,Basic,2025-07-09,,Annual,16.15,Active
S05987,C05987,Business,2025-06-07,2025-10-02,Monthly,99.0,Cancelled
S05988,C05988,Basic,2025-12-04,,Monthly,19.0,Active
S05989,C05989,Free,2025-11-04,,Monthly,0.0,Active
S05990,C05990,Basic,2026-04-07,2026-05-09,Monthly,19.0,Cancelled
S05991,C05991,Free,2025-11-19,,Monthly,0.0,Active
S05992,C05992,Free,2026-03-03,,Monthly,0.0,Active
S05993,C05993,Professional,2026-03-01,,Monthly,49.0,Active
S05994,C05994,Basic,2025-05-17,,Monthly,19.0,Active
S05995,C05995,Professional,2025-01-08,,Monthly,49.0,Active
S05996,C05996,Business,2025-07-15,,Monthly,99.0,Active
S05997,C05997,Business,2025-06-16,,Monthly,99.0,Active
S05998,C05998,Professional,2025-08-13,,Monthly,49.0,Active
S05999,C05999,Business,2025-03-11,,Monthly,99.0,Active
S06000,C06000,Professional,2025-01-06,,Annual,41.65,Active
S06001,C06001,Professional,2025-10-05,,Monthly,49.0,Active
S06002,C06002,Professional,2025-05-24,2026-01-17,Monthly,49.0,Cancelled
S06003,C06003,Professional,2026-03-24,,Monthly,49.0,Active
S06004,C06004,Free,2025-10-08,,Monthly,0.0,Active
S06005,C06005,Free,2026-04-06,,Monthly,0.0,Active
S06006,C06006,Free,2025-03-21,,Annual,0.0,Active
S06007,C06007,Basic,2026-01-27,2026-02-17,Annual,16.15,Cancelled
S06008,C06008,Basic,2025-08-24,,Monthly,19.0,Active
S06009,C06009,Basic,2025-07-15,2026-04-07,Monthly,19.0,Cancelled
S06010,C06010,Professional,2025-06-22,,Monthly,49.0,Active
S06011,C06011,Professional,2025-02-05,,Monthly,49.0,Active
S06012,C06012,Basic,2026-02-21,,Monthly,19.0,Active
S06013,C06013,Business,2026-02-08,,Monthly,99.0,Active
S06014,C06014,Professional,2026-01-08,,Annual,41.65,Active
S06015,C06015,Professional,2026-02-02,2026-04-13,Monthly,49.0,Cancelled
S06016,C06016,Professional,2025-01-26,,Annual,41.65,Active
S06017,C06017,Basic,2026-04-08,,Annual,16.15,Active
S06018,C06018,Basic,2026-04-06,,Monthly,19.0,Active
S06019,C06019,Professional,2026-01-06,,Annual,41.65,Active
S06020,C06020,Professional,2025-11-29,,Annual,41.65,Active
S06021,C06021,Professional,2025-09-27,,Monthly,49.0,Active
S06022,C06022,Professional,2025-02-09,2025-09-14,Monthly,49.0,Cancelled
S06023,C06023,Business,2025-07-16,,Monthly,99.0,Active
S06024,C06024,Basic,2026-04-03,,Annual,16.15,Active
S06025,C06025,Basic,2025-09-23,,Annual,16.15,Active
S06026,C06026,Professional,2025-03-27,,Monthly,49.0,Active
S06027,C06027,Free,2026-02-04,2026-06-13,Monthly,0.0,Cancelled
S06028,C06028,Business,2025-10-01,2026-05-11,Monthly,99.0,Cancelled
S06029,C06029,Basic,2025-03-22,2025-05-08,Annual,16.15,Cancelled
S06030,C06030,Basic,2026-02-14,,Annual,16.15,Active
S06031,C06031,Business,2025-12-28,2026-06-24,Monthly,99.0,Cancelled
S06032,C06032,Business,2025-07-28,,Monthly,99.0,Active
S06033,C06033,Free,2025-02-19,,Annual,0.0,Active
S06034,C06034,Basic,2025-04-26,,Monthly,19.0,Active
S06035,C06035,Professional,2025-04-11,,Annual,41.65,Active
S06036,C06036,Basic,2025-02-10,,Annual,16.15,Active
S06037,C06037,Professional,2025-06-04,,Monthly,49.0,Active
S06038,C06038,Professional,2025-02-16,,Monthly,49.0,Active
S06039,C06039,Basic,2025-11-11,,Monthly,19.0,Active
S06040,C06040,Basic,2025-01-20,2026-01-03,Monthly,19.0,Cancelled
S06041,C06041,Business,2025-11-17,,Monthly,99.0,Active
S06042,C06042,Business,2025-10-26,,Monthly,99.0,Active
S06043,C06043,Business,2025-09-07,,Monthly,99.0,Active
S06044,C06044,Basic,2026-03-01,,Annual,16.15,Active
S06045,C06045,Professional,2025-03-15,,Monthly,49.0,Active
S06046,C06046,Basic,2026-01-06,2026-02-07,Monthly,19.0,Cancelled
S06047,C06047,Basic,2025-05-04,,Monthly,19.0,Active
S06048,C06048,Professional,2025-10-01,,Annual,41.65,Active
S06049,C06049,Basic,2025-11-26,2026-03-11,Monthly,19.0,Cancelled
S06050,C06050,Basic,2025-05-16,,Monthly,19.0,Active
S06051,C06051,Basic,2025-10-21,,Monthly,19.0,Active
S06052,C06052,Basic,2025-07-10,2025-08-12,Annual,16.15,Cancelled
S06053,C06053,Professional,2026-02-21,2026-06-27,Monthly,49.0,Cancelled
S06054,C06054,Basic,2025-02-13,2025-07-15,Monthly,19.0,Cancelled
S06055,C06055,Professional,2025-07-11,,Monthly,49.0,Active
S06056,C06056,Professional,2026-01-19,,Annual,41.65,Active
S06057,C06057,Basic,2026-02-02,,Monthly,19.0,Active
S06058,C06058,Professional,2025-05-25,,Annual,41.65,Active
S06059,C06059,Business,2025-06-04,,Monthly,99.0,Active
S06060,C06060,Professional,2025-03-24,,Annual,41.65,Active
S06061,C06061,Free,2025-07-01,,Monthly,0.0,Active
S06062,C06062,Basic,2025-05-19,,Monthly,19.0,Active
S06063,C06063,Free,2025-06-03,,Monthly,0.0,Active
S06064,C06064,Professional,2025-05-18,,Annual,41.65,Active
S06065,C06065,Basic,2025-09-09,,Monthly,19.0,Active
S06066,C06066,Basic,2026-04-13,,Monthly,19.0,Active
S06067,C06067,Basic,2025-03-17,,Monthly,19.0,Active
S06068,C06068,Business,2025-01-15,,Monthly,99.0,Active
S06069,C06069,Business,2026-02-16,,Monthly,99.0,Active
S06070,C06070,Business,2025-01-21,,Annual,84.15,Active
S06071,C06071,Basic,2025-10-02,,Annual,16.15,Active
S06072,C06072,Professional,2025-05-20,,Annual,41.65,Active
S06073,C06073,Business,2025-01-05,,Annual,84.15,Active
S06074,C06074,Business,2025-09-05,,Monthly,99.0,Active
S06075,C06075,Professional,2025-07-03,,Annual,41.65,Active
S06076,C06076,Professional,2025-02-21,,Annual,41.65,Active
S06077,C06077,Professional,2025-06-04,,Monthly,49.0,Active
S06078,C06078,Professional,2025-01-29,,Monthly,49.0,Active
S06079,C06079,Basic,2026-04-30,2026-06-12,Monthly,19.0,Cancelled
S06080,C06080,Free,2025-06-10,,Monthly,0.0,Active
S06081,C06081,Professional,2026-02-06,,Monthly,49.0,Active
S06082,C06082,Professional,2026-04-19,2026-05-31,Monthly,49.0,Cancelled
S06083,C06083,Basic,2026-05-09,,Monthly,19.0,Active
S06084,C06084,Professional,2025-05-05,,Monthly,49.0,Active
S06085,C06085,Business,2025-07-30,,Monthly,99.0,Active
S06086,C06086,Basic,2025-09-10,2025-11-07,Monthly,19.0,Cancelled
S06087,C06087,Professional,2026-04-29,,Monthly,49.0,Active
S06088,C06088,Basic,2026-03-20,,Monthly,19.0,Active
S06089,C06089,Basic,2025-05-19,,Annual,16.15,Active
S06090,C06090,Basic,2026-03-10,,Monthly,19.0,Active
S06091,C06091,Professional,2025-11-25,,Monthly,49.0,Active
S06092,C06092,Professional,2025-12-19,,Monthly,49.0,Active
S06093,C06093,Professional,2025-09-30,,Monthly,49.0,Active
S06094,C06094,Professional,2025-07-17,,Monthly,49.0,Active
S06095,C06095,Basic,2025-05-12,,Annual,16.15,Active
S06096,C06096,Professional,2025-05-22,,Annual,41.65,Active
S06097,C06097,Business,2026-05-04,2026-06-29,Monthly,99.0,Cancelled
S06098,C06098,Basic,2026-01-16,,Annual,16.15,Active
S06099,C06099,Basic,2026-04-14,,Monthly,19.0,Active
S06100,C06100,Basic,2025-05-26,,Monthly,19.0,Active
S06101,C06101,Professional,2026-04-11,,Monthly,49.0,Active
S06102,C06102,Professional,2026-01-02,,Monthly,49.0,Active
S06103,C06103,Professional,2025-07-07,,Monthly,49.0,Active
S06104,C06104,Professional,2025-02-06,,Monthly,49.0,Active
S06105,C06105,Basic,2025-09-06,,Monthly,19.0,Active
S06106,C06106,Basic,2026-04-29,,Monthly,19.0,Active
S06107,C06107,Business,2025-01-13,,Annual,84.15,Active
S06108,C06108,Basic,2025-03-02,2025-12-15,Annual,16.15,Cancelled
S06109,C06109,Basic,2025-12-11,,Monthly,19.0,Active
S06110,C06110,Professional,2025-02-04,,Monthly,49.0,Active
S06111,C06111,Basic,2025-09-28,,Monthly,19.0,Active
S06112,C06112,Business,2025-11-13,,Annual,84.15,Active
S06113,C06113,Professional,2025-05-06,,Monthly,49.0,Active
S06114,C06114,Professional,2025-10-09,2026-04-20,Monthly,49.0,Cancelled
S06115,C06115,Professional,2025-10-15,,Monthly,49.0,Active
S06116,C06116,Professional,2025-09-05,,Monthly,49.0,Active
S06117,C06117,Business,2026-03-14,,Monthly,99.0,Active
S06118,C06118,Basic,2026-04-01,,Monthly,19.0,Active
S06119,C06119,Professional,2026-03-16,,Monthly,49.0,Active
S06120,C06120,Basic,2025-11-15,,Annual,16.15,Active
S06121,C06121,Basic,2026-04-24,,Annual,16.15,Active
S06122,C06122,Professional,2026-04-09,,Annual,41.65,Active
S06123,C06123,Professional,2025-07-15,,Monthly,49.0,Active
S06124,C06124,Professional,2025-12-29,,Monthly,49.0,Active
S06125,C06125,Basic,2025-01-28,,Monthly,19.0,Active
S06126,C06126,Basic,2025-10-05,,Annual,16.15,Active
S06127,C06127,Professional,2025-10-31,,Monthly,49.0,Active
S06128,C06128,Basic,2025-06-29,2025-08-02,Monthly,19.0,Cancelled
S06129,C06129,Basic,2025-09-09,,Monthly,19.0,Active
S06130,C06130,Basic,2026-04-16,,Monthly,19.0,Active
S06131,C06131,Basic,2025-12-31,,Monthly,19.0,Active
S06132,C06132,Basic,2025-08-04,,Annual,16.15,Active
S06133,C06133,Professional,2025-08-18,,Monthly,49.0,Active
S06134,C06134,Basic,2025-04-21,,Monthly,19.0,Active
S06135,C06135,Professional,2025-03-10,,Monthly,49.0,Active
S06136,C06136,Professional,2026-03-10,,Monthly,49.0,Active
S06137,C06137,Free,2025-04-04,2026-02-24,Annual,0.0,Cancelled
S06138,C06138,Professional,2025-02-04,2025-03-02,Monthly,49.0,Cancelled
S06139,C06139,Professional,2025-09-20,2026-06-05,Monthly,49.0,Cancelled
S06140,C06140,Basic,2026-05-14,,Monthly,19.0,Active
S06141,C06141,Business,2025-10-10,,Monthly,99.0,Active
S06142,C06142,Free,2025-07-09,,Monthly,0.0,Active
S06143,C06143,Professional,2025-11-27,,Monthly,49.0,Active
S06144,C06144,Professional,2025-01-31,,Monthly,49.0,Active
S06145,C06145,Business,2025-10-03,,Monthly,99.0,Active
S06146,C06146,Basic,2025-09-27,2026-01-30,Monthly,19.0,Cancelled
S06147,C06147,Free,2025-11-28,,Annual,0.0,Active
S06148,C06148,Business,2026-04-11,,Annual,84.15,Active
S06149,C06149,Business,2026-01-04,,Monthly,99.0,Active
S06150,C06150,Free,2025-06-05,,Monthly,0.0,Active
S06151,C06151,Basic,2026-01-30,2026-04-21,Annual,16.15,Cancelled
S06152,C06152,Professional,2026-04-29,,Monthly,49.0,Active
S06153,C06153,Business,2026-02-11,,Monthly,99.0,Active
S06154,C06154,Basic,2025-01-06,,Monthly,19.0,Active
S06155,C06155,Basic,2025-10-14,,Monthly,19.0,Active
S06156,C06156,Professional,2025-09-04,,Monthly,49.0,Active
S06157,C06157,Free,2025-03-25,2025-10-09,Monthly,0.0,Cancelled
S06158,C06158,Basic,2025-06-30,,Annual,16.15,Active
S06159,C06159,Professional,2025-10-17,,Annual,41.65,Active
S06160,C06160,Professional,2026-01-11,,Monthly,49.0,Active
S06161,C06161,Business,2026-03-02,2026-03-23,Annual,84.15,Cancelled
S06162,C06162,Basic,2025-03-22,,Monthly,19.0,Active
S06163,C06163,Basic,2025-05-27,,Monthly,19.0,Active
S06164,C06164,Basic,2025-08-30,,Monthly,19.0,Active
S06165,C06165,Business,2025-02-18,2025-03-24,Annual,84.15,Cancelled
S06166,C06166,Professional,2025-01-04,2025-11-08,Monthly,49.0,Cancelled
S06167,C06167,Professional,2025-12-13,2026-04-29,Monthly,49.0,Cancelled
S06168,C06168,Business,2026-02-05,2026-04-18,Monthly,99.0,Cancelled
S06169,C06169,Basic,2025-04-10,2026-04-08,Monthly,19.0,Cancelled
S06170,C06170,Basic,2026-04-08,,Monthly,19.0,Active
S06171,C06171,Professional,2026-01-25,,Monthly,49.0,Active
S06172,C06172,Basic,2026-03-07,,Annual,16.15,Active
S06173,C06173,Basic,2026-05-03,,Monthly,19.0,Active
S06174,C06174,Basic,2025-02-22,2025-11-30,Monthly,19.0,Cancelled
S06175,C06175,Basic,2025-12-01,,Annual,16.15,Active
S06176,C06176,Professional,2026-04-05,,Monthly,49.0,Active
S06177,C06177,Business,2025-05-14,,Monthly,99.0,Active
S06178,C06178,Free,2025-09-06,2025-11-30,Monthly,0.0,Cancelled
S06179,C06179,Basic,2025-05-01,,Annual,16.15,Active
S06180,C06180,Business,2025-03-05,,Monthly,99.0,Active
S06181,C06181,Free,2025-11-30,,Monthly,0.0,Active
S06182,C06182,Basic,2025-01-10,,Monthly,19.0,Active
S06183,C06183,Professional,2025-12-17,,Monthly,49.0,Active
S06184,C06184,Business,2026-01-15,,Monthly,99.0,Active
S06185,C06185,Basic,2025-08-24,,Monthly,19.0,Active
S06186,C06186,Professional,2025-05-30,2026-03-22,Monthly,49.0,Cancelled
S06187,C06187,Professional,2026-01-29,,Monthly,49.0,Active
S06188,C06188,Business,2026-04-21,,Annual,84.15,Active
S06189,C06189,Basic,2025-08-22,,Monthly,19.0,Active
S06190,C06190,Professional,2026-02-17,,Monthly,49.0,Active
S06191,C06191,Professional,2025-08-03,,Annual,41.65,Active
S06192,C06192,Free,2025-08-25,,Monthly,0.0,Active
S06193,C06193,Basic,2026-04-07,,Annual,16.15,Active
S06194,C06194,Basic,2025-09-15,,Monthly,19.0,Active
S06195,C06195,Professional,2026-04-04,,Monthly,49.0,Active
S06196,C06196,Basic,2025-04-08,,Monthly,19.0,Active
S06197,C06197,Basic,2025-09-10,,Monthly,19.0,Active
S06198,C06198,Business,2025-04-30,,Monthly,99.0,Active
S06199,C06199,Basic,2025-08-03,,Monthly,19.0,Active
S06200,C06200,Basic,2025-02-08,,Annual,16.15,Active
S06201,C06201,Professional,2025-12-23,2026-01-20,Monthly,49.0,Cancelled
S06202,C06202,Professional,2025-08-31,,Annual,41.65,Active
S06203,C06203,Basic,2025-02-20,,Monthly,19.0,Active
S06204,C06204,Business,2026-05-01,,Monthly,99.0,Active
S06205,C06205,Basic,2025-07-09,,Monthly,19.0,Active
S06206,C06206,Free,2025-08-08,2026-03-04,Monthly,0.0,Cancelled
S06207,C06207,Business,2025-05-24,,Monthly,99.0,Active
S06208,C06208,Basic,2025-04-22,,Annual,16.15,Active
S06209,C06209,Professional,2025-07-08,,Annual,41.65,Active
S06210,C06210,Business,2025-01-04,,Monthly,99.0,Active
S06211,C06211,Professional,2026-01-29,,Monthly,49.0,Active
S06212,C06212,Free,2026-04-17,,Annual,0.0,Active
S06213,C06213,Professional,2025-01-14,,Annual,41.65,Active
S06214,C06214,Basic,2026-01-04,,Monthly,19.0,Active
S06215,C06215,Professional,2025-02-23,,Monthly,49.0,Active
S06216,C06216,Basic,2025-11-03,,Monthly,19.0,Active
S06217,C06217,Professional,2025-07-10,2026-01-10,Monthly,49.0,Cancelled
S06218,C06218,Professional,2025-06-25,,Monthly,49.0,Active
S06219,C06219,Basic,2025-06-15,,Monthly,19.0,Active
S06220,C06220,Free,2025-06-25,,Monthly,0.0,Active
S06221,C06221,Basic,2025-09-03,,Monthly,19.0,Active
S06222,C06222,Basic,2025-12-28,2026-01-19,Monthly,19.0,Cancelled
S06223,C06223,Basic,2025-09-11,,Annual,16.15,Active
S06224,C06224,Professional,2026-03-13,,Monthly,49.0,Active
S06225,C06225,Free,2025-11-13,,Monthly,0.0,Active
S06226,C06226,Basic,2025-12-21,,Monthly,19.0,Active
S06227,C06227,Professional,2025-05-12,,Monthly,49.0,Active
S06228,C06228,Basic,2025-09-13,,Monthly,19.0,Active
S06229,C06229,Free,2025-10-21,,Monthly,0.0,Active
S06230,C06230,Professional,2026-05-02,,Annual,41.65,Active
S06231,C06231,Professional,2025-03-28,,Monthly,49.0,Active
S06232,C06232,Business,2025-02-03,2025-07-28,Annual,84.15,Cancelled
S06233,C06233,Basic,2025-05-13,2026-04-07,Monthly,19.0,Cancelled
S06234,C06234,Professional,2026-02-05,2026-05-24,Annual,41.65,Cancelled
S06235,C06235,Basic,2026-01-17,,Monthly,19.0,Active
S06236,C06236,Free,2026-02-28,,Annual,0.0,Active
S06237,C06237,Basic,2025-09-20,,Monthly,19.0,Active
S06238,C06238,Basic,2025-02-11,,Monthly,19.0,Active
S06239,C06239,Professional,2025-07-10,,Monthly,49.0,Active
S06240,C06240,Professional,2025-09-24,,Annual,41.65,Active
S06241,C06241,Professional,2026-02-15,2026-06-13,Monthly,49.0,Cancelled
S06242,C06242,Free,2026-04-03,2026-05-25,Monthly,0.0,Cancelled
S06243,C06243,Basic,2025-08-04,,Monthly,19.0,Active
S06244,C06244,Basic,2026-04-19,,Monthly,19.0,Active
S06245,C06245,Business,2025-04-30,,Monthly,99.0,Active
S06246,C06246,Professional,2026-03-09,2026-06-07,Monthly,49.0,Cancelled
S06247,C06247,Professional,2026-05-05,,Monthly,49.0,Active
S06248,C06248,Basic,2026-03-03,2026-03-25,Monthly,19.0,Cancelled
S06249,C06249,Free,2025-07-30,,Monthly,0.0,Active
S06250,C06250,Basic,2025-04-11,,Annual,16.15,Active
S06251,C06251,Basic,2025-07-02,,Monthly,19.0,Active
S06252,C06252,Basic,2025-05-26,,Monthly,19.0,Active
S06253,C06253,Business,2025-03-15,,Annual,84.15,Active
S06254,C06254,Free,2026-03-18,,Monthly,0.0,Active
S06255,C06255,Business,2025-11-12,,Annual,84.15,Active
S06256,C06256,Professional,2026-04-01,,Annual,41.65,Active
S06257,C06257,Professional,2026-03-08,,Annual,41.65,Active
S06258,C06258,Professional,2025-12-12,,Monthly,49.0,Active
S06259,C06259,Professional,2025-06-08,2026-02-13,Monthly,49.0,Cancelled
S06260,C06260,Professional,2025-11-19,,Annual,41.65,Active
S06261,C06261,Business,2025-04-17,,Annual,84.15,Active
S06262,C06262,Business,2026-03-04,,Monthly,99.0,Active
S06263,C06263,Basic,2025-02-14,,Annual,16.15,Active
S06264,C06264,Professional,2025-01-16,,Monthly,49.0,Active
S06265,C06265,Business,2025-04-23,,Annual,84.15,Active
S06266,C06266,Professional,2025-01-27,,Monthly,49.0,Active
S06267,C06267,Business,2025-02-14,,Annual,84.15,Active
S06268,C06268,Professional,2025-10-27,,Monthly,49.0,Active
S06269,C06269,Business,2026-02-24,,Monthly,99.0,Active
S06270,C06270,Free,2026-02-10,,Annual,0.0,Active
S06271,C06271,Professional,2025-10-10,,Monthly,49.0,Active
S06272,C06272,Free,2025-01-18,,Monthly,0.0,Active
S06273,C06273,Professional,2025-09-14,2026-04-23,Monthly,49.0,Cancelled
S06274,C06274,Professional,2025-05-21,,Annual,41.65,Active
S06275,C06275,Basic,2026-01-28,2026-04-19,Monthly,19.0,Cancelled
S06276,C06276,Professional,2025-12-24,,Annual,41.65,Active
S06277,C06277,Basic,2025-03-24,,Monthly,19.0,Active
S06278,C06278,Basic,2026-02-23,,Monthly,19.0,Active
S06279,C06279,Basic,2025-10-15,,Monthly,19.0,Active
S06280,C06280,Professional,2025-05-01,,Annual,41.65,Active
S06281,C06281,Basic,2026-04-26,,Monthly,19.0,Active
S06282,C06282,Professional,2026-04-11,2026-06-13,Monthly,49.0,Cancelled
S06283,C06283,Professional,2026-05-02,,Monthly,49.0,Active
S06284,C06284,Professional,2025-12-11,2026-05-10,Monthly,49.0,Cancelled
S06285,C06285,Professional,2025-01-08,,Monthly,49.0,Active
S06286,C06286,Basic,2025-12-15,,Annual,16.15,Active
S06287,C06287,Professional,2026-02-01,,Annual,41.65,Active
S06288,C06288,Business,2025-10-24,,Annual,84.15,Active
S06289,C06289,Business,2025-11-29,2026-01-25,Monthly,99.0,Cancelled
S06290,C06290,Basic,2026-01-20,,Annual,16.15,Active
S06291,C06291,Professional,2025-02-27,,Monthly,49.0,Active
S06292,C06292,Professional,2026-03-03,,Annual,41.65,Active
S06293,C06293,Professional,2025-09-14,,Annual,41.65,Active
S06294,C06294,Basic,2025-01-17,2025-08-19,Monthly,19.0,Cancelled
S06295,C06295,Professional,2025-05-07,,Monthly,49.0,Active
S06296,C06296,Professional,2025-07-20,,Monthly,49.0,Active
S06297,C06297,Professional,2026-02-05,2026-03-21,Monthly,49.0,Cancelled
S06298,C06298,Basic,2025-10-26,2026-01-30,Monthly,19.0,Cancelled
S06299,C06299,Basic,2026-04-17,2026-06-30,Monthly,19.0,Cancelled
S06300,C06300,Professional,2025-05-17,2026-05-24,Monthly,49.0,Cancelled
S06301,C06301,Basic,2025-11-04,2026-01-12,Monthly,19.0,Cancelled
S06302,C06302,Free,2025-02-13,,Monthly,0.0,Active
S06303,C06303,Professional,2025-08-07,,Monthly,49.0,Active
S06304,C06304,Professional,2026-01-25,,Monthly,49.0,Active
S06305,C06305,Free,2025-05-15,,Monthly,0.0,Active
S06306,C06306,Basic,2025-09-16,,Monthly,19.0,Active
S06307,C06307,Business,2025-07-17,,Monthly,99.0,Active
S06308,C06308,Basic,2025-12-05,2026-03-12,Monthly,19.0,Cancelled
S06309,C06309,Basic,2025-02-22,,Annual,16.15,Active
S06310,C06310,Basic,2025-02-15,,Monthly,19.0,Active
S06311,C06311,Professional,2025-05-19,,Monthly,49.0,Active
S06312,C06312,Professional,2025-03-11,,Annual,41.65,Active
S06313,C06313,Basic,2025-09-26,,Monthly,19.0,Active
S06314,C06314,Professional,2025-10-23,,Monthly,49.0,Active
S06315,C06315,Free,2025-05-03,,Monthly,0.0,Active
S06316,C06316,Professional,2025-09-09,,Monthly,49.0,Active
S06317,C06317,Professional,2026-01-14,,Annual,41.65,Active
S06318,C06318,Basic,2026-05-10,,Annual,16.15,Active
S06319,C06319,Business,2025-01-05,,Annual,84.15,Active
S06320,C06320,Basic,2025-07-05,,Monthly,19.0,Active
S06321,C06321,Professional,2025-02-10,2025-08-16,Monthly,49.0,Cancelled
S06322,C06322,Business,2025-08-01,,Monthly,99.0,Active
S06323,C06323,Basic,2026-03-12,,Monthly,19.0,Active
S06324,C06324,Professional,2025-06-11,,Monthly,49.0,Active
S06325,C06325,Professional,2025-01-17,,Annual,41.65,Active
S06326,C06326,Basic,2025-08-27,,Monthly,19.0,Active
S06327,C06327,Professional,2025-05-24,,Annual,41.65,Active
S06328,C06328,Basic,2026-03-19,2026-06-11,Monthly,19.0,Cancelled
S06329,C06329,Basic,2025-02-22,,Monthly,19.0,Active
S06330,C06330,Professional,2026-01-28,,Annual,41.65,Active
S06331,C06331,Professional,2025-04-24,,Annual,41.65,Active
S06332,C06332,Business,2026-05-08,,Monthly,99.0,Active
S06333,C06333,Basic,2025-10-04,,Monthly,19.0,Active
S06334,C06334,Professional,2025-08-01,,Annual,41.65,Active
S06335,C06335,Professional,2025-07-02,,Monthly,49.0,Active
S06336,C06336,Professional,2025-03-15,,Monthly,49.0,Active
S06337,C06337,Free,2025-11-12,,Monthly,0.0,Active
S06338,C06338,Basic,2025-10-10,2026-02-15,Monthly,19.0,Cancelled
S06339,C06339,Professional,2025-08-02,,Monthly,49.0,Active
S06340,C06340,Professional,2025-01-29,,Annual,41.65,Active
S06341,C06341,Free,2025-08-11,,Monthly,0.0,Active
S06342,C06342,Business,2025-07-09,,Monthly,99.0,Active
S06343,C06343,Professional,2025-06-07,,Monthly,49.0,Active
S06344,C06344,Basic,2025-01-29,,Annual,16.15,Active
S06345,C06345,Professional,2025-01-21,,Monthly,49.0,Active
S06346,C06346,Basic,2025-08-12,,Monthly,19.0,Active
S06347,C06347,Business,2025-12-21,,Monthly,99.0,Active
S06348,C06348,Professional,2025-06-18,,Monthly,49.0,Active
S06349,C06349,Free,2025-06-03,,Monthly,0.0,Active
S06350,C06350,Professional,2025-12-21,,Monthly,49.0,Active
S06351,C06351,Business,2025-05-14,,Monthly,99.0,Active
S06352,C06352,Business,2025-05-20,,Monthly,99.0,Active
S06353,C06353,Professional,2025-11-21,,Annual,41.65,Active
S06354,C06354,Professional,2025-11-03,,Annual,41.65,Active
S06355,C06355,Basic,2025-03-01,,Monthly,19.0,Active
S06356,C06356,Professional,2025-06-09,,Monthly,49.0,Active
S06357,C06357,Professional,2025-07-15,,Monthly,49.0,Active
S06358,C06358,Basic,2025-08-07,2026-04-06,Monthly,19.0,Cancelled
S06359,C06359,Professional,2025-05-18,,Monthly,49.0,Active
S06360,C06360,Professional,2025-11-10,,Monthly,49.0,Active
S06361,C06361,Professional,2026-01-12,,Monthly,49.0,Active
S06362,C06362,Basic,2025-08-09,,Annual,16.15,Active
S06363,C06363,Business,2025-01-13,,Monthly,99.0,Active
S06364,C06364,Basic,2025-05-28,2025-08-17,Monthly,19.0,Cancelled
S06365,C06365,Professional,2025-08-07,2025-12-20,Monthly,49.0,Cancelled
S06366,C06366,Business,2025-09-07,2026-05-16,Monthly,99.0,Cancelled
S06367,C06367,Basic,2026-03-16,,Monthly,19.0,Active
S06368,C06368,Business,2025-09-03,,Monthly,99.0,Active
S06369,C06369,Basic,2025-08-02,,Monthly,19.0,Active
S06370,C06370,Basic,2025-10-28,,Monthly,19.0,Active
S06371,C06371,Professional,2025-09-27,,Annual,41.65,Active
S06372,C06372,Basic,2025-06-26,2026-03-19,Annual,16.15,Cancelled
S06373,C06373,Professional,2025-11-01,2026-03-03,Monthly,49.0,Cancelled
S06374,C06374,Business,2026-02-28,,Monthly,99.0,Active
S06375,C06375,Professional,2025-10-31,2026-04-28,Monthly,49.0,Cancelled
S06376,C06376,Professional,2026-05-14,,Monthly,49.0,Active
S06377,C06377,Basic,2025-04-24,,Monthly,19.0,Active
S06378,C06378,Professional,2026-04-30,,Monthly,49.0,Active
S06379,C06379,Basic,2025-11-16,2026-03-18,Annual,16.15,Cancelled
S06380,C06380,Basic,2026-02-06,,Annual,16.15,Active
S06381,C06381,Basic,2025-05-23,,Annual,16.15,Active
S06382,C06382,Professional,2025-06-29,2026-02-25,Monthly,49.0,Cancelled
S06383,C06383,Basic,2026-03-30,,Monthly,19.0,Active
S06384,C06384,Business,2026-01-18,,Monthly,99.0,Active
S06385,C06385,Basic,2025-10-27,,Monthly,19.0,Active
S06386,C06386,Professional,2025-11-19,,Monthly,49.0,Active
S06387,C06387,Basic,2026-04-24,2026-05-27,Monthly,19.0,Cancelled
S06388,C06388,Basic,2025-01-30,,Monthly,19.0,Active
S06389,C06389,Professional,2025-12-25,,Monthly,49.0,Active
S06390,C06390,Professional,2025-06-01,,Monthly,49.0,Active
S06391,C06391,Professional,2025-04-05,,Monthly,49.0,Active
S06392,C06392,Professional,2025-05-20,,Annual,41.65,Active
S06393,C06393,Free,2025-01-12,,Annual,0.0,Active
S06394,C06394,Professional,2025-03-11,,Annual,41.65,Active
S06395,C06395,Free,2025-09-03,,Annual,0.0,Active
S06396,C06396,Business,2025-08-28,,Annual,84.15,Active
S06397,C06397,Professional,2026-01-19,,Annual,41.65,Active
S06398,C06398,Basic,2025-09-01,,Monthly,19.0,Active
S06399,C06399,Basic,2026-02-15,,Monthly,19.0,Active
S06400,C06400,Basic,2025-05-07,,Monthly,19.0,Active
S06401,C06401,Basic,2026-02-26,,Monthly,19.0,Active
S06402,C06402,Business,2025-01-25,,Monthly,99.0,Active
S06403,C06403,Basic,2026-01-10,2026-02-17,Annual,16.15,Cancelled
S06404,C06404,Basic,2025-04-19,,Monthly,19.0,Active
S06405,C06405,Professional,2025-02-24,,Annual,41.65,Active
S06406,C06406,Professional,2025-03-16,,Monthly,49.0,Active
S06407,C06407,Business,2025-10-10,,Monthly,99.0,Active
S06408,C06408,Professional,2025-02-21,,Monthly,49.0,Active
S06409,C06409,Professional,2025-02-05,,Monthly,49.0,Active
S06410,C06410,Business,2026-03-26,,Monthly,99.0,Active
S06411,C06411,Basic,2025-04-18,2025-11-18,Annual,16.15,Cancelled
S06412,C06412,Basic,2025-07-09,,Monthly,19.0,Active
S06413,C06413,Business,2025-04-01,,Monthly,99.0,Active
S06414,C06414,Professional,2026-03-25,,Monthly,49.0,Active
S06415,C06415,Business,2025-12-01,,Monthly,99.0,Active
S06416,C06416,Basic,2025-11-14,,Annual,16.15,Active
S06417,C06417,Professional,2026-04-27,2026-06-11,Monthly,49.0,Cancelled
S06418,C06418,Professional,2026-01-02,,Monthly,49.0,Active
S06419,C06419,Business,2025-12-20,2026-02-05,Annual,84.15,Cancelled
S06420,C06420,Professional,2025-01-23,,Monthly,49.0,Active
S06421,C06421,Basic,2025-07-17,2025-08-19,Monthly,19.0,Cancelled
S06422,C06422,Professional,2025-07-06,,Annual,41.65,Active
S06423,C06423,Professional,2025-10-20,2026-01-30,Monthly,49.0,Cancelled
S06424,C06424,Professional,2026-02-08,,Monthly,49.0,Active
S06425,C06425,Free,2026-02-13,,Monthly,0.0,Active
S06426,C06426,Professional,2025-04-06,,Monthly,49.0,Active
S06427,C06427,Professional,2026-05-08,2026-06-15,Monthly,49.0,Cancelled
S06428,C06428,Basic,2025-12-08,2026-01-06,Monthly,19.0,Cancelled
S06429,C06429,Professional,2026-03-09,,Monthly,49.0,Active
S06430,C06430,Business,2025-10-25,,Monthly,99.0,Active
S06431,C06431,Basic,2025-02-18,,Monthly,19.0,Active
S06432,C06432,Professional,2026-01-13,,Annual,41.65,Active
S06433,C06433,Basic,2025-01-14,,Monthly,19.0,Active
S06434,C06434,Basic,2025-12-09,2026-03-12,Monthly,19.0,Cancelled
S06435,C06435,Basic,2025-06-27,2025-09-16,Monthly,19.0,Cancelled
S06436,C06436,Basic,2025-05-25,,Monthly,19.0,Active
S06437,C06437,Professional,2025-01-25,,Monthly,49.0,Active
S06438,C06438,Free,2026-01-09,,Monthly,0.0,Active
S06439,C06439,Free,2026-04-20,,Monthly,0.0,Active
S06440,C06440,Basic,2025-03-11,2025-09-21,Monthly,19.0,Cancelled
S06441,C06441,Basic,2026-02-24,,Monthly,19.0,Active
S06442,C06442,Basic,2026-04-30,2026-05-25,Annual,16.15,Cancelled
S06443,C06443,Basic,2025-10-26,,Monthly,19.0,Active
S06444,C06444,Professional,2026-03-11,,Annual,41.65,Active
S06445,C06445,Basic,2025-09-08,2026-03-23,Monthly,19.0,Cancelled
S06446,C06446,Basic,2026-05-05,,Monthly,19.0,Active
S06447,C06447,Free,2025-10-16,,Monthly,0.0,Active
S06448,C06448,Basic,2025-02-09,,Monthly,19.0,Active
S06449,C06449,Professional,2025-03-05,,Monthly,49.0,Active
S06450,C06450,Basic,2025-06-23,,Monthly,19.0,Active
S06451,C06451,Business,2026-02-13,,Monthly,99.0,Active
S06452,C06452,Free,2025-06-06,,Annual,0.0,Active
S06453,C06453,Professional,2025-08-13,,Monthly,49.0,Active
S06454,C06454,Basic,2025-12-23,,Monthly,19.0,Active
S06455,C06455,Professional,2025-08-08,2026-03-02,Monthly,49.0,Cancelled
S06456,C06456,Business,2025-11-27,,Monthly,99.0,Active
S06457,C06457,Professional,2025-07-19,,Annual,41.65,Active
S06458,C06458,Basic,2025-02-27,2025-05-05,Monthly,19.0,Cancelled
S06459,C06459,Professional,2025-11-30,,Annual,41.65,Active
S06460,C06460,Basic,2026-03-28,2026-06-20,Monthly,19.0,Cancelled
S06461,C06461,Professional,2025-12-18,,Monthly,49.0,Active
S06462,C06462,Basic,2025-07-16,,Monthly,19.0,Active
S06463,C06463,Professional,2026-04-28,,Monthly,49.0,Active
S06464,C06464,Business,2025-02-15,,Monthly,99.0,Active
S06465,C06465,Professional,2025-04-05,,Monthly,49.0,Active
S06466,C06466,Professional,2025-02-23,2026-03-07,Monthly,49.0,Cancelled
S06467,C06467,Professional,2025-10-11,2026-06-30,Monthly,49.0,Cancelled
S06468,C06468,Professional,2025-11-12,,Annual,41.65,Active
S06469,C06469,Professional,2025-12-09,,Monthly,49.0,Active
S06470,C06470,Basic,2026-03-25,2026-06-28,Monthly,19.0,Cancelled
S06471,C06471,Basic,2025-09-10,,Monthly,19.0,Active
S06472,C06472,Professional,2025-07-07,,Monthly,49.0,Active
S06473,C06473,Professional,2025-06-01,,Monthly,49.0,Active
S06474,C06474,Professional,2026-01-04,,Annual,41.65,Active
S06475,C06475,Business,2025-08-03,2026-06-23,Monthly,99.0,Cancelled
S06476,C06476,Basic,2025-06-02,,Monthly,19.0,Active
S06477,C06477,Basic,2025-08-27,2026-02-03,Annual,16.15,Cancelled
S06478,C06478,Professional,2025-03-25,,Monthly,49.0,Active
S06479,C06479,Business,2026-03-14,,Monthly,99.0,Active
S06480,C06480,Professional,2026-01-02,,Monthly,49.0,Active
S06481,C06481,Professional,2025-01-08,,Annual,41.65,Active
S06482,C06482,Professional,2025-06-16,,Annual,41.65,Active
S06483,C06483,Basic,2025-05-09,,Monthly,19.0,Active
S06484,C06484,Professional,2025-02-21,,Monthly,49.0,Active
S06485,C06485,Professional,2025-12-13,,Annual,41.65,Active
S06486,C06486,Professional,2025-07-01,,Monthly,49.0,Active
S06487,C06487,Business,2025-12-03,2026-02-07,Monthly,99.0,Cancelled
S06488,C06488,Professional,2025-01-27,,Monthly,49.0,Active
S06489,C06489,Business,2026-02-01,,Monthly,99.0,Active
S06490,C06490,Basic,2026-02-09,2026-03-19,Annual,16.15,Cancelled
S06491,C06491,Professional,2025-09-10,,Annual,41.65,Active
S06492,C06492,Business,2025-01-25,,Monthly,99.0,Active
S06493,C06493,Professional,2025-01-31,,Monthly,49.0,Active
S06494,C06494,Basic,2025-05-03,,Monthly,19.0,Active
S06495,C06495,Free,2025-05-17,,Monthly,0.0,Active
S06496,C06496,Basic,2025-04-23,2025-11-03,Annual,16.15,Cancelled
S06497,C06497,Basic,2025-12-05,,Monthly,19.0,Active
S06498,C06498,Basic,2026-03-06,2026-06-24,Monthly,19.0,Cancelled
S06499,C06499,Basic,2025-07-29,2026-02-02,Annual,16.15,Cancelled
S06500,C06500,Professional,2026-01-09,,Monthly,49.0,Active
S06501,C06501,Professional,2025-08-24,,Monthly,49.0,Active
S06502,C06502,Business,2025-05-01,,Monthly,99.0,Active
S06503,C06503,Professional,2026-04-07,2026-05-24,Monthly,49.0,Cancelled
S06504,C06504,Professional,2025-10-03,,Monthly,49.0,Active
S06505,C06505,Basic,2025-01-23,,Monthly,19.0,Active
S06506,C06506,Business,2026-01-30,,Monthly,99.0,Active
S06507,C06507,Basic,2025-09-02,2026-06-26,Annual,16.15,Cancelled
S06508,C06508,Basic,2025-03-08,,Monthly,19.0,Active
S06509,C06509,Basic,2025-07-19,,Monthly,19.0,Active
S06510,C06510,Business,2025-07-05,2026-01-20,Monthly,99.0,Cancelled
S06511,C06511,Basic,2026-03-20,2026-04-12,Annual,16.15,Cancelled
S06512,C06512,Basic,2025-06-16,2025-08-04,Monthly,19.0,Cancelled
S06513,C06513,Business,2026-01-16,,Monthly,99.0,Active
S06514,C06514,Professional,2026-04-14,,Annual,41.65,Active
S06515,C06515,Professional,2026-05-01,2026-05-27,Monthly,49.0,Cancelled
S06516,C06516,Basic,2025-10-01,,Monthly,19.0,Active
S06517,C06517,Professional,2026-02-25,,Monthly,49.0,Active
S06518,C06518,Basic,2025-03-25,2025-12-14,Monthly,19.0,Cancelled
S06519,C06519,Professional,2025-07-27,,Annual,41.65,Active
S06520,C06520,Professional,2025-08-14,,Annual,41.65,Active
S06521,C06521,Professional,2025-03-13,,Annual,41.65,Active
S06522,C06522,Basic,2025-09-16,2025-10-29,Monthly,19.0,Cancelled
S06523,C06523,Professional,2025-07-21,2026-06-03,Monthly,49.0,Cancelled
S06524,C06524,Professional,2025-06-28,,Monthly,49.0,Active
S06525,C06525,Basic,2025-01-30,2025-04-23,Monthly,19.0,Cancelled
S06526,C06526,Basic,2025-09-02,,Monthly,19.0,Active
S06527,C06527,Free,2025-12-22,,Monthly,0.0,Active
S06528,C06528,Professional,2025-06-17,,Monthly,49.0,Active
S06529,C06529,Basic,2025-06-23,,Monthly,19.0,Active
S06530,C06530,Professional,2025-05-27,,Monthly,49.0,Active
S06531,C06531,Business,2025-06-15,2025-07-23,Monthly,99.0,Cancelled
S06532,C06532,Professional,2025-04-23,,Monthly,49.0,Active
S06533,C06533,Free,2026-02-25,2026-05-10,Monthly,0.0,Cancelled
S06534,C06534,Professional,2025-02-18,,Monthly,49.0,Active
S06535,C06535,Professional,2025-05-29,2025-09-04,Monthly,49.0,Cancelled
S06536,C06536,Basic,2025-04-13,,Monthly,19.0,Active
S06537,C06537,Free,2026-05-03,,Monthly,0.0,Active
S06538,C06538,Professional,2025-09-06,,Monthly,49.0,Active
S06539,C06539,Professional,2025-06-15,,Monthly,49.0,Active
S06540,C06540,Professional,2025-08-17,,Monthly,49.0,Active
S06541,C06541,Basic,2025-07-31,2026-01-28,Monthly,19.0,Cancelled
S06542,C06542,Professional,2025-07-18,,Monthly,49.0,Active
S06543,C06543,Professional,2025-02-18,,Monthly,49.0,Active
S06544,C06544,Basic,2025-03-20,,Annual,16.15,Active
S06545,C06545,Free,2026-01-29,,Monthly,0.0,Active
S06546,C06546,Basic,2025-12-17,2026-02-11,Monthly,19.0,Cancelled
S06547,C06547,Professional,2026-04-05,,Monthly,49.0,Active
S06548,C06548,Business,2025-12-13,,Monthly,99.0,Active
S06549,C06549,Business,2025-09-01,,Monthly,99.0,Active
S06550,C06550,Basic,2026-04-01,,Monthly,19.0,Active
S06551,C06551,Basic,2025-05-03,2026-02-28,Monthly,19.0,Cancelled
S06552,C06552,Basic,2025-11-05,2025-11-27,Monthly,19.0,Cancelled
S06553,C06553,Business,2025-03-27,,Annual,84.15,Active
S06554,C06554,Basic,2025-01-15,,Monthly,19.0,Active
S06555,C06555,Business,2025-02-17,,Annual,84.15,Active
S06556,C06556,Professional,2025-04-13,,Annual,41.65,Active
S06557,C06557,Professional,2025-08-19,,Annual,41.65,Active
S06558,C06558,Basic,2025-05-28,,Monthly,19.0,Active
S06559,C06559,Professional,2025-10-03,2026-02-18,Annual,41.65,Cancelled
S06560,C06560,Basic,2025-12-20,,Annual,16.15,Active
S06561,C06561,Free,2025-08-31,2026-05-24,Annual,0.0,Cancelled
S06562,C06562,Basic,2025-06-21,,Monthly,19.0,Active
S06563,C06563,Basic,2025-06-25,2025-09-02,Monthly,19.0,Cancelled
S06564,C06564,Professional,2025-10-10,,Annual,41.65,Active
S06565,C06565,Basic,2025-07-17,2025-10-03,Annual,16.15,Cancelled
S06566,C06566,Professional,2025-12-16,,Monthly,49.0,Active
S06567,C06567,Free,2025-03-15,,Monthly,0.0,Active
S06568,C06568,Professional,2025-09-15,,Annual,41.65,Active
S06569,C06569,Professional,2025-06-08,,Monthly,49.0,Active
S06570,C06570,Basic,2026-03-19,2026-05-27,Monthly,19.0,Cancelled
S06571,C06571,Basic,2025-07-30,,Annual,16.15,Active
S06572,C06572,Professional,2026-01-28,2026-05-16,Annual,41.65,Cancelled
S06573,C06573,Business,2025-02-14,,Monthly,99.0,Active
S06574,C06574,Basic,2025-05-28,2026-06-03,Annual,16.15,Cancelled
S06575,C06575,Professional,2026-03-29,2026-05-04,Annual,41.65,Cancelled
S06576,C06576,Free,2025-03-04,,Monthly,0.0,Active
S06577,C06577,Basic,2026-01-16,2026-06-03,Monthly,19.0,Cancelled
S06578,C06578,Business,2025-02-06,,Monthly,99.0,Active
S06579,C06579,Professional,2025-02-15,,Monthly,49.0,Active
S06580,C06580,Professional,2026-03-06,,Monthly,49.0,Active
S06581,C06581,Professional,2025-03-23,,Annual,41.65,Active
S06582,C06582,Professional,2026-02-16,2026-06-20,Annual,41.65,Cancelled
S06583,C06583,Basic,2026-02-28,2026-06-09,Monthly,19.0,Cancelled
S06584,C06584,Free,2025-03-16,,Annual,0.0,Active
S06585,C06585,Professional,2025-06-25,,Monthly,49.0,Active
S06586,C06586,Basic,2025-03-10,2025-11-20,Annual,16.15,Cancelled
S06587,C06587,Business,2026-04-03,,Monthly,99.0,Active
S06588,C06588,Professional,2025-03-15,,Monthly,49.0,Active
S06589,C06589,Business,2025-08-20,,Monthly,99.0,Active
S06590,C06590,Professional,2025-03-05,,Annual,41.65,Active
S06591,C06591,Free,2026-02-27,,Monthly,0.0,Active
S06592,C06592,Business,2025-10-20,,Annual,84.15,Active
S06593,C06593,Professional,2025-08-17,,Monthly,49.0,Active
S06594,C06594,Professional,2025-11-27,,Monthly,49.0,Active
S06595,C06595,Professional,2025-07-19,,Monthly,49.0,Active
S06596,C06596,Basic,2025-11-23,,Annual,16.15,Active
S06597,C06597,Professional,2025-04-12,,Monthly,49.0,Active
S06598,C06598,Business,2025-07-29,2025-12-24,Annual,84.15,Cancelled
S06599,C06599,Professional,2025-10-21,,Monthly,49.0,Active
S06600,C06600,Professional,2025-05-13,,Monthly,49.0,Active
S06601,C06601,Business,2026-02-18,,Monthly,99.0,Active
S06602,C06602,Basic,2025-03-23,,Monthly,19.0,Active
S06603,C06603,Business,2025-02-19,,Monthly,99.0,Active
S06604,C06604,Basic,2026-04-08,,Annual,16.15,Active
S06605,C06605,Business,2025-07-12,,Monthly,99.0,Active
S06606,C06606,Professional,2025-09-13,,Monthly,49.0,Active
S06607,C06607,Basic,2025-12-27,2026-03-12,Monthly,19.0,Cancelled
S06608,C06608,Business,2025-02-20,,Monthly,99.0,Active
S06609,C06609,Basic,2025-10-28,,Monthly,19.0,Active
S06610,C06610,Basic,2025-06-17,,Monthly,19.0,Active
S06611,C06611,Basic,2025-07-20,,Monthly,19.0,Active
S06612,C06612,Business,2025-01-22,,Monthly,99.0,Active
S06613,C06613,Free,2025-05-26,,Monthly,0.0,Active
S06614,C06614,Basic,2025-08-18,,Monthly,19.0,Active
S06615,C06615,Basic,2025-02-13,,Monthly,19.0,Active
S06616,C06616,Free,2025-06-12,2026-04-25,Monthly,0.0,Cancelled
S06617,C06617,Professional,2025-05-15,,Monthly,49.0,Active
S06618,C06618,Basic,2025-09-12,,Monthly,19.0,Active
S06619,C06619,Basic,2025-03-30,,Monthly,19.0,Active
S06620,C06620,Basic,2025-10-31,,Monthly,19.0,Active
S06621,C06621,Basic,2025-05-04,,Monthly,19.0,Active
S06622,C06622,Basic,2025-06-26,,Monthly,19.0,Active
S06623,C06623,Basic,2025-12-12,,Monthly,19.0,Active
S06624,C06624,Basic,2025-12-18,,Monthly,19.0,Active
S06625,C06625,Business,2025-10-18,,Monthly,99.0,Active
S06626,C06626,Professional,2025-03-10,,Monthly,49.0,Active
S06627,C06627,Basic,2025-02-16,,Monthly,19.0,Active
S06628,C06628,Basic,2025-11-21,,Annual,16.15,Active
S06629,C06629,Professional,2025-08-08,2026-06-26,Monthly,49.0,Cancelled
S06630,C06630,Professional,2025-09-15,,Annual,41.65,Active
S06631,C06631,Business,2026-04-02,2026-05-14,Annual,84.15,Cancelled
S06632,C06632,Basic,2025-01-31,,Monthly,19.0,Active
S06633,C06633,Business,2025-12-26,,Monthly,99.0,Active
S06634,C06634,Business,2025-02-14,,Monthly,99.0,Active
S06635,C06635,Basic,2025-12-31,,Monthly,19.0,Active
S06636,C06636,Professional,2025-09-18,,Monthly,49.0,Active
S06637,C06637,Basic,2025-08-30,,Monthly,19.0,Active
S06638,C06638,Business,2025-09-27,,Monthly,99.0,Active
S06639,C06639,Basic,2025-02-04,2025-10-25,Monthly,19.0,Cancelled
S06640,C06640,Professional,2025-02-28,,Monthly,49.0,Active
S06641,C06641,Free,2025-07-15,2026-01-28,Monthly,0.0,Cancelled
S06642,C06642,Professional,2026-04-15,2026-06-29,Monthly,49.0,Cancelled
S06643,C06643,Professional,2025-03-12,,Monthly,49.0,Active
S06644,C06644,Professional,2025-05-07,,Monthly,49.0,Active
S06645,C06645,Professional,2026-03-27,,Monthly,49.0,Active
S06646,C06646,Basic,2026-05-15,2026-06-27,Annual,16.15,Cancelled
S06647,C06647,Professional,2025-09-25,,Monthly,49.0,Active
S06648,C06648,Basic,2025-11-08,,Monthly,19.0,Active
S06649,C06649,Basic,2026-04-29,,Monthly,19.0,Active
S06650,C06650,Professional,2025-03-01,,Monthly,49.0,Active
S06651,C06651,Basic,2025-01-20,,Monthly,19.0,Active
S06652,C06652,Professional,2026-03-17,,Annual,41.65,Active
S06653,C06653,Professional,2025-01-09,,Monthly,49.0,Active
S06654,C06654,Business,2025-01-19,2026-02-16,Monthly,99.0,Cancelled
S06655,C06655,Basic,2026-01-02,,Annual,16.15,Active
S06656,C06656,Basic,2026-02-27,2026-05-06,Monthly,19.0,Cancelled
S06657,C06657,Professional,2025-04-10,,Annual,41.65,Active
S06658,C06658,Business,2025-02-16,,Monthly,99.0,Active
S06659,C06659,Basic,2025-07-05,,Annual,16.15,Active
S06660,C06660,Professional,2025-04-27,,Annual,41.65,Active
S06661,C06661,Professional,2025-08-18,,Monthly,49.0,Active
S06662,C06662,Professional,2025-04-02,,Monthly,49.0,Active
S06663,C06663,Professional,2025-12-28,,Monthly,49.0,Active
S06664,C06664,Business,2025-03-03,,Monthly,99.0,Active
S06665,C06665,Basic,2026-02-26,,Monthly,19.0,Active
S06666,C06666,Basic,2025-11-29,,Annual,16.15,Active
S06667,C06667,Professional,2025-01-12,2026-03-02,Monthly,49.0,Cancelled
S06668,C06668,Free,2025-06-09,,Monthly,0.0,Active
S06669,C06669,Basic,2025-07-02,,Monthly,19.0,Active
S06670,C06670,Professional,2026-04-14,2026-06-13,Monthly,49.0,Cancelled
S06671,C06671,Business,2025-02-08,,Monthly,99.0,Active
S06672,C06672,Professional,2026-04-14,,Monthly,49.0,Active
S06673,C06673,Professional,2026-04-22,,Monthly,49.0,Active
S06674,C06674,Professional,2025-05-30,2025-11-07,Monthly,49.0,Cancelled
S06675,C06675,Basic,2026-03-14,,Annual,16.15,Active
S06676,C06676,Professional,2026-04-26,,Monthly,49.0,Active
S06677,C06677,Basic,2026-01-13,,Monthly,19.0,Active
S06678,C06678,Basic,2025-07-11,,Monthly,19.0,Active
S06679,C06679,Business,2025-01-11,2025-04-01,Monthly,99.0,Cancelled
S06680,C06680,Professional,2026-05-10,,Monthly,49.0,Active
S06681,C06681,Professional,2025-08-07,2026-03-11,Monthly,49.0,Cancelled
S06682,C06682,Basic,2025-11-22,,Monthly,19.0,Active
S06683,C06683,Professional,2026-03-13,,Monthly,49.0,Active
S06684,C06684,Business,2026-03-05,,Monthly,99.0,Active
S06685,C06685,Professional,2025-04-23,,Monthly,49.0,Active
S06686,C06686,Professional,2025-10-25,,Monthly,49.0,Active
S06687,C06687,Professional,2025-12-25,2026-02-08,Monthly,49.0,Cancelled
S06688,C06688,Professional,2025-02-05,,Monthly,49.0,Active
S06689,C06689,Business,2025-09-19,,Monthly,99.0,Active
S06690,C06690,Professional,2026-04-26,2026-05-17,Monthly,49.0,Cancelled
S06691,C06691,Professional,2025-06-28,,Monthly,49.0,Active
S06692,C06692,Professional,2025-09-06,2026-03-27,Monthly,49.0,Cancelled
S06693,C06693,Business,2025-08-09,,Monthly,99.0,Active
S06694,C06694,Business,2025-08-08,,Annual,84.15,Active
S06695,C06695,Professional,2025-08-04,2025-09-29,Monthly,49.0,Cancelled
S06696,C06696,Professional,2026-02-28,2026-05-26,Annual,41.65,Cancelled
S06697,C06697,Business,2025-09-15,,Monthly,99.0,Active
S06698,C06698,Basic,2025-12-16,2026-04-26,Monthly,19.0,Cancelled
S06699,C06699,Business,2025-12-29,2026-06-14,Monthly,99.0,Cancelled
S06700,C06700,Basic,2025-11-23,,Monthly,19.0,Active
S06701,C06701,Professional,2025-08-28,,Monthly,49.0,Active
S06702,C06702,Basic,2026-01-20,2026-02-27,Monthly,19.0,Cancelled
S06703,C06703,Professional,2026-01-18,,Annual,41.65,Active
S06704,C06704,Basic,2025-01-24,,Monthly,19.0,Active
S06705,C06705,Basic,2025-03-11,,Monthly,19.0,Active
S06706,C06706,Professional,2025-07-17,,Monthly,49.0,Active
S06707,C06707,Free,2025-07-02,,Monthly,0.0,Active
S06708,C06708,Professional,2025-03-12,,Annual,41.65,Active
S06709,C06709,Free,2025-04-01,,Monthly,0.0,Active
S06710,C06710,Basic,2025-05-06,,Monthly,19.0,Active
S06711,C06711,Basic,2025-10-16,,Monthly,19.0,Active
S06712,C06712,Basic,2026-01-04,,Monthly,19.0,Active
S06713,C06713,Basic,2025-03-22,,Monthly,19.0,Active
S06714,C06714,Professional,2025-10-31,,Annual,41.65,Active
S06715,C06715,Basic,2025-04-14,,Monthly,19.0,Active
S06716,C06716,Professional,2026-01-25,,Monthly,49.0,Active
S06717,C06717,Basic,2025-01-09,,Monthly,19.0,Active
S06718,C06718,Basic,2025-01-27,,Monthly,19.0,Active
S06719,C06719,Professional,2025-08-14,2025-12-18,Monthly,49.0,Cancelled
S06720,C06720,Professional,2025-03-27,,Annual,41.65,Active
S06721,C06721,Professional,2026-03-02,,Monthly,49.0,Active
S06722,C06722,Basic,2025-04-13,2025-09-28,Monthly,19.0,Cancelled
S06723,C06723,Professional,2026-01-31,,Monthly,49.0,Active
S06724,C06724,Professional,2026-02-05,2026-06-13,Monthly,49.0,Cancelled
S06725,C06725,Basic,2025-11-03,,Monthly,19.0,Active
S06726,C06726,Professional,2025-03-13,,Monthly,49.0,Active
S06727,C06727,Professional,2025-03-20,,Monthly,49.0,Active
S06728,C06728,Professional,2026-05-01,,Monthly,49.0,Active
S06729,C06729,Basic,2025-09-09,2026-04-08,Monthly,19.0,Cancelled
S06730,C06730,Professional,2026-05-13,2026-06-14,Monthly,49.0,Cancelled
S06731,C06731,Professional,2025-12-01,,Monthly,49.0,Active
S06732,C06732,Professional,2025-08-28,,Monthly,49.0,Active
S06733,C06733,Professional,2026-04-26,,Annual,41.65,Active
S06734,C06734,Basic,2025-06-29,,Monthly,19.0,Active
S06735,C06735,Basic,2026-03-10,,Annual,16.15,Active
S06736,C06736,Basic,2026-02-08,2026-05-24,Monthly,19.0,Cancelled
S06737,C06737,Basic,2026-03-24,2026-05-08,Monthly,19.0,Cancelled
S06738,C06738,Basic,2025-09-25,,Monthly,19.0,Active
S06739,C06739,Business,2025-02-01,,Monthly,99.0,Active
S06740,C06740,Basic,2025-11-19,2026-02-28,Annual,16.15,Cancelled
S06741,C06741,Basic,2025-09-20,2026-05-02,Monthly,19.0,Cancelled
S06742,C06742,Basic,2025-06-09,,Monthly,19.0,Active
S06743,C06743,Professional,2025-03-25,,Annual,41.65,Active
S06744,C06744,Business,2025-08-29,2025-10-11,Monthly,99.0,Cancelled
S06745,C06745,Professional,2026-05-11,,Monthly,49.0,Active
S06746,C06746,Basic,2026-04-29,,Monthly,19.0,Active
S06747,C06747,Basic,2025-04-23,,Monthly,19.0,Active
S06748,C06748,Professional,2025-02-11,,Monthly,49.0,Active
S06749,C06749,Professional,2025-10-24,,Monthly,49.0,Active
S06750,C06750,Basic,2026-04-12,,Monthly,19.0,Active
S06751,C06751,Basic,2026-02-02,,Monthly,19.0,Active
S06752,C06752,Professional,2025-04-27,,Monthly,49.0,Active
S06753,C06753,Basic,2026-03-03,,Monthly,19.0,Active
S06754,C06754,Basic,2026-04-18,,Monthly,19.0,Active
S06755,C06755,Free,2025-07-03,,Monthly,0.0,Active
S06756,C06756,Free,2025-04-07,,Monthly,0.0,Active
S06757,C06757,Basic,2026-03-04,,Monthly,19.0,Active
S06758,C06758,Professional,2026-05-11,,Monthly,49.0,Active
S06759,C06759,Free,2025-12-03,,Monthly,0.0,Active
S06760,C06760,Basic,2026-01-01,,Monthly,19.0,Active
S06761,C06761,Business,2025-05-24,2026-05-03,Monthly,99.0,Cancelled
S06762,C06762,Professional,2025-03-30,,Monthly,49.0,Active
S06763,C06763,Free,2025-09-30,,Annual,0.0,Active
S06764,C06764,Free,2026-04-18,,Monthly,0.0,Active
S06765,C06765,Basic,2026-04-15,,Monthly,19.0,Active
S06766,C06766,Business,2025-04-10,2026-05-05,Monthly,99.0,Cancelled
S06767,C06767,Professional,2026-04-02,,Annual,41.65,Active
S06768,C06768,Free,2026-04-21,2026-06-18,Monthly,0.0,Cancelled
S06769,C06769,Basic,2026-02-16,,Monthly,19.0,Active
S06770,C06770,Basic,2025-07-22,2025-11-14,Monthly,19.0,Cancelled
S06771,C06771,Professional,2025-02-11,,Monthly,49.0,Active
S06772,C06772,Professional,2025-07-05,,Monthly,49.0,Active
S06773,C06773,Professional,2025-07-27,,Monthly,49.0,Active
S06774,C06774,Business,2026-03-05,2026-04-03,Monthly,99.0,Cancelled
S06775,C06775,Business,2025-07-27,,Annual,84.15,Active
S06776,C06776,Business,2025-04-11,2025-08-03,Monthly,99.0,Cancelled
S06777,C06777,Basic,2025-02-02,,Monthly,19.0,Active
S06778,C06778,Basic,2025-09-08,,Monthly,19.0,Active
S06779,C06779,Basic,2025-04-04,,Monthly,19.0,Active
S06780,C06780,Basic,2026-03-06,2026-05-20,Monthly,19.0,Cancelled
S06781,C06781,Business,2025-05-26,,Annual,84.15,Active
S06782,C06782,Business,2025-11-22,,Monthly,99.0,Active
S06783,C06783,Basic,2025-09-03,,Annual,16.15,Active
S06784,C06784,Basic,2025-01-11,,Monthly,19.0,Active
S06785,C06785,Professional,2025-09-14,,Monthly,49.0,Active
S06786,C06786,Free,2026-05-07,,Monthly,0.0,Active
S06787,C06787,Professional,2025-11-18,,Monthly,49.0,Active
S06788,C06788,Basic,2025-11-06,,Monthly,19.0,Active
S06789,C06789,Professional,2026-01-22,2026-06-17,Monthly,49.0,Cancelled
S06790,C06790,Basic,2025-07-18,2026-03-26,Monthly,19.0,Cancelled
S06791,C06791,Business,2025-11-15,,Monthly,99.0,Active
S06792,C06792,Business,2026-01-18,,Monthly,99.0,Active
S06793,C06793,Basic,2026-01-25,,Annual,16.15,Active
S06794,C06794,Basic,2025-02-20,,Monthly,19.0,Active
S06795,C06795,Basic,2026-01-31,2026-02-24,Monthly,19.0,Cancelled
S06796,C06796,Professional,2026-01-17,,Monthly,49.0,Active
S06797,C06797,Professional,2026-04-26,,Monthly,49.0,Active
S06798,C06798,Professional,2025-07-21,,Annual,41.65,Active
S06799,C06799,Professional,2025-12-26,,Monthly,49.0,Active
S06800,C06800,Basic,2025-02-14,,Monthly,19.0,Active
S06801,C06801,Basic,2026-03-24,,Annual,16.15,Active
S06802,C06802,Professional,2025-03-18,,Monthly,49.0,Active
S06803,C06803,Professional,2025-07-29,,Monthly,49.0,Active
S06804,C06804,Basic,2026-02-07,2026-05-26,Monthly,19.0,Cancelled
S06805,C06805,Basic,2025-08-15,,Monthly,19.0,Active
S06806,C06806,Professional,2025-03-06,,Monthly,49.0,Active
S06807,C06807,Basic,2026-02-16,2026-06-16,Monthly,19.0,Cancelled
S06808,C06808,Professional,2025-03-25,,Monthly,49.0,Active
S06809,C06809,Business,2026-05-07,2026-06-26,Monthly,99.0,Cancelled
S06810,C06810,Business,2025-08-13,,Annual,84.15,Active
S06811,C06811,Business,2025-03-03,,Annual,84.15,Active
S06812,C06812,Professional,2025-12-18,,Monthly,49.0,Active
S06813,C06813,Professional,2025-04-17,,Monthly,49.0,Active
S06814,C06814,Basic,2025-12-06,,Monthly,19.0,Active
S06815,C06815,Basic,2025-11-06,,Monthly,19.0,Active
S06816,C06816,Basic,2025-03-10,,Monthly,19.0,Active
S06817,C06817,Basic,2025-03-04,,Annual,16.15,Active
S06818,C06818,Business,2025-12-26,,Annual,84.15,Active
S06819,C06819,Basic,2026-01-13,,Monthly,19.0,Active
S06820,C06820,Basic,2025-10-28,,Monthly,19.0,Active
S06821,C06821,Basic,2025-12-02,,Annual,16.15,Active
S06822,C06822,Professional,2025-09-28,,Monthly,49.0,Active
S06823,C06823,Basic,2025-12-06,2026-05-03,Monthly,19.0,Cancelled
S06824,C06824,Free,2025-09-29,,Monthly,0.0,Active
S06825,C06825,Professional,2025-04-03,,Monthly,49.0,Active
S06826,C06826,Professional,2025-06-02,,Monthly,49.0,Active
S06827,C06827,Basic,2026-04-22,,Monthly,19.0,Active
S06828,C06828,Basic,2025-07-23,,Monthly,19.0,Active
S06829,C06829,Basic,2026-04-09,,Monthly,19.0,Active
S06830,C06830,Free,2026-04-25,,Monthly,0.0,Active
S06831,C06831,Professional,2025-09-06,,Annual,41.65,Active
S06832,C06832,Free,2025-10-09,2025-11-24,Annual,0.0,Cancelled
S06833,C06833,Business,2026-01-14,,Annual,84.15,Active
S06834,C06834,Free,2025-01-03,2025-05-08,Monthly,0.0,Cancelled
S06835,C06835,Professional,2025-04-30,,Annual,41.65,Active
S06836,C06836,Professional,2025-11-06,,Monthly,49.0,Active
S06837,C06837,Business,2025-09-18,,Monthly,99.0,Active
S06838,C06838,Basic,2025-12-08,,Monthly,19.0,Active
S06839,C06839,Professional,2025-11-26,2026-05-31,Annual,41.65,Cancelled
S06840,C06840,Basic,2025-10-19,,Monthly,19.0,Active
S06841,C06841,Basic,2026-03-12,,Monthly,19.0,Active
S06842,C06842,Professional,2025-05-05,,Monthly,49.0,Active
S06843,C06843,Basic,2025-09-01,2026-01-20,Monthly,19.0,Cancelled
S06844,C06844,Basic,2025-05-06,,Annual,16.15,Active
S06845,C06845,Professional,2026-05-05,,Monthly,49.0,Active
S06846,C06846,Business,2025-06-20,,Monthly,99.0,Active
S06847,C06847,Professional,2026-04-29,,Annual,41.65,Active
S06848,C06848,Professional,2025-06-08,,Monthly,49.0,Active
S06849,C06849,Professional,2025-10-26,,Monthly,49.0,Active
S06850,C06850,Business,2026-03-17,2026-05-21,Monthly,99.0,Cancelled
S06851,C06851,Professional,2025-04-01,,Annual,41.65,Active
S06852,C06852,Professional,2025-11-26,2026-06-23,Monthly,49.0,Cancelled
S06853,C06853,Professional,2026-02-05,,Monthly,49.0,Active
S06854,C06854,Professional,2025-07-04,,Monthly,49.0,Active
S06855,C06855,Professional,2025-11-22,,Monthly,49.0,Active
S06856,C06856,Professional,2025-12-10,,Monthly,49.0,Active
S06857,C06857,Professional,2025-03-24,,Monthly,49.0,Active
S06858,C06858,Business,2025-07-02,,Monthly,99.0,Active
S06859,C06859,Professional,2025-07-16,,Monthly,49.0,Active
S06860,C06860,Professional,2025-01-17,,Monthly,49.0,Active
S06861,C06861,Free,2026-03-03,,Annual,0.0,Active
S06862,C06862,Basic,2025-06-25,2025-08-07,Annual,16.15,Cancelled
S06863,C06863,Professional,2025-01-11,,Monthly,49.0,Active
S06864,C06864,Professional,2026-04-25,,Annual,41.65,Active
S06865,C06865,Basic,2025-01-15,2025-09-10,Annual,16.15,Cancelled
S06866,C06866,Basic,2025-06-11,,Monthly,19.0,Active
S06867,C06867,Professional,2025-07-31,,Annual,41.65,Active
S06868,C06868,Basic,2025-05-07,2026-03-13,Annual,16.15,Cancelled
S06869,C06869,Basic,2025-04-11,,Monthly,19.0,Active
S06870,C06870,Professional,2025-07-15,,Monthly,49.0,Active
S06871,C06871,Professional,2026-04-23,,Monthly,49.0,Active
S06872,C06872,Basic,2025-05-24,,Monthly,19.0,Active
S06873,C06873,Free,2026-01-22,2026-03-21,Monthly,0.0,Cancelled
S06874,C06874,Basic,2025-07-25,,Monthly,19.0,Active
S06875,C06875,Professional,2025-10-25,,Monthly,49.0,Active
S06876,C06876,Business,2025-12-30,2026-03-10,Monthly,99.0,Cancelled
S06877,C06877,Basic,2025-11-21,,Monthly,19.0,Active
S06878,C06878,Free,2025-04-08,,Monthly,0.0,Active
S06879,C06879,Basic,2025-06-22,,Monthly,19.0,Active
S06880,C06880,Professional,2025-01-17,,Monthly,49.0,Active
S06881,C06881,Professional,2025-01-03,,Monthly,49.0,Active
S06882,C06882,Basic,2025-05-07,2025-06-25,Monthly,19.0,Cancelled
S06883,C06883,Basic,2025-05-03,2026-03-07,Monthly,19.0,Cancelled
S06884,C06884,Basic,2025-10-04,,Annual,16.15,Active
S06885,C06885,Basic,2025-04-05,,Monthly,19.0,Active
S06886,C06886,Basic,2026-01-17,2026-04-26,Annual,16.15,Cancelled
S06887,C06887,Professional,2025-01-05,,Monthly,49.0,Active
S06888,C06888,Basic,2026-04-07,2026-06-12,Monthly,19.0,Cancelled
S06889,C06889,Basic,2025-11-01,,Annual,16.15,Active
S06890,C06890,Free,2025-07-14,,Monthly,0.0,Active
S06891,C06891,Free,2025-11-24,,Monthly,0.0,Active
S06892,C06892,Business,2025-07-03,,Annual,84.15,Active
S06893,C06893,Professional,2025-03-03,2025-10-05,Annual,41.65,Cancelled
S06894,C06894,Basic,2025-03-06,,Monthly,19.0,Active
S06895,C06895,Basic,2025-05-29,,Monthly,19.0,Active
S06896,C06896,Professional,2026-01-31,2026-04-17,Monthly,49.0,Cancelled
S06897,C06897,Professional,2025-02-16,,Monthly,49.0,Active
S06898,C06898,Basic,2025-02-20,,Monthly,19.0,Active
S06899,C06899,Business,2025-12-22,2026-05-01,Monthly,99.0,Cancelled
S06900,C06900,Professional,2025-06-12,,Monthly,49.0,Active
S06901,C06901,Professional,2025-05-11,,Monthly,49.0,Active
S06902,C06902,Basic,2025-01-22,,Monthly,19.0,Active
S06903,C06903,Basic,2026-04-23,,Monthly,19.0,Active
S06904,C06904,Basic,2025-06-06,,Monthly,19.0,Active
S06905,C06905,Business,2026-02-21,,Monthly,99.0,Active
S06906,C06906,Basic,2025-03-08,,Monthly,19.0,Active
S06907,C06907,Business,2025-10-11,,Annual,84.15,Active
S06908,C06908,Basic,2025-10-04,,Monthly,19.0,Active
S06909,C06909,Free,2025-03-03,,Monthly,0.0,Active
S06910,C06910,Free,2025-02-14,,Monthly,0.0,Active
S06911,C06911,Professional,2025-04-09,2025-09-11,Monthly,49.0,Cancelled
S06912,C06912,Business,2025-05-28,,Monthly,99.0,Active
S06913,C06913,Business,2025-07-09,,Monthly,99.0,Active
S06914,C06914,Professional,2026-02-03,,Monthly,49.0,Active
S06915,C06915,Professional,2025-09-19,,Annual,41.65,Active
S06916,C06916,Professional,2025-06-18,,Monthly,49.0,Active
S06917,C06917,Free,2026-05-16,,Annual,0.0,Active
S06918,C06918,Free,2025-02-11,,Annual,0.0,Active
S06919,C06919,Professional,2025-11-19,,Monthly,49.0,Active
S06920,C06920,Professional,2026-05-16,,Monthly,49.0,Active
S06921,C06921,Professional,2025-11-08,,Annual,41.65,Active
S06922,C06922,Basic,2025-10-04,,Annual,16.15,Active
S06923,C06923,Business,2025-07-27,,Monthly,99.0,Active
S06924,C06924,Basic,2025-08-12,,Monthly,19.0,Active
S06925,C06925,Basic,2025-09-05,,Monthly,19.0,Active
S06926,C06926,Basic,2025-02-11,2025-10-07,Monthly,19.0,Cancelled
S06927,C06927,Basic,2025-07-20,,Monthly,19.0,Active
S06928,C06928,Business,2025-11-13,,Monthly,99.0,Active
S06929,C06929,Free,2026-04-29,,Annual,0.0,Active
S06930,C06930,Professional,2025-07-18,,Monthly,49.0,Active
S06931,C06931,Basic,2025-03-16,2025-07-31,Monthly,19.0,Cancelled
S06932,C06932,Professional,2025-12-03,,Monthly,49.0,Active
S06933,C06933,Professional,2025-04-04,,Monthly,49.0,Active
S06934,C06934,Professional,2026-03-11,2026-05-06,Monthly,49.0,Cancelled
S06935,C06935,Professional,2025-07-09,,Monthly,49.0,Active
S06936,C06936,Professional,2026-03-20,,Annual,41.65,Active
S06937,C06937,Basic,2026-05-02,,Monthly,19.0,Active
S06938,C06938,Basic,2026-02-05,,Monthly,19.0,Active
S06939,C06939,Professional,2025-06-21,,Monthly,49.0,Active
S06940,C06940,Professional,2025-08-08,2026-01-17,Monthly,49.0,Cancelled
S06941,C06941,Basic,2025-02-15,,Annual,16.15,Active
S06942,C06942,Business,2025-12-31,,Monthly,99.0,Active
S06943,C06943,Business,2026-01-26,,Annual,84.15,Active
S06944,C06944,Professional,2026-04-24,,Monthly,49.0,Active
S06945,C06945,Professional,2025-03-15,,Monthly,49.0,Active
S06946,C06946,Professional,2025-06-23,,Monthly,49.0,Active
S06947,C06947,Free,2025-04-17,2026-05-28,Monthly,0.0,Cancelled
S06948,C06948,Professional,2026-03-27,,Annual,41.65,Active
S06949,C06949,Professional,2025-10-10,,Monthly,49.0,Active
S06950,C06950,Basic,2025-07-11,,Monthly,19.0,Active
S06951,C06951,Basic,2025-05-06,,Monthly,19.0,Active
S06952,C06952,Professional,2026-04-28,,Annual,41.65,Active
S06953,C06953,Professional,2025-12-31,,Monthly,49.0,Active
S06954,C06954,Basic,2025-05-02,,Annual,16.15,Active
S06955,C06955,Professional,2025-04-14,2025-06-05,Monthly,49.0,Cancelled
S06956,C06956,Basic,2025-05-28,,Monthly,19.0,Active
S06957,C06957,Basic,2026-01-25,,Annual,16.15,Active
S06958,C06958,Professional,2026-01-16,,Monthly,49.0,Active
S06959,C06959,Business,2025-05-25,,Monthly,99.0,Active
S06960,C06960,Basic,2025-11-26,,Monthly,19.0,Active
S06961,C06961,Basic,2025-10-25,,Annual,16.15,Active
S06962,C06962,Free,2025-01-06,,Monthly,0.0,Active
S06963,C06963,Basic,2025-02-12,,Monthly,19.0,Active
S06964,C06964,Professional,2025-02-06,,Monthly,49.0,Active
S06965,C06965,Free,2025-12-30,,Monthly,0.0,Active
S06966,C06966,Business,2025-07-18,,Annual,84.15,Active
S06967,C06967,Basic,2025-09-07,,Annual,16.15,Active
S06968,C06968,Basic,2025-11-18,2026-01-16,Annual,16.15,Cancelled
S06969,C06969,Business,2025-06-19,,Annual,84.15,Active
S06970,C06970,Basic,2025-12-10,,Monthly,19.0,Active
S06971,C06971,Business,2025-11-20,,Annual,84.15,Active
S06972,C06972,Business,2025-08-30,,Monthly,99.0,Active
S06973,C06973,Basic,2025-04-14,,Monthly,19.0,Active
S06974,C06974,Basic,2026-04-28,2026-06-19,Monthly,19.0,Cancelled
S06975,C06975,Business,2025-04-22,,Annual,84.15,Active
S06976,C06976,Professional,2025-01-31,,Monthly,49.0,Active
S06977,C06977,Basic,2025-09-29,,Annual,16.15,Active
S06978,C06978,Basic,2025-10-02,,Monthly,19.0,Active
S06979,C06979,Professional,2025-10-19,,Monthly,49.0,Active
S06980,C06980,Professional,2026-04-25,,Monthly,49.0,Active
S06981,C06981,Professional,2026-05-02,2026-06-24,Monthly,49.0,Cancelled
S06982,C06982,Basic,2025-11-21,,Monthly,19.0,Active
S06983,C06983,Basic,2025-04-12,2026-06-02,Monthly,19.0,Cancelled
S06984,C06984,Free,2025-10-20,,Monthly,0.0,Active
S06985,C06985,Basic,2025-08-21,,Monthly,19.0,Active
S06986,C06986,Professional,2025-06-07,,Monthly,49.0,Active
S06987,C06987,Professional,2026-02-11,,Monthly,49.0,Active
S06988,C06988,Basic,2025-12-30,,Annual,16.15,Active
S06989,C06989,Professional,2025-07-21,,Monthly,49.0,Active
S06990,C06990,Business,2026-01-27,2026-04-29,Monthly,99.0,Cancelled
S06991,C06991,Basic,2026-04-27,2026-05-23,Monthly,19.0,Cancelled
S06992,C06992,Free,2025-08-24,,Monthly,0.0,Active
S06993,C06993,Professional,2025-12-14,,Monthly,49.0,Active
S06994,C06994,Basic,2025-06-10,,Annual,16.15,Active
S06995,C06995,Basic,2026-02-01,2026-06-24,Monthly,19.0,Cancelled
S06996,C06996,Free,2025-02-24,,Monthly,0.0,Active
S06997,C06997,Business,2026-04-05,,Monthly,99.0,Active
S06998,C06998,Basic,2026-04-14,2026-05-24,Monthly,19.0,Cancelled
S06999,C06999,Free,2025-01-27,,Monthly,0.0,Active
S07000,C07000,Basic,2025-09-01,,Monthly,19.0,Active
S07001,C07001,Basic,2025-08-19,,Monthly,19.0,Active
S07002,C07002,Free,2026-02-07,2026-06-22,Monthly,0.0,Cancelled
S07003,C07003,Professional,2026-04-30,,Monthly,49.0,Active
S07004,C07004,Basic,2025-03-24,2025-05-07,Monthly,19.0,Cancelled
S07005,C07005,Basic,2025-11-18,,Annual,16.15,Active
S07006,C07006,Basic,2025-12-14,2026-01-25,Monthly,19.0,Cancelled
S07007,C07007,Business,2025-06-20,,Monthly,99.0,Active
S07008,C07008,Business,2025-08-30,,Monthly,99.0,Active
S07009,C07009,Professional,2026-02-24,,Monthly,49.0,Active
S07010,C07010,Professional,2026-01-07,,Annual,41.65,Active
S07011,C07011,Basic,2025-03-19,,Monthly,19.0,Active
S07012,C07012,Basic,2025-09-19,,Annual,16.15,Active
S07013,C07013,Business,2026-02-19,,Monthly,99.0,Active
S07014,C07014,Professional,2026-01-17,,Annual,41.65,Active
S07015,C07015,Basic,2025-02-11,,Annual,16.15,Active
S07016,C07016,Basic,2025-10-28,,Monthly,19.0,Active
S07017,C07017,Professional,2026-05-08,,Monthly,49.0,Active
S07018,C07018,Professional,2025-09-07,,Monthly,49.0,Active
S07019,C07019,Professional,2025-12-23,,Annual,41.65,Active
S07020,C07020,Free,2025-05-20,2025-08-03,Monthly,0.0,Cancelled
S07021,C07021,Professional,2025-09-13,,Monthly,49.0,Active
S07022,C07022,Basic,2026-05-01,2026-06-22,Monthly,19.0,Cancelled
S07023,C07023,Professional,2026-02-01,,Annual,41.65,Active
S07024,C07024,Basic,2025-08-04,,Monthly,19.0,Active
S07025,C07025,Professional,2025-04-02,,Monthly,49.0,Active
S07026,C07026,Professional,2025-11-15,,Annual,41.65,Active
S07027,C07027,Basic,2025-06-15,,Monthly,19.0,Active
S07028,C07028,Basic,2025-08-30,2025-10-28,Monthly,19.0,Cancelled
S07029,C07029,Basic,2026-03-18,,Monthly,19.0,Active
S07030,C07030,Basic,2025-04-01,2025-06-21,Monthly,19.0,Cancelled
S07031,C07031,Basic,2025-09-22,,Monthly,19.0,Active
S07032,C07032,Professional,2025-02-15,,Monthly,49.0,Active
S07033,C07033,Free,2025-11-02,,Monthly,0.0,Active
S07034,C07034,Business,2025-03-03,,Monthly,99.0,Active
S07035,C07035,Free,2025-12-08,,Monthly,0.0,Active
S07036,C07036,Basic,2025-06-22,,Annual,16.15,Active
S07037,C07037,Business,2025-03-28,,Monthly,99.0,Active
S07038,C07038,Business,2026-02-26,,Monthly,99.0,Active
S07039,C07039,Basic,2026-04-13,2026-06-24,Annual,16.15,Cancelled
S07040,C07040,Free,2025-11-15,,Monthly,0.0,Active
S07041,C07041,Basic,2025-04-13,,Monthly,19.0,Active
S07042,C07042,Professional,2025-03-27,,Monthly,49.0,Active
S07043,C07043,Basic,2025-07-03,,Annual,16.15,Active
S07044,C07044,Professional,2025-11-16,,Monthly,49.0,Active
S07045,C07045,Basic,2025-01-17,,Monthly,19.0,Active
S07046,C07046,Basic,2025-09-26,,Annual,16.15,Active
S07047,C07047,Business,2025-10-16,,Monthly,99.0,Active
S07048,C07048,Business,2026-02-10,,Monthly,99.0,Active
S07049,C07049,Basic,2025-03-04,,Annual,16.15,Active
S07050,C07050,Basic,2025-09-04,,Monthly,19.0,Active
S07051,C07051,Basic,2025-02-10,,Annual,16.15,Active
S07052,C07052,Basic,2025-11-19,,Monthly,19.0,Active
S07053,C07053,Professional,2025-04-20,,Monthly,49.0,Active
S07054,C07054,Basic,2025-09-28,,Monthly,19.0,Active
S07055,C07055,Professional,2026-02-03,,Monthly,49.0,Active
S07056,C07056,Professional,2026-04-07,,Monthly,49.0,Active
S07057,C07057,Basic,2025-01-28,2025-11-13,Monthly,19.0,Cancelled
S07058,C07058,Professional,2025-04-20,2025-12-04,Monthly,49.0,Cancelled
S07059,C07059,Business,2026-05-11,,Monthly,99.0,Active
S07060,C07060,Business,2025-05-05,,Annual,84.15,Active
S07061,C07061,Business,2025-08-09,,Monthly,99.0,Active
S07062,C07062,Free,2025-10-05,,Annual,0.0,Active
S07063,C07063,Professional,2025-06-15,2026-02-01,Annual,41.65,Cancelled
S07064,C07064,Free,2025-10-26,2026-01-12,Monthly,0.0,Cancelled
S07065,C07065,Professional,2026-04-17,,Monthly,49.0,Active
S07066,C07066,Professional,2026-05-10,,Annual,41.65,Active
S07067,C07067,Basic,2025-08-16,2025-09-29,Annual,16.15,Cancelled
S07068,C07068,Business,2026-02-15,,Annual,84.15,Active
S07069,C07069,Business,2025-03-19,,Annual,84.15,Active
S07070,C07070,Free,2025-10-27,,Annual,0.0,Active
S07071,C07071,Professional,2025-05-23,,Monthly,49.0,Active
S07072,C07072,Professional,2025-04-16,,Monthly,49.0,Active
S07073,C07073,Basic,2025-03-29,,Monthly,19.0,Active
S07074,C07074,Basic,2025-10-11,,Monthly,19.0,Active
S07075,C07075,Professional,2025-06-02,,Annual,41.65,Active
S07076,C07076,Basic,2025-12-15,,Annual,16.15,Active
S07077,C07077,Free,2025-02-17,,Annual,0.0,Active
S07078,C07078,Basic,2025-12-20,,Monthly,19.0,Active
S07079,C07079,Business,2025-07-02,,Annual,84.15,Active
S07080,C07080,Business,2025-12-25,,Annual,84.15,Active
S07081,C07081,Professional,2025-07-04,,Monthly,49.0,Active
S07082,C07082,Professional,2025-06-26,,Monthly,49.0,Active
S07083,C07083,Professional,2026-01-27,,Annual,41.65,Active
S07084,C07084,Professional,2025-05-31,,Monthly,49.0,Active
S07085,C07085,Basic,2026-03-12,2026-04-15,Monthly,19.0,Cancelled
S07086,C07086,Professional,2025-03-19,,Monthly,49.0,Active
S07087,C07087,Professional,2025-08-22,,Monthly,49.0,Active
S07088,C07088,Professional,2026-03-01,2026-03-25,Monthly,49.0,Cancelled
S07089,C07089,Professional,2025-10-10,,Monthly,49.0,Active
S07090,C07090,Professional,2025-01-28,,Monthly,49.0,Active
S07091,C07091,Professional,2025-07-13,,Monthly,49.0,Active
S07092,C07092,Basic,2026-03-08,,Monthly,19.0,Active
S07093,C07093,Professional,2025-12-02,,Annual,41.65,Active
S07094,C07094,Basic,2025-08-19,,Annual,16.15,Active
S07095,C07095,Professional,2025-04-29,,Annual,41.65,Active
S07096,C07096,Basic,2026-02-27,,Monthly,19.0,Active
S07097,C07097,Professional,2026-03-05,2026-05-05,Monthly,49.0,Cancelled
S07098,C07098,Basic,2025-09-13,,Annual,16.15,Active
S07099,C07099,Business,2025-12-20,,Monthly,99.0,Active
S07100,C07100,Basic,2025-06-12,,Annual,16.15,Active
S07101,C07101,Basic,2025-06-04,,Monthly,19.0,Active
S07102,C07102,Basic,2025-06-07,2026-02-25,Monthly,19.0,Cancelled
S07103,C07103,Professional,2026-05-11,,Monthly,49.0,Active
S07104,C07104,Basic,2026-03-01,,Monthly,19.0,Active
S07105,C07105,Professional,2026-02-22,,Monthly,49.0,Active
S07106,C07106,Basic,2025-12-22,,Monthly,19.0,Active
S07107,C07107,Professional,2025-01-11,,Monthly,49.0,Active
S07108,C07108,Basic,2025-11-19,,Monthly,19.0,Active
S07109,C07109,Basic,2025-07-05,,Monthly,19.0,Active
S07110,C07110,Business,2026-05-16,2026-06-08,Annual,84.15,Cancelled
S07111,C07111,Professional,2025-10-26,,Monthly,49.0,Active
S07112,C07112,Professional,2025-05-18,2025-07-02,Monthly,49.0,Cancelled
S07113,C07113,Basic,2025-05-04,,Monthly,19.0,Active
S07114,C07114,Professional,2025-10-17,,Monthly,49.0,Active
S07115,C07115,Professional,2025-07-27,,Monthly,49.0,Active
S07116,C07116,Basic,2025-08-13,,Monthly,19.0,Active
S07117,C07117,Basic,2026-01-30,2026-06-30,Monthly,19.0,Cancelled
S07118,C07118,Professional,2025-10-28,,Monthly,49.0,Active
S07119,C07119,Professional,2025-11-07,,Annual,41.65,Active
S07120,C07120,Professional,2025-11-27,,Monthly,49.0,Active
S07121,C07121,Professional,2026-01-21,2026-05-01,Monthly,49.0,Cancelled
S07122,C07122,Basic,2025-05-08,,Monthly,19.0,Active
S07123,C07123,Professional,2025-03-04,,Monthly,49.0,Active
S07124,C07124,Professional,2026-02-16,2026-05-18,Monthly,49.0,Cancelled
S07125,C07125,Professional,2025-02-01,2025-10-24,Monthly,49.0,Cancelled
S07126,C07126,Professional,2026-01-04,,Monthly,49.0,Active
S07127,C07127,Professional,2025-07-10,2025-08-13,Monthly,49.0,Cancelled
S07128,C07128,Business,2025-11-03,,Monthly,99.0,Active
S07129,C07129,Basic,2025-06-15,,Monthly,19.0,Active
S07130,C07130,Business,2025-03-23,,Monthly,99.0,Active
S07131,C07131,Basic,2026-02-24,2026-04-16,Monthly,19.0,Cancelled
S07132,C07132,Business,2025-03-01,,Annual,84.15,Active
S07133,C07133,Basic,2026-01-12,2026-05-28,Monthly,19.0,Cancelled
S07134,C07134,Free,2025-11-27,,Annual,0.0,Active
S07135,C07135,Basic,2025-12-01,,Annual,16.15,Active
S07136,C07136,Business,2026-01-20,,Monthly,99.0,Active
S07137,C07137,Professional,2025-01-02,,Monthly,49.0,Active
S07138,C07138,Professional,2025-04-05,,Monthly,49.0,Active
S07139,C07139,Professional,2025-07-25,,Annual,41.65,Active
S07140,C07140,Business,2026-05-13,,Annual,84.15,Active
S07141,C07141,Professional,2025-06-25,,Annual,41.65,Active
S07142,C07142,Basic,2025-03-10,,Monthly,19.0,Active
S07143,C07143,Professional,2025-08-09,,Monthly,49.0,Active
S07144,C07144,Basic,2025-09-01,,Monthly,19.0,Active
S07145,C07145,Business,2025-11-27,,Monthly,99.0,Active
S07146,C07146,Basic,2026-04-22,,Monthly,19.0,Active
S07147,C07147,Free,2025-09-29,,Monthly,0.0,Active
S07148,C07148,Basic,2026-04-11,,Annual,16.15,Active
S07149,C07149,Professional,2026-02-07,2026-06-01,Annual,41.65,Cancelled
S07150,C07150,Business,2025-10-26,,Monthly,99.0,Active
S07151,C07151,Professional,2026-04-01,,Monthly,49.0,Active
S07152,C07152,Free,2025-02-24,,Annual,0.0,Active
S07153,C07153,Basic,2025-09-30,,Monthly,19.0,Active
S07154,C07154,Basic,2025-02-16,,Annual,16.15,Active
S07155,C07155,Professional,2026-04-21,,Monthly,49.0,Active
S07156,C07156,Free,2025-12-19,,Monthly,0.0,Active
S07157,C07157,Professional,2025-09-01,,Monthly,49.0,Active
S07158,C07158,Basic,2025-08-15,,Annual,16.15,Active
S07159,C07159,Basic,2025-07-09,2026-06-14,Monthly,19.0,Cancelled
S07160,C07160,Basic,2026-03-16,2026-04-12,Monthly,19.0,Cancelled
S07161,C07161,Professional,2026-04-08,,Monthly,49.0,Active
S07162,C07162,Basic,2026-04-29,,Monthly,19.0,Active
S07163,C07163,Basic,2025-01-28,2026-01-21,Monthly,19.0,Cancelled
S07164,C07164,Professional,2026-02-04,,Monthly,49.0,Active
S07165,C07165,Free,2025-12-09,2026-05-08,Annual,0.0,Cancelled
S07166,C07166,Basic,2026-02-24,,Monthly,19.0,Active
S07167,C07167,Free,2026-01-19,,Monthly,0.0,Active
S07168,C07168,Basic,2026-03-01,,Monthly,19.0,Active
S07169,C07169,Business,2025-06-16,,Monthly,99.0,Active
S07170,C07170,Basic,2025-07-05,,Annual,16.15,Active
S07171,C07171,Business,2026-03-27,,Monthly,99.0,Active
S07172,C07172,Business,2025-05-20,2025-07-19,Monthly,99.0,Cancelled
S07173,C07173,Professional,2025-05-04,,Monthly,49.0,Active
S07174,C07174,Business,2025-07-09,2025-10-27,Monthly,99.0,Cancelled
S07175,C07175,Professional,2025-07-11,,Monthly,49.0,Active
S07176,C07176,Professional,2026-01-09,,Monthly,49.0,Active
S07177,C07177,Free,2026-03-23,,Monthly,0.0,Active
S07178,C07178,Professional,2025-01-01,2025-05-07,Monthly,49.0,Cancelled
S07179,C07179,Basic,2026-04-08,,Monthly,19.0,Active
S07180,C07180,Basic,2025-02-02,,Annual,16.15,Active
S07181,C07181,Professional,2026-04-22,,Monthly,49.0,Active
S07182,C07182,Basic,2025-10-17,,Monthly,19.0,Active
S07183,C07183,Professional,2025-11-16,,Monthly,49.0,Active
S07184,C07184,Professional,2026-02-05,,Monthly,49.0,Active
S07185,C07185,Business,2025-04-08,,Monthly,99.0,Active
S07186,C07186,Professional,2026-01-20,,Monthly,49.0,Active
S07187,C07187,Business,2026-05-03,,Monthly,99.0,Active
S07188,C07188,Basic,2026-05-15,,Annual,16.15,Active
S07189,C07189,Basic,2025-07-09,,Annual,16.15,Active
S07190,C07190,Basic,2025-10-09,,Monthly,19.0,Active
S07191,C07191,Professional,2025-10-25,,Monthly,49.0,Active
S07192,C07192,Free,2025-05-08,,Monthly,0.0,Active
S07193,C07193,Basic,2025-09-07,,Monthly,19.0,Active
S07194,C07194,Free,2025-09-30,,Annual,0.0,Active
S07195,C07195,Basic,2025-04-16,,Monthly,19.0,Active
S07196,C07196,Professional,2026-04-04,,Annual,41.65,Active
S07197,C07197,Basic,2026-04-13,2026-06-21,Annual,16.15,Cancelled
S07198,C07198,Professional,2025-10-01,,Monthly,49.0,Active
S07199,C07199,Professional,2025-03-04,,Monthly,49.0,Active
S07200,C07200,Basic,2025-08-28,2026-04-11,Monthly,19.0,Cancelled
S07201,C07201,Basic,2025-06-16,,Monthly,19.0,Active
S07202,C07202,Basic,2025-03-20,2026-02-10,Monthly,19.0,Cancelled
S07203,C07203,Business,2026-03-04,,Monthly,99.0,Active
S07204,C07204,Professional,2025-07-25,,Monthly,49.0,Active
S07205,C07205,Professional,2025-06-18,,Monthly,49.0,Active
S07206,C07206,Professional,2025-10-29,,Monthly,49.0,Active
S07207,C07207,Business,2026-03-10,,Monthly,99.0,Active
S07208,C07208,Professional,2025-09-13,,Monthly,49.0,Active
S07209,C07209,Basic,2026-02-28,,Monthly,19.0,Active
S07210,C07210,Business,2025-01-03,,Monthly,99.0,Active
S07211,C07211,Basic,2025-11-30,,Annual,16.15,Active
S07212,C07212,Professional,2025-07-07,,Monthly,49.0,Active
S07213,C07213,Professional,2025-02-16,,Monthly,49.0,Active
S07214,C07214,Basic,2025-01-21,,Annual,16.15,Active
S07215,C07215,Basic,2025-07-28,,Monthly,19.0,Active
S07216,C07216,Business,2025-11-19,,Monthly,99.0,Active
S07217,C07217,Free,2025-10-18,2026-03-07,Monthly,0.0,Cancelled
S07218,C07218,Basic,2025-09-23,,Monthly,19.0,Active
S07219,C07219,Professional,2025-09-16,2025-10-16,Monthly,49.0,Cancelled
S07220,C07220,Business,2025-12-05,2026-06-28,Monthly,99.0,Cancelled
S07221,C07221,Professional,2026-03-24,,Monthly,49.0,Active
S07222,C07222,Business,2026-01-26,,Monthly,99.0,Active
S07223,C07223,Professional,2025-05-30,2026-01-15,Monthly,49.0,Cancelled
S07224,C07224,Basic,2025-05-28,,Monthly,19.0,Active
S07225,C07225,Basic,2025-08-27,,Monthly,19.0,Active
S07226,C07226,Basic,2025-01-09,,Monthly,19.0,Active
S07227,C07227,Professional,2025-03-02,,Monthly,49.0,Active
S07228,C07228,Basic,2025-07-18,,Monthly,19.0,Active
S07229,C07229,Professional,2025-10-29,,Monthly,49.0,Active
S07230,C07230,Business,2025-02-23,,Annual,84.15,Active
S07231,C07231,Free,2026-01-20,,Monthly,0.0,Active
S07232,C07232,Business,2026-01-08,,Monthly,99.0,Active
S07233,C07233,Basic,2025-12-05,2026-02-28,Monthly,19.0,Cancelled
S07234,C07234,Professional,2026-01-16,2026-03-25,Annual,41.65,Cancelled
S07235,C07235,Business,2025-07-14,,Monthly,99.0,Active
S07236,C07236,Basic,2025-02-27,,Monthly,19.0,Active
S07237,C07237,Basic,2026-01-18,,Monthly,19.0,Active
S07238,C07238,Professional,2025-08-28,,Monthly,49.0,Active
S07239,C07239,Free,2025-11-27,,Annual,0.0,Active
S07240,C07240,Basic,2025-05-05,,Monthly,19.0,Active
S07241,C07241,Business,2025-10-28,,Monthly,99.0,Active
S07242,C07242,Professional,2025-09-16,,Annual,41.65,Active
S07243,C07243,Professional,2025-09-19,,Annual,41.65,Active
S07244,C07244,Professional,2025-08-04,,Monthly,49.0,Active
S07245,C07245,Professional,2025-01-27,,Annual,41.65,Active
S07246,C07246,Basic,2025-07-24,,Annual,16.15,Active
S07247,C07247,Professional,2025-07-01,,Annual,41.65,Active
S07248,C07248,Professional,2026-01-16,,Monthly,49.0,Active
S07249,C07249,Business,2026-03-01,2026-06-26,Monthly,99.0,Cancelled
S07250,C07250,Free,2025-03-18,2025-11-27,Monthly,0.0,Cancelled
S07251,C07251,Basic,2025-09-29,,Monthly,19.0,Active
S07252,C07252,Basic,2026-05-03,2026-06-11,Monthly,19.0,Cancelled
S07253,C07253,Professional,2025-01-04,,Annual,41.65,Active
S07254,C07254,Professional,2025-02-03,,Monthly,49.0,Active
S07255,C07255,Business,2025-11-29,,Monthly,99.0,Active
S07256,C07256,Basic,2025-07-03,,Monthly,19.0,Active
S07257,C07257,Professional,2026-05-09,2026-06-24,Monthly,49.0,Cancelled
S07258,C07258,Professional,2025-08-26,,Monthly,49.0,Active
S07259,C07259,Professional,2025-05-23,,Monthly,49.0,Active
S07260,C07260,Business,2025-11-09,2026-05-17,Monthly,99.0,Cancelled
S07261,C07261,Basic,2025-02-15,2025-11-28,Annual,16.15,Cancelled
S07262,C07262,Basic,2026-01-12,2026-02-09,Monthly,19.0,Cancelled
S07263,C07263,Business,2025-09-20,,Monthly,99.0,Active
S07264,C07264,Basic,2026-01-24,,Annual,16.15,Active
S07265,C07265,Basic,2026-03-18,,Annual,16.15,Active
S07266,C07266,Professional,2025-12-13,,Monthly,49.0,Active
S07267,C07267,Professional,2025-06-16,,Monthly,49.0,Active
S07268,C07268,Basic,2025-08-04,,Monthly,19.0,Active
S07269,C07269,Basic,2026-04-16,2026-05-24,Monthly,19.0,Cancelled
S07270,C07270,Professional,2025-05-01,,Monthly,49.0,Active
S07271,C07271,Professional,2025-06-06,2026-03-07,Annual,41.65,Cancelled
S07272,C07272,Basic,2025-02-13,,Annual,16.15,Active
S07273,C07273,Basic,2025-02-08,,Monthly,19.0,Active
S07274,C07274,Professional,2026-03-31,,Annual,41.65,Active
S07275,C07275,Professional,2026-02-11,,Annual,41.65,Active
S07276,C07276,Professional,2025-02-01,2025-10-01,Monthly,49.0,Cancelled
S07277,C07277,Basic,2025-04-28,,Monthly,19.0,Active
S07278,C07278,Professional,2025-04-07,,Monthly,49.0,Active
S07279,C07279,Basic,2025-05-10,,Monthly,19.0,Active
S07280,C07280,Basic,2025-10-24,,Annual,16.15,Active
S07281,C07281,Basic,2025-01-20,,Monthly,19.0,Active
S07282,C07282,Professional,2025-04-08,,Monthly,49.0,Active
S07283,C07283,Free,2025-03-02,,Monthly,0.0,Active
S07284,C07284,Business,2025-03-24,,Monthly,99.0,Active
S07285,C07285,Basic,2025-10-21,,Monthly,19.0,Active
S07286,C07286,Free,2025-10-27,,Monthly,0.0,Active
S07287,C07287,Professional,2025-11-22,,Monthly,49.0,Active
S07288,C07288,Basic,2025-05-15,,Annual,16.15,Active
S07289,C07289,Basic,2026-04-28,2026-06-27,Monthly,19.0,Cancelled
S07290,C07290,Basic,2026-03-01,,Monthly,19.0,Active
S07291,C07291,Professional,2026-02-02,2026-06-14,Annual,41.65,Cancelled
S07292,C07292,Basic,2026-04-06,,Monthly,19.0,Active
S07293,C07293,Basic,2025-05-13,,Monthly,19.0,Active
S07294,C07294,Professional,2026-04-02,2026-04-25,Monthly,49.0,Cancelled
S07295,C07295,Basic,2025-01-06,,Monthly,19.0,Active
S07296,C07296,Business,2025-12-24,,Monthly,99.0,Active
S07297,C07297,Basic,2025-09-11,,Annual,16.15,Active
S07298,C07298,Basic,2025-04-01,,Monthly,19.0,Active
S07299,C07299,Business,2025-11-05,,Annual,84.15,Active
S07300,C07300,Free,2025-12-09,,Monthly,0.0,Active
S07301,C07301,Basic,2025-10-04,,Monthly,19.0,Active
S07302,C07302,Basic,2026-05-13,,Monthly,19.0,Active
S07303,C07303,Basic,2026-03-15,,Annual,16.15,Active
S07304,C07304,Professional,2025-02-06,,Monthly,49.0,Active
S07305,C07305,Professional,2025-03-14,,Monthly,49.0,Active
S07306,C07306,Basic,2025-08-09,2025-11-29,Monthly,19.0,Cancelled
S07307,C07307,Business,2025-08-04,2025-10-22,Annual,84.15,Cancelled
S07308,C07308,Professional,2026-02-27,,Monthly,49.0,Active
S07309,C07309,Business,2025-03-23,,Annual,84.15,Active
S07310,C07310,Professional,2025-11-15,,Monthly,49.0,Active
S07311,C07311,Basic,2025-02-16,,Annual,16.15,Active
S07312,C07312,Professional,2025-12-17,2026-01-27,Monthly,49.0,Cancelled
S07313,C07313,Professional,2026-05-01,2026-05-25,Monthly,49.0,Cancelled
S07314,C07314,Basic,2025-01-05,,Annual,16.15,Active
S07315,C07315,Basic,2025-08-07,,Monthly,19.0,Active
S07316,C07316,Professional,2025-12-05,,Monthly,49.0,Active
S07317,C07317,Free,2025-02-04,,Monthly,0.0,Active
S07318,C07318,Business,2025-02-09,,Annual,84.15,Active
S07319,C07319,Professional,2026-02-25,,Monthly,49.0,Active
S07320,C07320,Basic,2025-08-14,,Monthly,19.0,Active
S07321,C07321,Basic,2025-11-04,,Monthly,19.0,Active
S07322,C07322,Basic,2025-08-28,,Annual,16.15,Active
S07323,C07323,Basic,2025-08-28,2026-06-25,Monthly,19.0,Cancelled
S07324,C07324,Professional,2025-10-05,,Annual,41.65,Active
S07325,C07325,Professional,2025-06-16,,Monthly,49.0,Active
S07326,C07326,Professional,2025-04-20,,Annual,41.65,Active
S07327,C07327,Professional,2025-03-28,,Monthly,49.0,Active
S07328,C07328,Free,2025-05-23,,Annual,0.0,Active
S07329,C07329,Business,2025-07-20,,Monthly,99.0,Active
S07330,C07330,Professional,2025-03-15,,Annual,41.65,Active
S07331,C07331,Basic,2026-01-08,2026-02-07,Monthly,19.0,Cancelled
S07332,C07332,Professional,2025-07-21,,Monthly,49.0,Active
S07333,C07333,Free,2025-10-13,2026-01-30,Monthly,0.0,Cancelled
S07334,C07334,Business,2025-11-05,,Monthly,99.0,Active
S07335,C07335,Professional,2026-02-08,,Monthly,49.0,Active
S07336,C07336,Basic,2026-04-15,,Monthly,19.0,Active
S07337,C07337,Basic,2025-05-08,,Monthly,19.0,Active
S07338,C07338,Basic,2025-08-02,,Annual,16.15,Active
S07339,C07339,Professional,2025-07-21,,Monthly,49.0,Active
S07340,C07340,Professional,2025-08-01,,Monthly,49.0,Active
S07341,C07341,Free,2026-01-09,,Monthly,0.0,Active
S07342,C07342,Basic,2025-01-27,,Annual,16.15,Active
S07343,C07343,Business,2026-01-15,,Monthly,99.0,Active
S07344,C07344,Professional,2025-08-08,,Monthly,49.0,Active
S07345,C07345,Basic,2025-10-23,,Annual,16.15,Active
S07346,C07346,Professional,2025-04-07,2025-06-28,Monthly,49.0,Cancelled
S07347,C07347,Professional,2026-02-16,,Annual,41.65,Active
S07348,C07348,Basic,2026-03-03,,Monthly,19.0,Active
S07349,C07349,Professional,2026-03-20,2026-05-15,Monthly,49.0,Cancelled
S07350,C07350,Professional,2026-04-28,,Monthly,49.0,Active
S07351,C07351,Professional,2025-03-23,,Monthly,49.0,Active
S07352,C07352,Basic,2026-02-05,,Annual,16.15,Active
S07353,C07353,Basic,2026-01-29,2026-04-13,Monthly,19.0,Cancelled
S07354,C07354,Business,2025-03-18,,Monthly,99.0,Active
S07355,C07355,Basic,2025-09-13,,Monthly,19.0,Active
S07356,C07356,Professional,2025-10-02,,Monthly,49.0,Active
S07357,C07357,Professional,2025-06-18,,Monthly,49.0,Active
S07358,C07358,Business,2025-12-26,2026-03-30,Monthly,99.0,Cancelled
S07359,C07359,Professional,2026-01-01,,Annual,41.65,Active
S07360,C07360,Free,2025-07-09,,Monthly,0.0,Active
S07361,C07361,Business,2026-04-04,,Monthly,99.0,Active
S07362,C07362,Professional,2025-05-16,,Monthly,49.0,Active
S07363,C07363,Professional,2025-09-08,,Monthly,49.0,Active
S07364,C07364,Professional,2025-05-27,,Monthly,49.0,Active
S07365,C07365,Basic,2025-02-20,,Monthly,19.0,Active
S07366,C07366,Professional,2026-02-16,,Annual,41.65,Active
S07367,C07367,Basic,2026-03-30,,Monthly,19.0,Active
S07368,C07368,Professional,2025-05-17,2025-11-15,Monthly,49.0,Cancelled
S07369,C07369,Basic,2025-07-01,,Monthly,19.0,Active
S07370,C07370,Free,2025-12-20,2026-03-31,Monthly,0.0,Cancelled
S07371,C07371,Professional,2026-02-15,2026-04-08,Monthly,49.0,Cancelled
S07372,C07372,Free,2025-03-01,,Monthly,0.0,Active
S07373,C07373,Business,2025-10-27,,Monthly,99.0,Active
S07374,C07374,Business,2026-04-11,,Monthly,99.0,Active
S07375,C07375,Professional,2026-02-13,,Annual,41.65,Active
S07376,C07376,Professional,2025-09-23,,Monthly,49.0,Active
S07377,C07377,Professional,2025-12-08,,Monthly,49.0,Active
S07378,C07378,Professional,2025-09-28,,Monthly,49.0,Active
S07379,C07379,Basic,2025-09-29,,Annual,16.15,Active
S07380,C07380,Business,2026-01-23,,Annual,84.15,Active
S07381,C07381,Basic,2025-06-25,,Monthly,19.0,Active
S07382,C07382,Business,2026-02-19,2026-03-15,Monthly,99.0,Cancelled
S07383,C07383,Basic,2026-03-24,2026-04-19,Monthly,19.0,Cancelled
S07384,C07384,Free,2025-12-29,,Monthly,0.0,Active
S07385,C07385,Free,2026-03-09,,Annual,0.0,Active
S07386,C07386,Business,2026-01-04,,Monthly,99.0,Active
S07387,C07387,Business,2025-10-19,,Monthly,99.0,Active
S07388,C07388,Professional,2025-04-25,2026-03-03,Monthly,49.0,Cancelled
S07389,C07389,Professional,2025-07-23,,Annual,41.65,Active
S07390,C07390,Basic,2025-05-16,,Annual,16.15,Active
S07391,C07391,Business,2026-04-19,,Monthly,99.0,Active
S07392,C07392,Free,2025-12-15,,Monthly,0.0,Active
S07393,C07393,Professional,2026-01-28,,Annual,41.65,Active
S07394,C07394,Basic,2025-01-22,,Annual,16.15,Active
S07395,C07395,Business,2026-01-23,,Monthly,99.0,Active
S07396,C07396,Professional,2025-06-30,,Annual,41.65,Active
S07397,C07397,Professional,2026-01-20,2026-03-16,Monthly,49.0,Cancelled
S07398,C07398,Professional,2025-09-03,,Monthly,49.0,Active
S07399,C07399,Professional,2025-07-22,,Monthly,49.0,Active
S07400,C07400,Professional,2025-08-21,,Monthly,49.0,Active
S07401,C07401,Basic,2026-05-12,,Monthly,19.0,Active
S07402,C07402,Free,2025-10-02,,Monthly,0.0,Active
S07403,C07403,Professional,2025-08-27,,Monthly,49.0,Active
S07404,C07404,Basic,2026-03-14,,Annual,16.15,Active
S07405,C07405,Basic,2025-01-25,,Monthly,19.0,Active
S07406,C07406,Professional,2025-04-20,2025-08-11,Monthly,49.0,Cancelled
S07407,C07407,Basic,2026-04-29,,Monthly,19.0,Active
S07408,C07408,Free,2025-04-01,,Annual,0.0,Active
S07409,C07409,Basic,2025-07-29,,Monthly,19.0,Active
S07410,C07410,Professional,2025-03-29,,Annual,41.65,Active
S07411,C07411,Free,2025-12-04,2026-03-30,Monthly,0.0,Cancelled
S07412,C07412,Basic,2025-06-06,,Monthly,19.0,Active
S07413,C07413,Professional,2025-10-05,,Monthly,49.0,Active
S07414,C07414,Basic,2025-02-09,,Monthly,19.0,Active
S07415,C07415,Professional,2025-01-23,,Monthly,49.0,Active
S07416,C07416,Professional,2025-07-27,,Monthly,49.0,Active
S07417,C07417,Professional,2025-01-21,,Annual,41.65,Active
S07418,C07418,Basic,2026-04-01,,Monthly,19.0,Active
S07419,C07419,Professional,2025-09-07,,Monthly,49.0,Active
S07420,C07420,Business,2025-12-27,,Monthly,99.0,Active
S07421,C07421,Basic,2026-02-18,,Annual,16.15,Active
S07422,C07422,Professional,2025-07-17,,Annual,41.65,Active
S07423,C07423,Business,2025-10-16,,Annual,84.15,Active
S07424,C07424,Basic,2025-11-28,,Monthly,19.0,Active
S07425,C07425,Professional,2025-12-21,,Monthly,49.0,Active
S07426,C07426,Business,2025-04-10,,Annual,84.15,Active
S07427,C07427,Basic,2025-07-12,,Monthly,19.0,Active
S07428,C07428,Basic,2026-05-03,,Monthly,19.0,Active
S07429,C07429,Professional,2026-01-01,2026-06-25,Monthly,49.0,Cancelled
S07430,C07430,Professional,2026-04-28,,Monthly,49.0,Active
S07431,C07431,Basic,2026-03-29,,Monthly,19.0,Active
S07432,C07432,Basic,2025-12-05,,Monthly,19.0,Active
S07433,C07433,Professional,2025-12-20,2026-03-19,Monthly,49.0,Cancelled
S07434,C07434,Basic,2025-08-25,,Annual,16.15,Active
S07435,C07435,Basic,2025-01-18,,Annual,16.15,Active
S07436,C07436,Basic,2025-03-30,,Annual,16.15,Active
S07437,C07437,Professional,2026-02-25,,Monthly,49.0,Active
S07438,C07438,Professional,2025-05-02,,Annual,41.65,Active
S07439,C07439,Professional,2025-08-06,,Annual,41.65,Active
S07440,C07440,Professional,2025-07-16,,Monthly,49.0,Active
S07441,C07441,Basic,2025-07-16,,Monthly,19.0,Active
S07442,C07442,Basic,2025-11-12,,Monthly,19.0,Active
S07443,C07443,Basic,2025-07-03,,Monthly,19.0,Active
S07444,C07444,Professional,2026-05-03,,Monthly,49.0,Active
S07445,C07445,Professional,2025-12-16,,Monthly,49.0,Active
S07446,C07446,Basic,2025-12-29,,Monthly,19.0,Active
S07447,C07447,Professional,2025-04-23,,Monthly,49.0,Active
S07448,C07448,Professional,2025-05-02,,Monthly,49.0,Active
S07449,C07449,Basic,2025-03-10,2025-06-24,Monthly,19.0,Cancelled
S07450,C07450,Business,2025-11-09,,Monthly,99.0,Active
S07451,C07451,Business,2025-06-11,,Monthly,99.0,Active
S07452,C07452,Professional,2026-04-22,,Monthly,49.0,Active
S07453,C07453,Basic,2025-01-27,,Monthly,19.0,Active
S07454,C07454,Basic,2025-07-24,,Monthly,19.0,Active
S07455,C07455,Basic,2025-03-20,,Monthly,19.0,Active
S07456,C07456,Business,2026-03-14,,Monthly,99.0,Active
S07457,C07457,Business,2025-06-20,,Annual,84.15,Active
S07458,C07458,Basic,2025-02-26,,Annual,16.15,Active
S07459,C07459,Basic,2025-12-13,,Monthly,19.0,Active
S07460,C07460,Professional,2026-01-14,,Annual,41.65,Active
S07461,C07461,Basic,2025-06-27,,Monthly,19.0,Active
S07462,C07462,Professional,2025-03-19,,Monthly,49.0,Active
S07463,C07463,Basic,2026-04-01,,Monthly,19.0,Active
S07464,C07464,Professional,2025-12-08,,Annual,41.65,Active
S07465,C07465,Professional,2025-02-28,,Monthly,49.0,Active
S07466,C07466,Free,2025-12-27,,Monthly,0.0,Active
S07467,C07467,Business,2025-09-02,,Monthly,99.0,Active
S07468,C07468,Professional,2025-08-24,,Annual,41.65,Active
S07469,C07469,Free,2026-04-07,2026-05-27,Monthly,0.0,Cancelled
S07470,C07470,Basic,2025-06-21,,Monthly,19.0,Active
S07471,C07471,Basic,2025-05-21,,Annual,16.15,Active
S07472,C07472,Free,2026-04-10,,Monthly,0.0,Active
S07473,C07473,Basic,2025-08-12,,Annual,16.15,Active
S07474,C07474,Free,2025-07-09,,Monthly,0.0,Active
S07475,C07475,Professional,2026-01-12,,Annual,41.65,Active
S07476,C07476,Professional,2025-07-04,,Monthly,49.0,Active
S07477,C07477,Professional,2025-10-04,,Monthly,49.0,Active
S07478,C07478,Professional,2025-08-04,,Monthly,49.0,Active
S07479,C07479,Professional,2025-07-16,,Monthly,49.0,Active
S07480,C07480,Professional,2025-10-15,,Annual,41.65,Active
S07481,C07481,Professional,2026-01-15,,Monthly,49.0,Active
S07482,C07482,Business,2025-04-08,2025-06-29,Monthly,99.0,Cancelled
S07483,C07483,Business,2025-07-09,,Monthly,99.0,Active
S07484,C07484,Business,2025-09-08,,Monthly,99.0,Active
S07485,C07485,Professional,2025-09-24,,Monthly,49.0,Active
S07486,C07486,Free,2025-07-13,2026-04-13,Monthly,0.0,Cancelled
S07487,C07487,Basic,2025-01-26,,Monthly,19.0,Active
S07488,C07488,Basic,2025-06-07,,Monthly,19.0,Active
S07489,C07489,Free,2026-01-31,2026-05-16,Monthly,0.0,Cancelled
S07490,C07490,Professional,2025-06-30,,Annual,41.65,Active
S07491,C07491,Basic,2025-03-14,2026-01-13,Monthly,19.0,Cancelled
S07492,C07492,Business,2025-12-09,,Monthly,99.0,Active
S07493,C07493,Business,2026-02-24,,Annual,84.15,Active
S07494,C07494,Professional,2025-11-29,,Monthly,49.0,Active
S07495,C07495,Basic,2025-10-31,2026-05-01,Monthly,19.0,Cancelled
S07496,C07496,Professional,2025-02-16,,Monthly,49.0,Active
S07497,C07497,Professional,2026-03-05,,Monthly,49.0,Active
S07498,C07498,Basic,2026-03-26,,Monthly,19.0,Active
S07499,C07499,Professional,2026-01-07,,Monthly,49.0,Active
S07500,C07500,Professional,2025-11-25,,Annual,41.65,Active
S07501,C07501,Professional,2025-12-26,2026-03-07,Monthly,49.0,Cancelled
S07502,C07502,Basic,2025-09-02,,Annual,16.15,Active
S07503,C07503,Free,2025-09-15,,Monthly,0.0,Active
S07504,C07504,Free,2025-07-25,,Monthly,0.0,Active
S07505,C07505,Professional,2026-01-28,,Monthly,49.0,Active
S07506,C07506,Professional,2025-09-05,,Monthly,49.0,Active
S07507,C07507,Business,2025-06-25,,Monthly,99.0,Active
S07508,C07508,Professional,2025-04-24,,Monthly,49.0,Active
S07509,C07509,Business,2025-04-09,2025-12-26,Monthly,99.0,Cancelled
S07510,C07510,Basic,2025-03-26,,Monthly,19.0,Active
S07511,C07511,Basic,2025-02-03,,Monthly,19.0,Active
S07512,C07512,Professional,2025-05-03,,Monthly,49.0,Active
S07513,C07513,Business,2026-02-17,,Monthly,99.0,Active
S07514,C07514,Professional,2025-05-29,,Monthly,49.0,Active
S07515,C07515,Professional,2025-11-26,2026-05-12,Monthly,49.0,Cancelled
S07516,C07516,Basic,2025-11-09,,Monthly,19.0,Active
S07517,C07517,Free,2025-06-02,,Monthly,0.0,Active
S07518,C07518,Professional,2025-03-21,,Monthly,49.0,Active
S07519,C07519,Professional,2026-01-23,,Monthly,49.0,Active
S07520,C07520,Professional,2025-09-17,2025-11-20,Monthly,49.0,Cancelled
S07521,C07521,Professional,2025-10-12,,Monthly,49.0,Active
S07522,C07522,Professional,2026-01-27,,Monthly,49.0,Active
S07523,C07523,Business,2025-05-30,,Monthly,99.0,Active
S07524,C07524,Professional,2026-02-07,,Monthly,49.0,Active
S07525,C07525,Free,2025-12-18,,Monthly,0.0,Active
S07526,C07526,Business,2025-07-20,,Monthly,99.0,Active
S07527,C07527,Professional,2025-02-27,,Monthly,49.0,Active
S07528,C07528,Professional,2025-01-13,,Monthly,49.0,Active
S07529,C07529,Basic,2025-03-07,,Monthly,19.0,Active
S07530,C07530,Professional,2025-11-03,,Monthly,49.0,Active
S07531,C07531,Professional,2025-07-07,,Monthly,49.0,Active
S07532,C07532,Basic,2026-01-13,,Monthly,19.0,Active
S07533,C07533,Professional,2025-08-09,,Monthly,49.0,Active
S07534,C07534,Free,2025-10-18,,Monthly,0.0,Active
S07535,C07535,Professional,2025-11-13,,Monthly,49.0,Active
S07536,C07536,Basic,2025-09-22,,Monthly,19.0,Active
S07537,C07537,Basic,2025-12-07,,Annual,16.15,Active
S07538,C07538,Professional,2025-09-14,,Monthly,49.0,Active
S07539,C07539,Professional,2025-10-17,,Annual,41.65,Active
S07540,C07540,Professional,2025-02-18,,Monthly,49.0,Active
S07541,C07541,Basic,2025-06-23,2025-09-08,Monthly,19.0,Cancelled
S07542,C07542,Professional,2026-01-25,,Monthly,49.0,Active
S07543,C07543,Professional,2025-06-01,,Monthly,49.0,Active
S07544,C07544,Basic,2026-01-10,2026-04-21,Monthly,19.0,Cancelled
S07545,C07545,Basic,2025-03-20,,Monthly,19.0,Active
S07546,C07546,Professional,2025-12-28,,Monthly,49.0,Active
S07547,C07547,Basic,2026-02-25,2026-06-05,Monthly,19.0,Cancelled
S07548,C07548,Professional,2026-04-11,,Monthly,49.0,Active
S07549,C07549,Free,2026-05-12,,Annual,0.0,Active
S07550,C07550,Professional,2025-04-24,,Monthly,49.0,Active
S07551,C07551,Professional,2025-09-04,2026-05-13,Monthly,49.0,Cancelled
S07552,C07552,Professional,2026-04-15,,Monthly,49.0,Active
S07553,C07553,Professional,2025-07-22,,Monthly,49.0,Active
S07554,C07554,Business,2026-02-12,,Monthly,99.0,Active
S07555,C07555,Business,2025-12-13,,Monthly,99.0,Active
S07556,C07556,Basic,2025-11-27,,Annual,16.15,Active
S07557,C07557,Basic,2025-08-27,,Monthly,19.0,Active
S07558,C07558,Free,2025-07-15,,Monthly,0.0,Active
S07559,C07559,Basic,2025-08-05,,Monthly,19.0,Active
S07560,C07560,Professional,2026-02-03,,Monthly,49.0,Active
S07561,C07561,Professional,2025-03-02,,Monthly,49.0,Active
S07562,C07562,Basic,2025-01-25,2025-04-28,Monthly,19.0,Cancelled
S07563,C07563,Basic,2026-02-05,2026-02-26,Annual,16.15,Cancelled
S07564,C07564,Basic,2025-10-26,,Monthly,19.0,Active
S07565,C07565,Basic,2026-03-11,,Monthly,19.0,Active
S07566,C07566,Professional,2025-06-20,,Monthly,49.0,Active
S07567,C07567,Professional,2026-04-13,,Monthly,49.0,Active
S07568,C07568,Basic,2025-03-03,,Monthly,19.0,Active
S07569,C07569,Professional,2025-03-24,,Monthly,49.0,Active
S07570,C07570,Business,2025-06-13,2025-09-29,Monthly,99.0,Cancelled
S07571,C07571,Basic,2026-04-01,,Annual,16.15,Active
S07572,C07572,Professional,2025-04-19,,Monthly,49.0,Active
S07573,C07573,Basic,2025-02-24,2025-10-03,Monthly,19.0,Cancelled
S07574,C07574,Professional,2025-11-17,,Monthly,49.0,Active
S07575,C07575,Professional,2025-08-16,,Annual,41.65,Active
S07576,C07576,Basic,2025-09-08,,Monthly,19.0,Active
S07577,C07577,Professional,2025-12-09,,Monthly,49.0,Active
S07578,C07578,Free,2026-01-05,,Monthly,0.0,Active
S07579,C07579,Professional,2025-11-21,,Monthly,49.0,Active
S07580,C07580,Business,2025-11-07,,Monthly,99.0,Active
S07581,C07581,Professional,2026-02-25,,Monthly,49.0,Active
S07582,C07582,Basic,2026-02-09,2026-04-10,Monthly,19.0,Cancelled
S07583,C07583,Free,2025-09-16,,Annual,0.0,Active
S07584,C07584,Professional,2025-08-21,,Monthly,49.0,Active
S07585,C07585,Professional,2025-10-27,,Monthly,49.0,Active
S07586,C07586,Basic,2026-02-01,2026-05-28,Monthly,19.0,Cancelled
S07587,C07587,Professional,2026-01-11,2026-04-03,Monthly,49.0,Cancelled
S07588,C07588,Free,2026-02-06,,Monthly,0.0,Active
S07589,C07589,Professional,2025-08-12,,Monthly,49.0,Active
S07590,C07590,Professional,2025-06-19,,Monthly,49.0,Active
S07591,C07591,Professional,2026-05-09,,Monthly,49.0,Active
S07592,C07592,Basic,2026-04-03,,Monthly,19.0,Active
S07593,C07593,Basic,2026-04-01,2026-06-07,Monthly,19.0,Cancelled
S07594,C07594,Professional,2025-01-26,,Monthly,49.0,Active
S07595,C07595,Free,2025-10-27,,Annual,0.0,Active
S07596,C07596,Basic,2025-02-07,,Monthly,19.0,Active
S07597,C07597,Business,2025-02-26,,Monthly,99.0,Active
S07598,C07598,Basic,2026-02-16,,Annual,16.15,Active
S07599,C07599,Free,2025-01-26,,Monthly,0.0,Active
S07600,C07600,Business,2025-12-08,2026-04-29,Monthly,99.0,Cancelled
S07601,C07601,Basic,2025-05-04,,Monthly,19.0,Active
S07602,C07602,Free,2025-06-19,,Monthly,0.0,Active
S07603,C07603,Basic,2026-04-24,,Monthly,19.0,Active
S07604,C07604,Basic,2025-07-13,,Monthly,19.0,Active
S07605,C07605,Professional,2025-10-03,,Annual,41.65,Active
S07606,C07606,Professional,2026-01-08,,Monthly,49.0,Active
S07607,C07607,Basic,2025-05-01,,Monthly,19.0,Active
S07608,C07608,Free,2025-09-27,,Annual,0.0,Active
S07609,C07609,Basic,2026-01-26,,Monthly,19.0,Active
S07610,C07610,Professional,2025-04-25,,Monthly,49.0,Active
S07611,C07611,Basic,2025-07-20,2025-11-01,Monthly,19.0,Cancelled
S07612,C07612,Professional,2025-08-02,,Monthly,49.0,Active
S07613,C07613,Professional,2025-11-07,,Monthly,49.0,Active
S07614,C07614,Business,2025-10-29,,Monthly,99.0,Active
S07615,C07615,Professional,2025-12-01,,Monthly,49.0,Active
S07616,C07616,Professional,2025-10-26,,Annual,41.65,Active
S07617,C07617,Basic,2026-04-01,,Monthly,19.0,Active
S07618,C07618,Professional,2025-10-05,2026-04-03,Monthly,49.0,Cancelled
S07619,C07619,Professional,2025-08-12,,Monthly,49.0,Active
S07620,C07620,Professional,2025-06-11,,Monthly,49.0,Active
S07621,C07621,Professional,2026-03-08,,Annual,41.65,Active
S07622,C07622,Business,2025-01-23,2026-01-26,Monthly,99.0,Cancelled
S07623,C07623,Basic,2026-02-10,,Monthly,19.0,Active
S07624,C07624,Professional,2025-05-31,,Monthly,49.0,Active
S07625,C07625,Basic,2025-07-30,,Monthly,19.0,Active
S07626,C07626,Basic,2026-02-16,,Monthly,19.0,Active
S07627,C07627,Free,2025-05-30,2025-09-08,Monthly,0.0,Cancelled
S07628,C07628,Professional,2025-11-20,,Monthly,49.0,Active
S07629,C07629,Basic,2025-07-11,,Annual,16.15,Active
S07630,C07630,Basic,2026-02-20,,Monthly,19.0,Active
S07631,C07631,Basic,2026-04-25,,Monthly,19.0,Active
S07632,C07632,Basic,2025-10-27,,Monthly,19.0,Active
S07633,C07633,Professional,2025-12-05,2026-02-06,Monthly,49.0,Cancelled
S07634,C07634,Basic,2025-02-21,,Monthly,19.0,Active
S07635,C07635,Business,2026-03-11,,Monthly,99.0,Active
S07636,C07636,Basic,2025-08-03,,Monthly,19.0,Active
S07637,C07637,Business,2025-02-19,,Monthly,99.0,Active
S07638,C07638,Professional,2025-08-10,,Monthly,49.0,Active
S07639,C07639,Basic,2025-06-19,,Annual,16.15,Active
S07640,C07640,Basic,2025-10-19,,Monthly,19.0,Active
S07641,C07641,Basic,2025-03-23,,Monthly,19.0,Active
S07642,C07642,Professional,2025-08-23,,Annual,41.65,Active
S07643,C07643,Basic,2025-03-13,,Monthly,19.0,Active
S07644,C07644,Basic,2025-07-20,,Monthly,19.0,Active
S07645,C07645,Free,2025-03-05,,Monthly,0.0,Active
S07646,C07646,Professional,2025-03-25,,Annual,41.65,Active
S07647,C07647,Basic,2026-04-02,,Annual,16.15,Active
S07648,C07648,Professional,2025-07-22,,Monthly,49.0,Active
S07649,C07649,Business,2025-11-06,,Monthly,99.0,Active
S07650,C07650,Basic,2025-10-29,,Monthly,19.0,Active
S07651,C07651,Business,2025-10-06,,Monthly,99.0,Active
S07652,C07652,Basic,2026-04-06,,Monthly,19.0,Active
S07653,C07653,Professional,2025-07-31,,Monthly,49.0,Active
S07654,C07654,Basic,2025-07-23,,Monthly,19.0,Active
S07655,C07655,Business,2025-02-15,,Annual,84.15,Active
S07656,C07656,Free,2025-12-07,,Annual,0.0,Active
S07657,C07657,Professional,2025-06-24,,Monthly,49.0,Active
S07658,C07658,Professional,2026-02-10,,Annual,41.65,Active
S07659,C07659,Professional,2025-04-15,,Annual,41.65,Active
S07660,C07660,Basic,2025-08-16,,Monthly,19.0,Active
S07661,C07661,Professional,2025-05-19,2025-07-28,Monthly,49.0,Cancelled
S07662,C07662,Business,2026-04-03,,Monthly,99.0,Active
S07663,C07663,Basic,2025-06-16,,Annual,16.15,Active
S07664,C07664,Professional,2026-01-26,,Monthly,49.0,Active
S07665,C07665,Business,2026-04-19,2026-06-25,Monthly,99.0,Cancelled
S07666,C07666,Basic,2026-04-09,,Monthly,19.0,Active
S07667,C07667,Business,2026-03-11,,Monthly,99.0,Active
S07668,C07668,Professional,2026-04-14,,Monthly,49.0,Active
S07669,C07669,Basic,2025-05-21,,Monthly,19.0,Active
S07670,C07670,Free,2026-02-19,2026-05-03,Annual,0.0,Cancelled
S07671,C07671,Business,2025-12-11,,Annual,84.15,Active
S07672,C07672,Basic,2025-11-22,,Monthly,19.0,Active
S07673,C07673,Professional,2025-11-04,,Annual,41.65,Active
S07674,C07674,Basic,2025-02-24,,Annual,16.15,Active
S07675,C07675,Professional,2025-02-06,,Annual,41.65,Active
S07676,C07676,Professional,2026-03-18,,Monthly,49.0,Active
S07677,C07677,Professional,2025-06-17,,Monthly,49.0,Active
S07678,C07678,Professional,2026-01-03,,Monthly,49.0,Active
S07679,C07679,Professional,2025-08-09,,Monthly,49.0,Active
S07680,C07680,Professional,2025-10-26,2026-04-06,Monthly,49.0,Cancelled
S07681,C07681,Basic,2025-08-23,,Monthly,19.0,Active
S07682,C07682,Professional,2025-10-28,,Annual,41.65,Active
S07683,C07683,Basic,2025-06-26,2025-08-21,Monthly,19.0,Cancelled
S07684,C07684,Free,2025-11-22,,Annual,0.0,Active
S07685,C07685,Basic,2025-10-22,2025-12-17,Monthly,19.0,Cancelled
S07686,C07686,Basic,2025-11-29,,Annual,16.15,Active
S07687,C07687,Basic,2025-01-17,,Monthly,19.0,Active
S07688,C07688,Basic,2026-03-28,,Monthly,19.0,Active
S07689,C07689,Business,2026-05-12,,Monthly,99.0,Active
S07690,C07690,Professional,2025-06-22,,Monthly,49.0,Active
S07691,C07691,Business,2025-10-30,,Monthly,99.0,Active
S07692,C07692,Free,2025-05-18,,Monthly,0.0,Active
S07693,C07693,Basic,2026-04-27,,Annual,16.15,Active
S07694,C07694,Professional,2025-02-12,,Annual,41.65,Active
S07695,C07695,Professional,2025-07-07,,Monthly,49.0,Active
S07696,C07696,Professional,2025-03-22,2025-07-31,Annual,41.65,Cancelled
S07697,C07697,Free,2026-05-10,,Monthly,0.0,Active
S07698,C07698,Basic,2026-01-14,2026-06-10,Monthly,19.0,Cancelled
S07699,C07699,Basic,2025-04-28,,Monthly,19.0,Active
S07700,C07700,Free,2026-03-05,2026-06-01,Monthly,0.0,Cancelled
S07701,C07701,Basic,2025-12-13,,Monthly,19.0,Active
S07702,C07702,Basic,2025-04-08,,Annual,16.15,Active
S07703,C07703,Professional,2025-09-16,,Monthly,49.0,Active
S07704,C07704,Professional,2026-02-07,,Monthly,49.0,Active
S07705,C07705,Basic,2025-04-12,,Monthly,19.0,Active
S07706,C07706,Business,2025-01-12,,Monthly,99.0,Active
S07707,C07707,Free,2025-02-10,,Monthly,0.0,Active
S07708,C07708,Professional,2025-08-31,,Annual,41.65,Active
S07709,C07709,Business,2025-05-24,2026-01-17,Monthly,99.0,Cancelled
S07710,C07710,Business,2025-08-16,,Annual,84.15,Active
S07711,C07711,Professional,2025-05-16,2025-06-24,Annual,41.65,Cancelled
S07712,C07712,Professional,2025-05-08,,Monthly,49.0,Active
S07713,C07713,Professional,2025-07-12,2026-01-21,Monthly,49.0,Cancelled
S07714,C07714,Free,2025-12-26,,Monthly,0.0,Active
S07715,C07715,Professional,2025-11-10,,Monthly,49.0,Active
S07716,C07716,Professional,2025-03-17,,Annual,41.65,Active
S07717,C07717,Professional,2026-02-27,,Monthly,49.0,Active
S07718,C07718,Basic,2025-12-21,,Monthly,19.0,Active
S07719,C07719,Business,2025-09-06,,Monthly,99.0,Active
S07720,C07720,Basic,2025-05-08,2026-03-17,Monthly,19.0,Cancelled
S07721,C07721,Professional,2025-01-11,,Monthly,49.0,Active
S07722,C07722,Basic,2026-03-11,,Monthly,19.0,Active
S07723,C07723,Basic,2026-01-20,,Annual,16.15,Active
S07724,C07724,Professional,2025-01-28,,Monthly,49.0,Active
S07725,C07725,Business,2025-11-12,,Annual,84.15,Active
S07726,C07726,Basic,2025-05-21,2026-05-27,Monthly,19.0,Cancelled
S07727,C07727,Basic,2025-04-30,,Annual,16.15,Active
S07728,C07728,Basic,2025-03-23,,Monthly,19.0,Active
S07729,C07729,Basic,2025-09-11,,Monthly,19.0,Active
S07730,C07730,Basic,2025-02-24,,Annual,16.15,Active
S07731,C07731,Basic,2025-12-12,2026-02-17,Annual,16.15,Cancelled
S07732,C07732,Basic,2025-11-24,,Monthly,19.0,Active
S07733,C07733,Business,2026-04-25,2026-06-22,Monthly,99.0,Cancelled
S07734,C07734,Basic,2025-10-10,,Monthly,19.0,Active
S07735,C07735,Business,2025-08-10,,Monthly,99.0,Active
S07736,C07736,Business,2025-05-08,2026-01-23,Annual,84.15,Cancelled
S07737,C07737,Basic,2025-07-26,,Monthly,19.0,Active
S07738,C07738,Professional,2025-09-30,,Annual,41.65,Active
S07739,C07739,Free,2025-11-30,,Monthly,0.0,Active
S07740,C07740,Professional,2025-12-16,,Annual,41.65,Active
S07741,C07741,Basic,2025-05-09,,Annual,16.15,Active
S07742,C07742,Business,2025-06-13,,Monthly,99.0,Active
S07743,C07743,Basic,2026-01-22,,Monthly,19.0,Active
S07744,C07744,Professional,2025-08-23,,Monthly,49.0,Active
S07745,C07745,Basic,2025-10-05,,Monthly,19.0,Active
S07746,C07746,Basic,2025-06-23,,Monthly,19.0,Active
S07747,C07747,Business,2025-04-06,,Monthly,99.0,Active
S07748,C07748,Basic,2025-09-15,,Monthly,19.0,Active
S07749,C07749,Basic,2025-09-29,,Annual,16.15,Active
S07750,C07750,Professional,2025-08-22,,Monthly,49.0,Active
S07751,C07751,Professional,2025-02-09,,Monthly,49.0,Active
S07752,C07752,Professional,2025-11-13,,Monthly,49.0,Active
S07753,C07753,Basic,2025-01-18,,Monthly,19.0,Active
S07754,C07754,Business,2026-02-22,2026-03-21,Monthly,99.0,Cancelled
S07755,C07755,Basic,2025-04-13,,Monthly,19.0,Active
S07756,C07756,Professional,2025-05-06,,Monthly,49.0,Active
S07757,C07757,Free,2025-02-28,,Monthly,0.0,Active
S07758,C07758,Basic,2025-05-17,,Monthly,19.0,Active
S07759,C07759,Free,2026-01-07,,Monthly,0.0,Active
S07760,C07760,Basic,2025-03-04,2025-06-30,Monthly,19.0,Cancelled
S07761,C07761,Basic,2026-04-06,2026-06-08,Monthly,19.0,Cancelled
S07762,C07762,Professional,2025-04-22,,Annual,41.65,Active
S07763,C07763,Basic,2026-01-14,,Monthly,19.0,Active
S07764,C07764,Business,2025-07-15,2026-06-07,Monthly,99.0,Cancelled
S07765,C07765,Basic,2026-05-05,,Annual,16.15,Active
S07766,C07766,Basic,2025-09-06,,Monthly,19.0,Active
S07767,C07767,Basic,2025-03-21,,Monthly,19.0,Active
S07768,C07768,Basic,2025-08-19,,Annual,16.15,Active
S07769,C07769,Professional,2025-06-12,,Monthly,49.0,Active
S07770,C07770,Professional,2026-01-15,,Monthly,49.0,Active
S07771,C07771,Professional,2025-04-02,,Monthly,49.0,Active
S07772,C07772,Professional,2025-05-20,,Annual,41.65,Active
S07773,C07773,Free,2025-09-08,,Monthly,0.0,Active
S07774,C07774,Professional,2026-04-30,,Monthly,49.0,Active
S07775,C07775,Free,2025-01-17,,Annual,0.0,Active
S07776,C07776,Professional,2025-09-11,,Annual,41.65,Active
S07777,C07777,Basic,2026-04-05,,Monthly,19.0,Active
S07778,C07778,Business,2026-05-03,,Monthly,99.0,Active
S07779,C07779,Business,2025-04-24,,Monthly,99.0,Active
S07780,C07780,Basic,2026-04-22,,Annual,16.15,Active
S07781,C07781,Free,2025-07-23,,Monthly,0.0,Active
S07782,C07782,Professional,2026-03-30,,Monthly,49.0,Active
S07783,C07783,Basic,2025-05-06,,Monthly,19.0,Active
S07784,C07784,Professional,2025-06-06,,Monthly,49.0,Active
S07785,C07785,Business,2025-04-16,,Monthly,99.0,Active
S07786,C07786,Basic,2025-03-10,2025-06-02,Monthly,19.0,Cancelled
S07787,C07787,Professional,2026-01-15,,Monthly,49.0,Active
S07788,C07788,Basic,2026-01-09,2026-06-21,Monthly,19.0,Cancelled
S07789,C07789,Basic,2026-02-26,,Annual,16.15,Active
S07790,C07790,Professional,2025-04-22,,Annual,41.65,Active
S07791,C07791,Basic,2025-08-10,2026-02-13,Annual,16.15,Cancelled
S07792,C07792,Free,2025-11-06,,Monthly,0.0,Active
S07793,C07793,Professional,2026-03-24,,Monthly,49.0,Active
S07794,C07794,Basic,2025-09-13,,Monthly,19.0,Active
S07795,C07795,Basic,2025-07-05,,Annual,16.15,Active
S07796,C07796,Basic,2025-08-24,,Annual,16.15,Active
S07797,C07797,Professional,2026-04-11,,Monthly,49.0,Active
S07798,C07798,Basic,2025-09-11,2026-01-21,Monthly,19.0,Cancelled
S07799,C07799,Free,2025-10-08,2026-06-29,Annual,0.0,Cancelled
S07800,C07800,Basic,2026-04-20,,Monthly,19.0,Active
S07801,C07801,Business,2025-07-04,,Monthly,99.0,Active
S07802,C07802,Basic,2025-08-27,,Annual,16.15,Active
S07803,C07803,Professional,2025-07-24,,Monthly,49.0,Active
S07804,C07804,Basic,2025-06-15,,Annual,16.15,Active
S07805,C07805,Basic,2025-06-29,2025-08-08,Monthly,19.0,Cancelled
S07806,C07806,Basic,2026-04-22,,Monthly,19.0,Active
S07807,C07807,Basic,2025-07-05,,Monthly,19.0,Active
S07808,C07808,Professional,2025-01-01,,Monthly,49.0,Active
S07809,C07809,Business,2025-03-16,,Monthly,99.0,Active
S07810,C07810,Free,2025-05-29,,Monthly,0.0,Active
S07811,C07811,Basic,2025-07-26,,Monthly,19.0,Active
S07812,C07812,Free,2025-02-09,2025-08-31,Monthly,0.0,Cancelled
S07813,C07813,Professional,2026-05-10,,Monthly,49.0,Active
S07814,C07814,Professional,2025-06-08,,Monthly,49.0,Active
S07815,C07815,Basic,2025-02-04,,Monthly,19.0,Active
S07816,C07816,Professional,2026-04-26,,Annual,41.65,Active
S07817,C07817,Professional,2025-02-12,,Annual,41.65,Active
S07818,C07818,Professional,2025-03-09,,Monthly,49.0,Active
S07819,C07819,Basic,2025-02-23,,Monthly,19.0,Active
S07820,C07820,Basic,2026-03-29,,Monthly,19.0,Active
S07821,C07821,Business,2026-01-18,,Monthly,99.0,Active
S07822,C07822,Basic,2025-04-21,,Monthly,19.0,Active
S07823,C07823,Free,2025-04-25,,Monthly,0.0,Active
S07824,C07824,Business,2025-12-14,,Monthly,99.0,Active
S07825,C07825,Business,2025-07-19,,Monthly,99.0,Active
S07826,C07826,Business,2025-09-24,,Monthly,99.0,Active
S07827,C07827,Business,2026-02-17,,Monthly,99.0,Active
S07828,C07828,Professional,2026-03-24,,Monthly,49.0,Active
S07829,C07829,Professional,2025-06-06,,Annual,41.65,Active
S07830,C07830,Business,2026-01-08,,Monthly,99.0,Active
S07831,C07831,Free,2025-06-29,2025-11-22,Monthly,0.0,Cancelled
S07832,C07832,Professional,2025-08-03,,Monthly,49.0,Active
S07833,C07833,Professional,2025-07-10,2026-05-30,Monthly,49.0,Cancelled
S07834,C07834,Basic,2026-05-10,2026-06-28,Monthly,19.0,Cancelled
S07835,C07835,Professional,2026-02-01,,Annual,41.65,Active
S07836,C07836,Professional,2025-04-21,,Monthly,49.0,Active
S07837,C07837,Basic,2026-01-26,2026-06-23,Monthly,19.0,Cancelled
S07838,C07838,Basic,2026-01-15,,Monthly,19.0,Active
S07839,C07839,Basic,2026-04-01,,Monthly,19.0,Active
S07840,C07840,Professional,2025-01-15,,Monthly,49.0,Active
S07841,C07841,Business,2025-08-07,,Monthly,99.0,Active
S07842,C07842,Professional,2025-02-04,,Annual,41.65,Active
S07843,C07843,Basic,2025-10-28,2026-04-08,Monthly,19.0,Cancelled
S07844,C07844,Basic,2025-12-23,2026-03-05,Annual,16.15,Cancelled
S07845,C07845,Basic,2025-03-20,,Monthly,19.0,Active
S07846,C07846,Professional,2025-09-01,,Monthly,49.0,Active
S07847,C07847,Basic,2026-03-04,,Monthly,19.0,Active
S07848,C07848,Free,2026-01-13,,Monthly,0.0,Active
S07849,C07849,Professional,2026-05-06,,Monthly,49.0,Active
S07850,C07850,Basic,2025-05-21,2025-12-10,Monthly,19.0,Cancelled
S07851,C07851,Basic,2025-06-19,,Monthly,19.0,Active
S07852,C07852,Basic,2026-04-13,,Annual,16.15,Active
S07853,C07853,Professional,2025-06-06,,Monthly,49.0,Active
S07854,C07854,Business,2025-10-21,,Monthly,99.0,Active
S07855,C07855,Business,2025-05-25,2026-05-03,Monthly,99.0,Cancelled
S07856,C07856,Professional,2025-10-24,,Monthly,49.0,Active
S07857,C07857,Basic,2025-03-13,,Monthly,19.0,Active
S07858,C07858,Basic,2025-10-06,2026-06-20,Annual,16.15,Cancelled
S07859,C07859,Basic,2026-03-06,,Annual,16.15,Active
S07860,C07860,Free,2026-05-13,,Monthly,0.0,Active
S07861,C07861,Basic,2025-03-02,2025-09-23,Monthly,19.0,Cancelled
S07862,C07862,Business,2025-02-20,,Monthly,99.0,Active
S07863,C07863,Basic,2025-09-02,,Monthly,19.0,Active
S07864,C07864,Professional,2025-12-26,,Monthly,49.0,Active
S07865,C07865,Free,2025-05-17,2026-05-25,Monthly,0.0,Cancelled
S07866,C07866,Basic,2025-03-06,,Annual,16.15,Active
S07867,C07867,Professional,2025-07-01,,Monthly,49.0,Active
S07868,C07868,Free,2025-04-10,,Annual,0.0,Active
S07869,C07869,Professional,2026-05-07,,Annual,41.65,Active
S07870,C07870,Professional,2026-03-28,2026-06-23,Annual,41.65,Cancelled
S07871,C07871,Professional,2025-05-28,,Monthly,49.0,Active
S07872,C07872,Professional,2026-04-23,,Monthly,49.0,Active
S07873,C07873,Basic,2026-05-15,,Monthly,19.0,Active
S07874,C07874,Basic,2025-06-08,2025-09-23,Monthly,19.0,Cancelled
S07875,C07875,Professional,2025-09-20,,Monthly,49.0,Active
S07876,C07876,Professional,2025-07-03,,Monthly,49.0,Active
S07877,C07877,Basic,2026-02-20,,Annual,16.15,Active
S07878,C07878,Free,2026-02-08,,Monthly,0.0,Active
S07879,C07879,Professional,2026-02-01,,Monthly,49.0,Active
S07880,C07880,Professional,2026-03-31,,Monthly,49.0,Active
S07881,C07881,Professional,2026-05-14,,Monthly,49.0,Active
S07882,C07882,Basic,2025-10-03,,Monthly,19.0,Active
S07883,C07883,Basic,2026-05-10,,Monthly,19.0,Active
S07884,C07884,Professional,2025-03-11,,Monthly,49.0,Active
S07885,C07885,Professional,2025-05-27,,Monthly,49.0,Active
S07886,C07886,Basic,2025-06-28,,Monthly,19.0,Active
S07887,C07887,Professional,2025-05-21,,Annual,41.65,Active
S07888,C07888,Professional,2025-04-04,,Monthly,49.0,Active
S07889,C07889,Basic,2026-02-21,,Monthly,19.0,Active
S07890,C07890,Professional,2025-06-21,,Monthly,49.0,Active
S07891,C07891,Professional,2025-09-17,2025-10-13,Monthly,49.0,Cancelled
S07892,C07892,Basic,2026-04-29,,Annual,16.15,Active
S07893,C07893,Basic,2025-10-24,,Monthly,19.0,Active
S07894,C07894,Professional,2025-09-23,,Monthly,49.0,Active
S07895,C07895,Professional,2026-01-03,,Monthly,49.0,Active
S07896,C07896,Business,2025-01-28,,Monthly,99.0,Active
S07897,C07897,Basic,2025-03-18,,Annual,16.15,Active
S07898,C07898,Professional,2025-04-19,,Monthly,49.0,Active
S07899,C07899,Basic,2025-02-04,,Annual,16.15,Active
S07900,C07900,Basic,2025-05-19,,Monthly,19.0,Active
S07901,C07901,Basic,2025-10-08,2026-02-02,Monthly,19.0,Cancelled
S07902,C07902,Professional,2026-03-20,2026-04-27,Monthly,49.0,Cancelled
S07903,C07903,Professional,2025-09-08,,Monthly,49.0,Active
S07904,C07904,Basic,2026-02-28,,Annual,16.15,Active
S07905,C07905,Basic,2025-11-27,,Annual,16.15,Active
S07906,C07906,Basic,2025-04-13,,Annual,16.15,Active
S07907,C07907,Basic,2025-05-25,,Monthly,19.0,Active
S07908,C07908,Professional,2026-03-28,,Annual,41.65,Active
S07909,C07909,Professional,2025-08-05,,Monthly,49.0,Active
S07910,C07910,Business,2025-02-25,,Monthly,99.0,Active
S07911,C07911,Professional,2025-06-24,2026-06-04,Monthly,49.0,Cancelled
S07912,C07912,Professional,2026-01-09,,Monthly,49.0,Active
S07913,C07913,Business,2025-12-05,,Annual,84.15,Active
S07914,C07914,Free,2025-10-31,,Monthly,0.0,Active
S07915,C07915,Business,2025-01-10,,Monthly,99.0,Active
S07916,C07916,Basic,2025-07-18,2026-06-16,Annual,16.15,Cancelled
S07917,C07917,Free,2026-03-02,,Monthly,0.0,Active
S07918,C07918,Free,2026-05-07,2026-06-30,Monthly,0.0,Cancelled
S07919,C07919,Basic,2025-05-01,2026-06-17,Monthly,19.0,Cancelled
S07920,C07920,Professional,2025-06-17,,Monthly,49.0,Active
S07921,C07921,Basic,2026-01-26,,Monthly,19.0,Active
S07922,C07922,Free,2025-11-11,,Monthly,0.0,Active
S07923,C07923,Basic,2025-01-02,,Monthly,19.0,Active
S07924,C07924,Professional,2026-04-19,,Monthly,49.0,Active
S07925,C07925,Professional,2025-09-23,,Monthly,49.0,Active
S07926,C07926,Business,2025-09-14,,Monthly,99.0,Active
S07927,C07927,Basic,2025-05-01,,Monthly,19.0,Active
S07928,C07928,Professional,2025-07-05,,Monthly,49.0,Active
S07929,C07929,Business,2025-12-01,,Annual,84.15,Active
S07930,C07930,Basic,2025-08-24,,Monthly,19.0,Active
S07931,C07931,Basic,2025-04-05,,Annual,16.15,Active
S07932,C07932,Business,2025-08-06,,Monthly,99.0,Active
S07933,C07933,Business,2025-09-24,,Monthly,99.0,Active
S07934,C07934,Professional,2025-06-08,,Monthly,49.0,Active
S07935,C07935,Basic,2026-02-25,,Monthly,19.0,Active
S07936,C07936,Business,2025-08-14,,Monthly,99.0,Active
S07937,C07937,Basic,2025-02-23,,Annual,16.15,Active
S07938,C07938,Business,2026-01-15,,Monthly,99.0,Active
S07939,C07939,Business,2026-04-19,,Monthly,99.0,Active
S07940,C07940,Professional,2025-03-15,,Monthly,49.0,Active
S07941,C07941,Professional,2025-02-23,,Monthly,49.0,Active
S07942,C07942,Basic,2026-01-24,,Monthly,19.0,Active
S07943,C07943,Business,2025-04-30,,Monthly,99.0,Active
S07944,C07944,Basic,2025-11-03,,Annual,16.15,Active
S07945,C07945,Basic,2025-02-15,,Annual,16.15,Active
S07946,C07946,Professional,2025-02-19,,Monthly,49.0,Active
S07947,C07947,Basic,2026-03-20,,Annual,16.15,Active
S07948,C07948,Professional,2026-01-01,2026-04-24,Monthly,49.0,Cancelled
S07949,C07949,Basic,2026-04-06,,Annual,16.15,Active
S07950,C07950,Professional,2026-04-30,,Annual,41.65,Active
S07951,C07951,Professional,2026-03-26,,Monthly,49.0,Active
S07952,C07952,Professional,2025-06-25,,Monthly,49.0,Active
S07953,C07953,Professional,2025-01-29,,Monthly,49.0,Active
S07954,C07954,Basic,2025-01-29,,Monthly,19.0,Active
S07955,C07955,Professional,2026-04-28,,Annual,41.65,Active
S07956,C07956,Free,2025-09-25,,Monthly,0.0,Active
S07957,C07957,Business,2025-07-17,2025-09-12,Monthly,99.0,Cancelled
S07958,C07958,Professional,2025-08-18,,Monthly,49.0,Active
S07959,C07959,Professional,2025-05-28,,Annual,41.65,Active
S07960,C07960,Professional,2026-03-08,2026-05-27,Monthly,49.0,Cancelled
S07961,C07961,Business,2026-02-13,2026-05-14,Monthly,99.0,Cancelled
S07962,C07962,Free,2026-02-13,2026-06-11,Monthly,0.0,Cancelled
S07963,C07963,Professional,2025-10-02,,Monthly,49.0,Active
S07964,C07964,Professional,2026-04-16,,Monthly,49.0,Active
S07965,C07965,Professional,2026-05-06,,Monthly,49.0,Active
S07966,C07966,Professional,2025-10-12,,Annual,41.65,Active
S07967,C07967,Business,2025-06-10,,Monthly,99.0,Active
S07968,C07968,Professional,2026-04-04,,Monthly,49.0,Active
S07969,C07969,Basic,2025-03-21,,Monthly,19.0,Active
S07970,C07970,Professional,2025-01-24,,Monthly,49.0,Active
S07971,C07971,Basic,2026-05-08,,Monthly,19.0,Active
S07972,C07972,Professional,2026-02-06,,Monthly,49.0,Active
S07973,C07973,Basic,2025-01-12,,Annual,16.15,Active
S07974,C07974,Professional,2026-04-13,,Annual,41.65,Active
S07975,C07975,Free,2026-05-16,2026-06-17,Monthly,0.0,Cancelled
S07976,C07976,Basic,2025-09-07,2026-06-03,Annual,16.15,Cancelled
S07977,C07977,Basic,2026-03-14,,Monthly,19.0,Active
S07978,C07978,Basic,2025-08-07,,Monthly,19.0,Active
S07979,C07979,Professional,2025-04-22,,Monthly,49.0,Active
S07980,C07980,Professional,2026-05-07,,Annual,41.65,Active
S07981,C07981,Basic,2025-01-10,2025-10-23,Annual,16.15,Cancelled
S07982,C07982,Basic,2026-03-06,,Monthly,19.0,Active
S07983,C07983,Basic,2026-03-08,2026-05-06,Annual,16.15,Cancelled
S07984,C07984,Professional,2026-01-27,,Monthly,49.0,Active
S07985,C07985,Free,2025-12-22,,Monthly,0.0,Active
S07986,C07986,Professional,2026-02-11,2026-06-12,Monthly,49.0,Cancelled
S07987,C07987,Professional,2025-10-02,,Monthly,49.0,Active
S07988,C07988,Basic,2025-07-17,,Annual,16.15,Active
S07989,C07989,Professional,2025-04-08,2025-07-22,Monthly,49.0,Cancelled
S07990,C07990,Basic,2025-10-21,2025-12-26,Annual,16.15,Cancelled
S07991,C07991,Professional,2025-07-31,2025-11-19,Monthly,49.0,Cancelled
S07992,C07992,Business,2025-05-06,,Monthly,99.0,Active
S07993,C07993,Basic,2025-06-30,,Monthly,19.0,Active
S07994,C07994,Basic,2025-05-05,2026-03-08,Monthly,19.0,Cancelled
S07995,C07995,Basic,2026-03-25,2026-05-04,Monthly,19.0,Cancelled
S07996,C07996,Professional,2026-01-12,,Monthly,49.0,Active
S07997,C07997,Business,2025-07-12,,Monthly,99.0,Active
S07998,C07998,Professional,2025-09-10,,Monthly,49.0,Active
S07999,C07999,Basic,2025-11-11,2026-01-12,Monthly,19.0,Cancelled
S08000,C08000,Basic,2026-02-06,2026-05-24,Monthly,19.0,Cancelled
S08001,C08001,Basic,2026-03-03,,Annual,16.15,Active
S08002,C08002,Free,2026-01-23,,Monthly,0.0,Active
S08003,C08003,Free,2025-04-06,2025-05-02,Monthly,0.0,Cancelled
S08004,C08004,Basic,2025-12-13,,Monthly,19.0,Active
S08005,C08005,Professional,2026-04-03,,Monthly,49.0,Active
S08006,C08006,Basic,2025-07-11,2025-09-15,Monthly,19.0,Cancelled
S08007,C08007,Free,2025-06-03,,Monthly,0.0,Active
S08008,C08008,Professional,2026-02-01,,Monthly,49.0,Active
S08009,C08009,Professional,2026-04-30,,Annual,41.65,Active
S08010,C08010,Basic,2025-07-15,,Monthly,19.0,Active
S08011,C08011,Basic,2025-06-17,,Monthly,19.0,Active
S08012,C08012,Basic,2025-10-25,,Monthly,19.0,Active
S08013,C08013,Professional,2025-11-08,,Monthly,49.0,Active
S08014,C08014,Professional,2025-10-26,,Monthly,49.0,Active
S08015,C08015,Business,2025-09-27,2025-12-22,Monthly,99.0,Cancelled
S08016,C08016,Basic,2025-06-24,,Annual,16.15,Active
S08017,C08017,Professional,2025-04-29,,Monthly,49.0,Active
S08018,C08018,Free,2025-02-16,,Monthly,0.0,Active
S08019,C08019,Professional,2025-09-10,,Annual,41.65,Active
S08020,C08020,Basic,2025-12-05,2026-03-02,Annual,16.15,Cancelled
S08021,C08021,Free,2025-10-16,,Monthly,0.0,Active
S08022,C08022,Basic,2025-12-24,,Monthly,19.0,Active
S08023,C08023,Business,2025-09-08,,Monthly,99.0,Active
S08024,C08024,Professional,2025-05-15,,Annual,41.65,Active
S08025,C08025,Professional,2025-12-04,,Monthly,49.0,Active
S08026,C08026,Basic,2025-08-11,2026-04-30,Annual,16.15,Cancelled
S08027,C08027,Business,2025-08-23,,Monthly,99.0,Active
S08028,C08028,Basic,2025-08-07,2025-11-16,Monthly,19.0,Cancelled
S08029,C08029,Basic,2025-07-24,,Monthly,19.0,Active
S08030,C08030,Professional,2025-05-12,,Monthly,49.0,Active
S08031,C08031,Basic,2025-07-08,,Annual,16.15,Active
S08032,C08032,Basic,2025-03-08,,Annual,16.15,Active
S08033,C08033,Basic,2025-05-26,,Annual,16.15,Active
S08034,C08034,Business,2026-02-12,,Annual,84.15,Active
S08035,C08035,Free,2026-02-19,2026-03-29,Monthly,0.0,Cancelled
S08036,C08036,Professional,2025-06-17,,Monthly,49.0,Active
S08037,C08037,Professional,2025-02-27,,Annual,41.65,Active
S08038,C08038,Professional,2025-12-05,,Monthly,49.0,Active
S08039,C08039,Business,2025-08-27,,Annual,84.15,Active
S08040,C08040,Free,2025-07-07,,Monthly,0.0,Active
S08041,C08041,Professional,2025-10-05,,Monthly,49.0,Active
S08042,C08042,Basic,2025-10-27,,Monthly,19.0,Active
S08043,C08043,Professional,2025-02-11,,Monthly,49.0,Active
S08044,C08044,Professional,2025-03-25,,Monthly,49.0,Active
S08045,C08045,Professional,2026-04-25,,Monthly,49.0,Active
S08046,C08046,Business,2025-08-12,,Monthly,99.0,Active
S08047,C08047,Free,2025-04-04,,Annual,0.0,Active
S08048,C08048,Professional,2025-07-06,,Monthly,49.0,Active
S08049,C08049,Professional,2025-12-13,2026-06-21,Monthly,49.0,Cancelled
S08050,C08050,Business,2025-08-30,,Monthly,99.0,Active
S08051,C08051,Professional,2025-03-22,,Monthly,49.0,Active
S08052,C08052,Basic,2025-12-24,,Monthly,19.0,Active
S08053,C08053,Basic,2026-04-30,,Monthly,19.0,Active
S08054,C08054,Basic,2025-01-01,2025-11-13,Monthly,19.0,Cancelled
S08055,C08055,Professional,2025-04-22,,Annual,41.65,Active
S08056,C08056,Basic,2025-03-29,,Annual,16.15,Active
S08057,C08057,Free,2025-02-05,,Monthly,0.0,Active
S08058,C08058,Free,2025-01-26,2025-05-20,Annual,0.0,Cancelled
S08059,C08059,Professional,2025-08-22,,Monthly,49.0,Active
S08060,C08060,Business,2025-12-28,,Monthly,99.0,Active
S08061,C08061,Professional,2025-10-21,,Monthly,49.0,Active
S08062,C08062,Basic,2025-09-30,,Annual,16.15,Active
S08063,C08063,Professional,2025-09-21,,Monthly,49.0,Active
S08064,C08064,Professional,2025-05-07,2026-05-16,Monthly,49.0,Cancelled
S08065,C08065,Professional,2026-03-10,,Monthly,49.0,Active
S08066,C08066,Basic,2025-06-15,,Monthly,19.0,Active
S08067,C08067,Basic,2026-04-12,,Annual,16.15,Active
S08068,C08068,Basic,2026-02-26,,Monthly,19.0,Active
S08069,C08069,Professional,2025-11-11,,Monthly,49.0,Active
S08070,C08070,Professional,2026-01-22,,Monthly,49.0,Active
S08071,C08071,Free,2026-01-03,,Monthly,0.0,Active
S08072,C08072,Basic,2026-01-10,,Monthly,19.0,Active
S08073,C08073,Basic,2025-06-29,,Annual,16.15,Active
S08074,C08074,Basic,2025-09-10,,Monthly,19.0,Active
S08075,C08075,Business,2026-05-05,,Annual,84.15,Active
S08076,C08076,Free,2025-03-13,2025-06-15,Monthly,0.0,Cancelled
S08077,C08077,Business,2025-09-17,,Annual,84.15,Active
S08078,C08078,Professional,2025-04-07,,Monthly,49.0,Active
S08079,C08079,Basic,2025-05-21,,Monthly,19.0,Active
S08080,C08080,Professional,2025-12-16,,Monthly,49.0,Active
S08081,C08081,Business,2025-02-14,,Annual,84.15,Active
S08082,C08082,Basic,2025-11-26,,Monthly,19.0,Active
S08083,C08083,Basic,2025-03-28,,Monthly,19.0,Active
S08084,C08084,Business,2025-07-01,,Monthly,99.0,Active
S08085,C08085,Professional,2025-01-06,,Monthly,49.0,Active
S08086,C08086,Basic,2025-05-22,,Monthly,19.0,Active
S08087,C08087,Free,2025-03-20,,Monthly,0.0,Active
S08088,C08088,Basic,2025-09-03,,Monthly,19.0,Active
S08089,C08089,Professional,2026-01-23,,Monthly,49.0,Active
S08090,C08090,Professional,2025-08-07,,Monthly,49.0,Active
S08091,C08091,Business,2025-06-01,,Monthly,99.0,Active
S08092,C08092,Professional,2026-02-26,,Annual,41.65,Active
S08093,C08093,Basic,2025-06-14,,Monthly,19.0,Active
S08094,C08094,Professional,2025-12-30,2026-05-20,Annual,41.65,Cancelled
S08095,C08095,Basic,2026-03-02,,Annual,16.15,Active
S08096,C08096,Business,2025-02-21,,Annual,84.15,Active
S08097,C08097,Basic,2025-04-09,,Monthly,19.0,Active
S08098,C08098,Business,2025-06-30,,Monthly,99.0,Active
S08099,C08099,Business,2026-04-27,2026-06-03,Monthly,99.0,Cancelled
S08100,C08100,Basic,2026-04-13,,Monthly,19.0,Active
S08101,C08101,Basic,2025-01-20,,Annual,16.15,Active
S08102,C08102,Business,2025-10-29,,Monthly,99.0,Active
S08103,C08103,Basic,2025-04-23,2025-08-11,Monthly,19.0,Cancelled
S08104,C08104,Business,2025-04-04,,Monthly,99.0,Active
S08105,C08105,Basic,2026-02-28,2026-05-11,Monthly,19.0,Cancelled
S08106,C08106,Business,2025-07-22,,Monthly,99.0,Active
S08107,C08107,Business,2025-10-10,2026-04-30,Monthly,99.0,Cancelled
S08108,C08108,Professional,2025-08-14,2025-10-20,Annual,41.65,Cancelled
S08109,C08109,Basic,2026-01-10,2026-05-28,Monthly,19.0,Cancelled
S08110,C08110,Basic,2025-08-26,,Annual,16.15,Active
S08111,C08111,Basic,2026-04-02,,Monthly,19.0,Active
S08112,C08112,Professional,2026-01-16,,Annual,41.65,Active
S08113,C08113,Basic,2025-01-28,,Annual,16.15,Active
S08114,C08114,Free,2025-07-09,,Monthly,0.0,Active
S08115,C08115,Business,2025-11-22,2026-03-13,Monthly,99.0,Cancelled
S08116,C08116,Basic,2026-04-21,,Annual,16.15,Active
S08117,C08117,Professional,2026-04-13,,Monthly,49.0,Active
S08118,C08118,Professional,2025-08-05,,Monthly,49.0,Active
S08119,C08119,Professional,2025-11-13,,Monthly,49.0,Active
S08120,C08120,Professional,2025-12-21,,Monthly,49.0,Active
S08121,C08121,Basic,2025-05-20,,Monthly,19.0,Active
S08122,C08122,Basic,2025-03-18,,Monthly,19.0,Active
S08123,C08123,Free,2025-10-17,,Annual,0.0,Active
S08124,C08124,Business,2025-10-21,,Monthly,99.0,Active
S08125,C08125,Business,2025-06-01,,Monthly,99.0,Active
S08126,C08126,Basic,2026-01-01,,Monthly,19.0,Active
S08127,C08127,Basic,2026-01-23,,Monthly,19.0,Active
S08128,C08128,Basic,2026-04-28,2026-06-01,Monthly,19.0,Cancelled
S08129,C08129,Professional,2025-10-03,2026-06-23,Monthly,49.0,Cancelled
S08130,C08130,Basic,2025-03-20,,Annual,16.15,Active
S08131,C08131,Professional,2025-04-21,,Monthly,49.0,Active
S08132,C08132,Business,2025-05-17,,Monthly,99.0,Active
S08133,C08133,Basic,2026-04-05,,Monthly,19.0,Active
S08134,C08134,Professional,2025-11-29,,Monthly,49.0,Active
S08135,C08135,Basic,2026-02-07,,Annual,16.15,Active
S08136,C08136,Basic,2025-03-21,,Monthly,19.0,Active
S08137,C08137,Professional,2025-10-21,,Monthly,49.0,Active
S08138,C08138,Basic,2026-02-19,,Annual,16.15,Active
S08139,C08139,Basic,2025-08-27,,Monthly,19.0,Active
S08140,C08140,Basic,2026-04-10,2026-06-07,Monthly,19.0,Cancelled
S08141,C08141,Free,2025-02-15,2026-01-26,Monthly,0.0,Cancelled
S08142,C08142,Business,2025-03-29,,Monthly,99.0,Active
S08143,C08143,Professional,2025-05-21,,Monthly,49.0,Active
S08144,C08144,Business,2025-01-31,,Annual,84.15,Active
S08145,C08145,Basic,2026-05-02,,Monthly,19.0,Active
S08146,C08146,Professional,2025-06-07,,Monthly,49.0,Active
S08147,C08147,Basic,2025-12-06,,Annual,16.15,Active
S08148,C08148,Basic,2025-01-31,,Monthly,19.0,Active
S08149,C08149,Professional,2025-09-20,,Monthly,49.0,Active
S08150,C08150,Professional,2026-02-14,2026-03-13,Monthly,49.0,Cancelled
S08151,C08151,Professional,2025-01-18,,Monthly,49.0,Active
S08152,C08152,Basic,2025-05-11,,Monthly,19.0,Active
S08153,C08153,Professional,2025-08-02,,Annual,41.65,Active
S08154,C08154,Professional,2026-03-12,2026-05-06,Monthly,49.0,Cancelled
S08155,C08155,Business,2025-05-24,,Annual,84.15,Active
S08156,C08156,Free,2025-05-06,,Monthly,0.0,Active
S08157,C08157,Business,2025-01-25,,Monthly,99.0,Active
S08158,C08158,Basic,2025-06-25,,Monthly,19.0,Active
S08159,C08159,Professional,2025-01-20,,Monthly,49.0,Active
S08160,C08160,Professional,2025-05-23,2026-04-14,Annual,41.65,Cancelled
S08161,C08161,Professional,2025-12-02,,Monthly,49.0,Active
S08162,C08162,Free,2026-04-07,,Monthly,0.0,Active
S08163,C08163,Professional,2025-01-18,,Monthly,49.0,Active
S08164,C08164,Basic,2025-05-14,,Monthly,19.0,Active
S08165,C08165,Basic,2025-10-22,,Monthly,19.0,Active
S08166,C08166,Basic,2026-01-16,,Annual,16.15,Active
S08167,C08167,Professional,2026-05-16,,Monthly,49.0,Active
S08168,C08168,Basic,2025-03-08,,Monthly,19.0,Active
S08169,C08169,Business,2025-01-17,,Annual,84.15,Active
S08170,C08170,Free,2025-11-06,,Monthly,0.0,Active
S08171,C08171,Professional,2025-11-06,2025-12-25,Monthly,49.0,Cancelled
S08172,C08172,Basic,2026-05-14,,Annual,16.15,Active
S08173,C08173,Basic,2026-01-11,,Monthly,19.0,Active
S08174,C08174,Business,2025-02-19,,Monthly,99.0,Active
S08175,C08175,Basic,2025-09-17,,Monthly,19.0,Active
S08176,C08176,Professional,2026-05-13,,Annual,41.65,Active
S08177,C08177,Business,2025-05-03,,Monthly,99.0,Active
S08178,C08178,Business,2025-04-01,,Monthly,99.0,Active
S08179,C08179,Basic,2025-05-15,,Monthly,19.0,Active
S08180,C08180,Basic,2025-08-14,,Monthly,19.0,Active
S08181,C08181,Basic,2025-05-12,,Monthly,19.0,Active
S08182,C08182,Professional,2025-07-29,2025-10-04,Monthly,49.0,Cancelled
S08183,C08183,Free,2026-03-25,2026-06-11,Annual,0.0,Cancelled
S08184,C08184,Professional,2025-05-16,,Annual,41.65,Active
S08185,C08185,Free,2026-01-20,,Annual,0.0,Active
S08186,C08186,Basic,2025-08-24,,Monthly,19.0,Active
S08187,C08187,Basic,2025-10-06,2026-04-24,Monthly,19.0,Cancelled
S08188,C08188,Professional,2025-04-09,,Annual,41.65,Active
S08189,C08189,Free,2025-01-06,,Monthly,0.0,Active
S08190,C08190,Basic,2026-01-14,,Monthly,19.0,Active
S08191,C08191,Professional,2025-05-17,,Monthly,49.0,Active
S08192,C08192,Free,2025-04-30,,Annual,0.0,Active
S08193,C08193,Professional,2025-01-27,,Annual,41.65,Active
S08194,C08194,Business,2025-01-31,,Monthly,99.0,Active
S08195,C08195,Professional,2025-12-04,,Monthly,49.0,Active
S08196,C08196,Basic,2026-02-01,,Monthly,19.0,Active
S08197,C08197,Professional,2025-11-03,,Annual,41.65,Active
S08198,C08198,Basic,2025-04-19,,Annual,16.15,Active
S08199,C08199,Basic,2026-04-26,,Monthly,19.0,Active
S08200,C08200,Basic,2025-11-21,,Monthly,19.0,Active
S08201,C08201,Business,2025-09-27,,Annual,84.15,Active
S08202,C08202,Basic,2025-11-01,,Monthly,19.0,Active
S08203,C08203,Professional,2026-05-05,,Monthly,49.0,Active
S08204,C08204,Free,2026-02-21,2026-06-21,Monthly,0.0,Cancelled
S08205,C08205,Basic,2025-09-12,,Monthly,19.0,Active
S08206,C08206,Professional,2025-12-14,,Monthly,49.0,Active
S08207,C08207,Business,2025-07-11,,Monthly,99.0,Active
S08208,C08208,Basic,2026-04-20,,Monthly,19.0,Active
S08209,C08209,Basic,2026-04-29,,Monthly,19.0,Active
S08210,C08210,Basic,2026-01-16,2026-06-26,Monthly,19.0,Cancelled
S08211,C08211,Basic,2026-02-11,,Monthly,19.0,Active
S08212,C08212,Free,2025-10-23,,Annual,0.0,Active
S08213,C08213,Professional,2025-08-23,2025-12-23,Monthly,49.0,Cancelled
S08214,C08214,Professional,2026-04-19,,Monthly,49.0,Active
S08215,C08215,Business,2026-03-01,,Monthly,99.0,Active
S08216,C08216,Professional,2025-06-15,,Monthly,49.0,Active
S08217,C08217,Basic,2026-02-11,2026-05-05,Annual,16.15,Cancelled
S08218,C08218,Basic,2025-11-20,,Monthly,19.0,Active
S08219,C08219,Business,2025-11-15,,Monthly,99.0,Active
S08220,C08220,Free,2025-06-10,2025-12-16,Annual,0.0,Cancelled
S08221,C08221,Free,2025-01-21,,Annual,0.0,Active
S08222,C08222,Professional,2025-01-14,,Monthly,49.0,Active
S08223,C08223,Business,2025-02-19,,Annual,84.15,Active
S08224,C08224,Free,2025-02-20,2025-10-03,Monthly,0.0,Cancelled
S08225,C08225,Basic,2025-08-19,,Monthly,19.0,Active
S08226,C08226,Basic,2025-05-04,,Monthly,19.0,Active
S08227,C08227,Basic,2025-05-01,,Monthly,19.0,Active
S08228,C08228,Basic,2026-03-22,,Monthly,19.0,Active
S08229,C08229,Basic,2025-08-15,,Monthly,19.0,Active
S08230,C08230,Business,2025-09-23,,Monthly,99.0,Active
S08231,C08231,Professional,2025-10-21,,Annual,41.65,Active
S08232,C08232,Free,2026-04-17,,Annual,0.0,Active
S08233,C08233,Business,2025-01-18,2025-02-18,Monthly,99.0,Cancelled
S08234,C08234,Basic,2025-04-02,,Annual,16.15,Active
S08235,C08235,Business,2026-02-21,,Monthly,99.0,Active
S08236,C08236,Free,2025-05-08,,Monthly,0.0,Active
S08237,C08237,Basic,2025-03-16,,Monthly,19.0,Active
S08238,C08238,Professional,2025-07-28,,Monthly,49.0,Active
S08239,C08239,Basic,2025-11-01,,Monthly,19.0,Active
S08240,C08240,Business,2025-08-01,,Monthly,99.0,Active
S08241,C08241,Basic,2025-12-24,,Monthly,19.0,Active
S08242,C08242,Professional,2026-01-25,,Annual,41.65,Active
S08243,C08243,Business,2025-12-05,,Monthly,99.0,Active
S08244,C08244,Basic,2025-07-30,,Monthly,19.0,Active
S08245,C08245,Professional,2025-12-01,,Monthly,49.0,Active
S08246,C08246,Basic,2025-01-10,,Monthly,19.0,Active
S08247,C08247,Free,2026-02-15,,Monthly,0.0,Active
S08248,C08248,Business,2025-05-16,,Monthly,99.0,Active
S08249,C08249,Basic,2025-02-16,,Annual,16.15,Active
S08250,C08250,Basic,2025-07-17,,Monthly,19.0,Active
S08251,C08251,Basic,2025-03-05,2025-06-02,Monthly,19.0,Cancelled
S08252,C08252,Business,2025-06-28,,Monthly,99.0,Active
S08253,C08253,Professional,2025-12-13,,Monthly,49.0,Active
S08254,C08254,Basic,2025-12-11,,Monthly,19.0,Active
S08255,C08255,Free,2025-06-29,,Monthly,0.0,Active
S08256,C08256,Free,2025-05-14,2025-07-07,Annual,0.0,Cancelled
S08257,C08257,Professional,2025-08-16,,Monthly,49.0,Active
S08258,C08258,Business,2025-02-09,,Monthly,99.0,Active
S08259,C08259,Professional,2025-01-25,,Monthly,49.0,Active
S08260,C08260,Professional,2025-09-12,2025-11-04,Monthly,49.0,Cancelled
S08261,C08261,Professional,2025-07-10,,Monthly,49.0,Active
S08262,C08262,Business,2025-07-06,,Monthly,99.0,Active
S08263,C08263,Professional,2025-11-22,,Monthly,49.0,Active
S08264,C08264,Professional,2025-12-22,,Monthly,49.0,Active
S08265,C08265,Business,2025-04-23,2025-11-17,Monthly,99.0,Cancelled
S08266,C08266,Basic,2025-09-02,,Monthly,19.0,Active
S08267,C08267,Basic,2025-01-11,,Monthly,19.0,Active
S08268,C08268,Professional,2025-05-09,,Monthly,49.0,Active
S08269,C08269,Business,2025-05-28,,Monthly,99.0,Active
S08270,C08270,Basic,2026-02-20,2026-06-25,Annual,16.15,Cancelled
S08271,C08271,Basic,2026-04-04,2026-06-27,Monthly,19.0,Cancelled
S08272,C08272,Professional,2025-09-29,,Annual,41.65,Active
S08273,C08273,Basic,2025-07-09,,Monthly,19.0,Active
S08274,C08274,Basic,2025-06-30,,Monthly,19.0,Active
S08275,C08275,Business,2026-03-18,,Monthly,99.0,Active
S08276,C08276,Professional,2025-01-12,,Monthly,49.0,Active
S08277,C08277,Basic,2025-03-31,,Annual,16.15,Active
S08278,C08278,Professional,2025-09-17,,Annual,41.65,Active
S08279,C08279,Business,2025-09-10,,Monthly,99.0,Active
S08280,C08280,Basic,2025-03-15,,Monthly,19.0,Active
S08281,C08281,Professional,2025-12-03,,Monthly,49.0,Active
S08282,C08282,Free,2025-03-27,2025-08-09,Annual,0.0,Cancelled
S08283,C08283,Basic,2025-03-16,2025-09-02,Annual,16.15,Cancelled
S08284,C08284,Business,2025-05-27,2026-03-09,Monthly,99.0,Cancelled
S08285,C08285,Professional,2026-04-30,,Monthly,49.0,Active
S08286,C08286,Business,2025-11-21,2026-05-13,Monthly,99.0,Cancelled
S08287,C08287,Professional,2026-04-11,,Annual,41.65,Active
S08288,C08288,Basic,2025-06-11,,Annual,16.15,Active
S08289,C08289,Professional,2025-07-12,,Monthly,49.0,Active
S08290,C08290,Basic,2025-09-21,,Monthly,19.0,Active
S08291,C08291,Professional,2025-04-24,2025-08-22,Monthly,49.0,Cancelled
S08292,C08292,Basic,2025-07-30,,Monthly,19.0,Active
S08293,C08293,Professional,2025-11-21,,Monthly,49.0,Active
S08294,C08294,Basic,2025-04-16,,Annual,16.15,Active
S08295,C08295,Basic,2025-06-16,2026-06-22,Monthly,19.0,Cancelled
S08296,C08296,Basic,2025-10-09,,Monthly,19.0,Active
S08297,C08297,Business,2026-01-30,,Monthly,99.0,Active
S08298,C08298,Professional,2026-05-05,,Annual,41.65,Active
S08299,C08299,Professional,2025-03-06,,Annual,41.65,Active
S08300,C08300,Business,2026-02-16,,Monthly,99.0,Active
S08301,C08301,Basic,2025-05-15,,Monthly,19.0,Active
S08302,C08302,Professional,2026-03-31,,Monthly,49.0,Active
S08303,C08303,Professional,2026-04-14,,Annual,41.65,Active
S08304,C08304,Professional,2025-01-02,2025-08-16,Monthly,49.0,Cancelled
S08305,C08305,Business,2025-01-13,2025-08-28,Monthly,99.0,Cancelled
S08306,C08306,Professional,2025-09-25,,Monthly,49.0,Active
S08307,C08307,Professional,2025-09-19,,Monthly,49.0,Active
S08308,C08308,Free,2025-11-24,,Annual,0.0,Active
S08309,C08309,Business,2025-12-13,2026-04-11,Annual,84.15,Cancelled
S08310,C08310,Professional,2025-03-08,,Monthly,49.0,Active
S08311,C08311,Professional,2026-04-11,,Monthly,49.0,Active
S08312,C08312,Professional,2025-06-27,,Monthly,49.0,Active
S08313,C08313,Business,2025-11-12,,Monthly,99.0,Active
S08314,C08314,Basic,2025-10-02,,Monthly,19.0,Active
S08315,C08315,Professional,2025-12-28,,Monthly,49.0,Active
S08316,C08316,Professional,2025-02-14,,Monthly,49.0,Active
S08317,C08317,Basic,2025-08-18,,Annual,16.15,Active
S08318,C08318,Free,2025-03-10,,Monthly,0.0,Active
S08319,C08319,Professional,2025-11-15,2026-05-13,Monthly,49.0,Cancelled
S08320,C08320,Basic,2025-01-22,,Monthly,19.0,Active
S08321,C08321,Professional,2025-09-16,,Monthly,49.0,Active
S08322,C08322,Basic,2025-03-14,,Annual,16.15,Active
S08323,C08323,Free,2025-02-01,,Annual,0.0,Active
S08324,C08324,Professional,2025-11-18,,Annual,41.65,Active
S08325,C08325,Business,2025-12-19,,Annual,84.15,Active
S08326,C08326,Business,2026-04-02,,Monthly,99.0,Active
S08327,C08327,Business,2026-05-02,2026-06-08,Monthly,99.0,Cancelled
S08328,C08328,Basic,2025-04-29,,Monthly,19.0,Active
S08329,C08329,Professional,2025-05-09,,Annual,41.65,Active
S08330,C08330,Basic,2025-03-09,,Monthly,19.0,Active
S08331,C08331,Professional,2025-08-23,,Monthly,49.0,Active
S08332,C08332,Business,2025-08-18,2025-10-25,Annual,84.15,Cancelled
S08333,C08333,Professional,2026-05-08,,Monthly,49.0,Active
S08334,C08334,Professional,2025-01-09,,Annual,41.65,Active
S08335,C08335,Basic,2025-10-09,,Monthly,19.0,Active
S08336,C08336,Professional,2026-02-27,,Annual,41.65,Active
S08337,C08337,Professional,2025-08-27,,Monthly,49.0,Active
S08338,C08338,Professional,2026-01-18,,Monthly,49.0,Active
S08339,C08339,Professional,2025-05-16,,Annual,41.65,Active
S08340,C08340,Basic,2025-11-26,,Monthly,19.0,Active
S08341,C08341,Professional,2026-05-11,,Monthly,49.0,Active
S08342,C08342,Basic,2025-01-19,,Monthly,19.0,Active
S08343,C08343,Professional,2025-03-14,,Monthly,49.0,Active
S08344,C08344,Free,2025-11-19,2026-02-03,Monthly,0.0,Cancelled
S08345,C08345,Free,2025-04-18,,Monthly,0.0,Active
S08346,C08346,Free,2026-01-13,,Annual,0.0,Active
S08347,C08347,Business,2025-03-04,,Annual,84.15,Active
S08348,C08348,Basic,2025-07-16,,Annual,16.15,Active
S08349,C08349,Professional,2025-02-06,,Monthly,49.0,Active
S08350,C08350,Business,2026-01-02,,Monthly,99.0,Active
S08351,C08351,Business,2025-10-31,,Monthly,99.0,Active
S08352,C08352,Professional,2025-02-06,,Monthly,49.0,Active
S08353,C08353,Business,2026-01-17,,Monthly,99.0,Active
S08354,C08354,Basic,2026-03-14,,Monthly,19.0,Active
S08355,C08355,Professional,2025-09-26,,Annual,41.65,Active
S08356,C08356,Basic,2025-03-21,,Annual,16.15,Active
S08357,C08357,Business,2026-03-05,,Annual,84.15,Active
S08358,C08358,Professional,2025-09-14,,Annual,41.65,Active
S08359,C08359,Basic,2025-04-27,,Monthly,19.0,Active
S08360,C08360,Free,2025-04-07,,Monthly,0.0,Active
S08361,C08361,Basic,2025-09-06,,Annual,16.15,Active
S08362,C08362,Professional,2025-06-04,2026-03-28,Monthly,49.0,Cancelled
S08363,C08363,Professional,2025-12-22,,Annual,41.65,Active
S08364,C08364,Professional,2025-01-06,,Annual,41.65,Active
S08365,C08365,Professional,2026-01-22,,Monthly,49.0,Active
S08366,C08366,Professional,2025-12-27,,Monthly,49.0,Active
S08367,C08367,Basic,2025-02-07,,Annual,16.15,Active
S08368,C08368,Professional,2026-01-23,,Annual,41.65,Active
S08369,C08369,Professional,2025-02-04,,Monthly,49.0,Active
S08370,C08370,Basic,2026-02-26,,Monthly,19.0,Active
S08371,C08371,Business,2026-02-25,,Annual,84.15,Active
S08372,C08372,Professional,2025-07-13,,Monthly,49.0,Active
S08373,C08373,Professional,2026-01-22,2026-02-26,Monthly,49.0,Cancelled
S08374,C08374,Basic,2026-01-14,2026-03-22,Annual,16.15,Cancelled
S08375,C08375,Professional,2025-03-24,,Monthly,49.0,Active
S08376,C08376,Business,2026-02-28,2026-06-14,Monthly,99.0,Cancelled
S08377,C08377,Professional,2025-03-17,,Monthly,49.0,Active
S08378,C08378,Business,2025-03-05,,Monthly,99.0,Active
S08379,C08379,Professional,2025-06-19,,Monthly,49.0,Active
S08380,C08380,Basic,2025-09-03,,Annual,16.15,Active
S08381,C08381,Business,2025-07-09,,Monthly,99.0,Active
S08382,C08382,Professional,2025-03-08,,Annual,41.65,Active
S08383,C08383,Business,2026-05-08,,Monthly,99.0,Active
S08384,C08384,Professional,2025-02-22,,Monthly,49.0,Active
S08385,C08385,Basic,2026-02-09,2026-05-10,Monthly,19.0,Cancelled
S08386,C08386,Professional,2025-08-30,,Monthly,49.0,Active
S08387,C08387,Basic,2025-06-01,,Annual,16.15,Active
S08388,C08388,Business,2025-05-09,,Monthly,99.0,Active
S08389,C08389,Basic,2025-08-20,,Monthly,19.0,Active
S08390,C08390,Basic,2025-05-31,,Monthly,19.0,Active
S08391,C08391,Free,2025-05-17,,Monthly,0.0,Active
S08392,C08392,Business,2025-06-06,,Monthly,99.0,Active
S08393,C08393,Professional,2025-06-20,,Monthly,49.0,Active
S08394,C08394,Basic,2025-05-28,2026-05-13,Monthly,19.0,Cancelled
S08395,C08395,Professional,2025-03-15,,Monthly,49.0,Active
S08396,C08396,Basic,2025-06-15,,Monthly,19.0,Active
S08397,C08397,Professional,2025-04-19,,Annual,41.65,Active
S08398,C08398,Professional,2025-07-20,,Annual,41.65,Active
S08399,C08399,Professional,2025-05-27,,Monthly,49.0,Active
S08400,C08400,Business,2025-12-14,2026-01-14,Monthly,99.0,Cancelled
S08401,C08401,Business,2026-01-11,,Annual,84.15,Active
S08402,C08402,Basic,2025-06-05,,Monthly,19.0,Active
S08403,C08403,Basic,2025-10-04,2026-06-09,Annual,16.15,Cancelled
S08404,C08404,Professional,2026-03-02,,Monthly,49.0,Active
S08405,C08405,Professional,2025-02-09,,Monthly,49.0,Active
S08406,C08406,Business,2025-04-13,,Monthly,99.0,Active
S08407,C08407,Basic,2025-08-01,2026-04-15,Monthly,19.0,Cancelled
S08408,C08408,Professional,2025-12-09,2026-03-11,Monthly,49.0,Cancelled
S08409,C08409,Free,2026-05-04,,Monthly,0.0,Active
S08410,C08410,Free,2025-02-23,2026-04-11,Monthly,0.0,Cancelled
S08411,C08411,Basic,2025-09-29,,Monthly,19.0,Active
S08412,C08412,Business,2025-03-03,,Monthly,99.0,Active
S08413,C08413,Basic,2025-09-20,,Monthly,19.0,Active
S08414,C08414,Professional,2025-09-15,,Monthly,49.0,Active
S08415,C08415,Professional,2025-03-24,,Monthly,49.0,Active
S08416,C08416,Business,2026-01-12,2026-02-21,Monthly,99.0,Cancelled
S08417,C08417,Business,2025-03-16,,Monthly,99.0,Active
S08418,C08418,Basic,2026-05-07,,Monthly,19.0,Active
S08419,C08419,Business,2026-02-23,,Monthly,99.0,Active
S08420,C08420,Professional,2025-08-20,,Monthly,49.0,Active
S08421,C08421,Free,2026-01-31,,Monthly,0.0,Active
S08422,C08422,Free,2026-02-28,2026-06-28,Monthly,0.0,Cancelled
S08423,C08423,Business,2025-03-30,,Annual,84.15,Active
S08424,C08424,Basic,2025-05-03,,Monthly,19.0,Active
S08425,C08425,Business,2026-02-25,,Monthly,99.0,Active
S08426,C08426,Basic,2025-03-09,,Annual,16.15,Active
S08427,C08427,Business,2025-12-09,,Monthly,99.0,Active
S08428,C08428,Basic,2026-01-19,,Monthly,19.0,Active
S08429,C08429,Professional,2025-12-22,2026-01-14,Monthly,49.0,Cancelled
S08430,C08430,Basic,2025-07-02,,Monthly,19.0,Active
S08431,C08431,Professional,2025-03-02,,Monthly,49.0,Active
S08432,C08432,Basic,2026-03-01,,Monthly,19.0,Active
S08433,C08433,Basic,2025-06-14,,Monthly,19.0,Active
S08434,C08434,Basic,2026-04-12,,Annual,16.15,Active
S08435,C08435,Business,2025-11-30,,Monthly,99.0,Active
S08436,C08436,Professional,2025-06-26,,Annual,41.65,Active
S08437,C08437,Basic,2025-04-27,,Annual,16.15,Active
S08438,C08438,Basic,2025-12-30,,Annual,16.15,Active
S08439,C08439,Professional,2025-03-12,,Monthly,49.0,Active
S08440,C08440,Professional,2025-05-24,,Monthly,49.0,Active
S08441,C08441,Business,2025-08-12,,Monthly,99.0,Active
S08442,C08442,Professional,2025-07-04,,Monthly,49.0,Active
S08443,C08443,Professional,2025-04-25,,Monthly,49.0,Active
S08444,C08444,Professional,2025-08-24,,Monthly,49.0,Active
S08445,C08445,Basic,2025-01-16,,Monthly,19.0,Active
S08446,C08446,Basic,2025-12-27,,Monthly,19.0,Active
S08447,C08447,Business,2025-08-14,,Monthly,99.0,Active
S08448,C08448,Professional,2025-07-22,,Monthly,49.0,Active
S08449,C08449,Professional,2025-03-04,,Monthly,49.0,Active
S08450,C08450,Business,2025-03-16,,Monthly,99.0,Active
S08451,C08451,Basic,2026-05-07,,Monthly,19.0,Active
S08452,C08452,Basic,2025-03-17,,Annual,16.15,Active
S08453,C08453,Professional,2026-01-03,,Monthly,49.0,Active
S08454,C08454,Professional,2025-09-17,,Monthly,49.0,Active
S08455,C08455,Basic,2025-12-04,2025-12-31,Monthly,19.0,Cancelled
S08456,C08456,Free,2025-10-01,,Monthly,0.0,Active
S08457,C08457,Basic,2025-11-11,,Monthly,19.0,Active
S08458,C08458,Basic,2025-08-11,,Annual,16.15,Active
S08459,C08459,Basic,2026-02-21,2026-06-15,Monthly,19.0,Cancelled
S08460,C08460,Business,2026-02-25,2026-04-04,Monthly,99.0,Cancelled
S08461,C08461,Professional,2025-02-09,,Monthly,49.0,Active
S08462,C08462,Business,2025-09-15,,Monthly,99.0,Active
S08463,C08463,Free,2025-07-26,,Monthly,0.0,Active
S08464,C08464,Free,2025-03-31,,Monthly,0.0,Active
S08465,C08465,Basic,2026-03-30,,Monthly,19.0,Active
S08466,C08466,Professional,2025-07-26,,Monthly,49.0,Active
S08467,C08467,Professional,2025-03-26,,Annual,41.65,Active
S08468,C08468,Business,2025-03-05,,Monthly,99.0,Active
S08469,C08469,Basic,2026-01-28,,Monthly,19.0,Active
S08470,C08470,Professional,2025-11-26,,Annual,41.65,Active
S08471,C08471,Free,2025-06-05,,Monthly,0.0,Active
S08472,C08472,Professional,2026-04-30,,Monthly,49.0,Active
S08473,C08473,Professional,2025-10-25,2026-06-20,Monthly,49.0,Cancelled
S08474,C08474,Free,2025-03-14,,Monthly,0.0,Active
S08475,C08475,Basic,2025-05-09,,Monthly,19.0,Active
S08476,C08476,Business,2026-04-13,,Monthly,99.0,Active
S08477,C08477,Professional,2025-06-20,,Annual,41.65,Active
S08478,C08478,Free,2025-04-13,,Monthly,0.0,Active
S08479,C08479,Professional,2025-06-19,,Annual,41.65,Active
S08480,C08480,Professional,2025-03-26,,Monthly,49.0,Active
S08481,C08481,Professional,2026-04-12,,Annual,41.65,Active
S08482,C08482,Basic,2025-02-11,,Annual,16.15,Active
S08483,C08483,Basic,2025-08-26,,Annual,16.15,Active
S08484,C08484,Professional,2025-10-21,,Monthly,49.0,Active
S08485,C08485,Free,2025-07-15,,Monthly,0.0,Active
S08486,C08486,Professional,2025-05-25,2025-10-30,Monthly,49.0,Cancelled
S08487,C08487,Business,2026-03-09,,Annual,84.15,Active
S08488,C08488,Professional,2026-05-12,,Monthly,49.0,Active
S08489,C08489,Business,2025-06-22,,Annual,84.15,Active
S08490,C08490,Professional,2025-11-23,,Annual,41.65,Active
S08491,C08491,Basic,2025-11-22,2026-03-28,Monthly,19.0,Cancelled
S08492,C08492,Basic,2025-04-15,,Monthly,19.0,Active
S08493,C08493,Free,2025-01-03,,Monthly,0.0,Active
S08494,C08494,Basic,2025-03-02,,Monthly,19.0,Active
S08495,C08495,Basic,2025-04-13,,Annual,16.15,Active
S08496,C08496,Professional,2026-03-02,,Monthly,49.0,Active
S08497,C08497,Professional,2026-01-02,,Monthly,49.0,Active
S08498,C08498,Professional,2026-02-15,,Monthly,49.0,Active
S08499,C08499,Business,2025-05-30,,Monthly,99.0,Active
S08500,C08500,Business,2025-07-27,,Monthly,99.0,Active
S08501,C08501,Professional,2025-05-05,,Monthly,49.0,Active
S08502,C08502,Basic,2025-03-23,,Monthly,19.0,Active
S08503,C08503,Basic,2025-11-09,2026-02-09,Annual,16.15,Cancelled
S08504,C08504,Basic,2026-02-15,,Monthly,19.0,Active
S08505,C08505,Basic,2026-03-27,,Monthly,19.0,Active
S08506,C08506,Basic,2026-02-11,2026-05-12,Monthly,19.0,Cancelled
S08507,C08507,Basic,2025-12-10,2026-04-26,Monthly,19.0,Cancelled
S08508,C08508,Business,2025-01-23,2025-06-29,Monthly,99.0,Cancelled
S08509,C08509,Free,2025-06-01,,Monthly,0.0,Active
S08510,C08510,Basic,2025-02-15,,Monthly,19.0,Active
S08511,C08511,Free,2025-11-01,2025-12-22,Monthly,0.0,Cancelled
S08512,C08512,Professional,2026-02-06,,Monthly,49.0,Active
S08513,C08513,Basic,2025-05-27,2026-02-14,Annual,16.15,Cancelled
S08514,C08514,Free,2025-05-20,,Monthly,0.0,Active
S08515,C08515,Basic,2026-05-13,,Monthly,19.0,Active
S08516,C08516,Basic,2025-11-02,,Monthly,19.0,Active
S08517,C08517,Basic,2025-10-20,,Monthly,19.0,Active
S08518,C08518,Free,2026-03-09,,Monthly,0.0,Active
S08519,C08519,Basic,2025-09-19,,Monthly,19.0,Active
S08520,C08520,Professional,2026-02-15,,Monthly,49.0,Active
S08521,C08521,Business,2026-02-06,,Monthly,99.0,Active
S08522,C08522,Professional,2025-02-12,,Monthly,49.0,Active
S08523,C08523,Business,2025-05-27,,Annual,84.15,Active
S08524,C08524,Business,2026-01-09,2026-06-08,Annual,84.15,Cancelled
S08525,C08525,Basic,2025-05-26,,Monthly,19.0,Active
S08526,C08526,Free,2025-09-11,,Monthly,0.0,Active
S08527,C08527,Professional,2025-04-25,,Annual,41.65,Active
S08528,C08528,Professional,2025-12-24,,Annual,41.65,Active
S08529,C08529,Professional,2025-05-03,,Monthly,49.0,Active
S08530,C08530,Professional,2026-02-27,,Annual,41.65,Active
S08531,C08531,Basic,2026-04-16,2026-06-04,Monthly,19.0,Cancelled
S08532,C08532,Professional,2025-04-08,,Monthly,49.0,Active
S08533,C08533,Basic,2026-04-21,,Annual,16.15,Active
S08534,C08534,Professional,2025-11-21,,Monthly,49.0,Active
S08535,C08535,Business,2026-05-06,,Monthly,99.0,Active
S08536,C08536,Professional,2025-05-12,,Annual,41.65,Active
S08537,C08537,Basic,2025-01-24,2025-04-20,Monthly,19.0,Cancelled
S08538,C08538,Business,2025-11-21,,Annual,84.15,Active
S08539,C08539,Basic,2026-03-29,,Annual,16.15,Active
S08540,C08540,Free,2026-02-27,,Monthly,0.0,Active
S08541,C08541,Basic,2026-05-15,2026-06-27,Monthly,19.0,Cancelled
S08542,C08542,Business,2025-07-07,,Annual,84.15,Active
S08543,C08543,Professional,2026-05-10,,Monthly,49.0,Active
S08544,C08544,Professional,2025-12-30,,Monthly,49.0,Active
S08545,C08545,Basic,2026-04-25,2026-06-07,Annual,16.15,Cancelled
S08546,C08546,Basic,2025-02-03,,Monthly,19.0,Active
S08547,C08547,Professional,2025-06-17,,Monthly,49.0,Active
S08548,C08548,Free,2026-02-15,2026-05-14,Monthly,0.0,Cancelled
S08549,C08549,Professional,2026-05-06,,Monthly,49.0,Active
S08550,C08550,Professional,2026-03-11,,Monthly,49.0,Active
S08551,C08551,Basic,2025-05-11,,Annual,16.15,Active
S08552,C08552,Basic,2025-07-31,,Annual,16.15,Active
S08553,C08553,Professional,2026-01-08,,Monthly,49.0,Active
S08554,C08554,Professional,2026-05-02,,Annual,41.65,Active
S08555,C08555,Professional,2026-04-10,2026-06-06,Monthly,49.0,Cancelled
S08556,C08556,Business,2025-05-13,,Annual,84.15,Active
S08557,C08557,Basic,2026-03-08,,Annual,16.15,Active
S08558,C08558,Business,2025-02-22,,Annual,84.15,Active
S08559,C08559,Basic,2025-10-10,,Monthly,19.0,Active
S08560,C08560,Professional,2026-05-12,2026-06-17,Monthly,49.0,Cancelled
S08561,C08561,Business,2025-07-13,2025-08-04,Monthly,99.0,Cancelled
S08562,C08562,Basic,2026-03-28,,Monthly,19.0,Active
S08563,C08563,Professional,2025-02-16,,Monthly,49.0,Active
S08564,C08564,Professional,2025-01-13,,Monthly,49.0,Active
S08565,C08565,Free,2025-08-14,,Monthly,0.0,Active
S08566,C08566,Business,2025-07-24,,Monthly,99.0,Active
S08567,C08567,Professional,2026-04-04,2026-06-24,Monthly,49.0,Cancelled
S08568,C08568,Business,2025-08-30,,Monthly,99.0,Active
S08569,C08569,Business,2025-12-09,2026-02-24,Annual,84.15,Cancelled
S08570,C08570,Professional,2025-01-09,,Monthly,49.0,Active
S08571,C08571,Business,2025-03-20,,Monthly,99.0,Active
S08572,C08572,Professional,2025-06-07,,Monthly,49.0,Active
S08573,C08573,Professional,2025-01-18,,Monthly,49.0,Active
S08574,C08574,Business,2025-02-19,2026-01-03,Annual,84.15,Cancelled
S08575,C08575,Basic,2025-10-02,2025-11-10,Monthly,19.0,Cancelled
S08576,C08576,Professional,2026-03-25,,Annual,41.65,Active
S08577,C08577,Basic,2025-01-19,2025-12-07,Monthly,19.0,Cancelled
S08578,C08578,Basic,2025-11-21,,Monthly,19.0,Active
S08579,C08579,Basic,2025-04-22,,Monthly,19.0,Active
S08580,C08580,Business,2025-11-17,2026-04-25,Monthly,99.0,Cancelled
S08581,C08581,Basic,2025-08-16,,Monthly,19.0,Active
S08582,C08582,Business,2026-05-03,2026-06-28,Monthly,99.0,Cancelled
S08583,C08583,Basic,2025-03-22,2026-02-17,Monthly,19.0,Cancelled
S08584,C08584,Basic,2025-10-02,,Monthly,19.0,Active
S08585,C08585,Professional,2026-03-01,2026-04-08,Annual,41.65,Cancelled
S08586,C08586,Basic,2025-10-21,,Annual,16.15,Active
S08587,C08587,Basic,2026-03-09,,Monthly,19.0,Active
S08588,C08588,Business,2025-01-26,,Monthly,99.0,Active
S08589,C08589,Business,2025-02-04,2025-04-02,Monthly,99.0,Cancelled
S08590,C08590,Business,2025-08-15,,Monthly,99.0,Active
S08591,C08591,Professional,2025-10-08,,Monthly,49.0,Active
S08592,C08592,Professional,2025-09-08,2025-10-26,Monthly,49.0,Cancelled
S08593,C08593,Free,2025-10-29,,Monthly,0.0,Active
S08594,C08594,Professional,2025-02-17,,Monthly,49.0,Active
S08595,C08595,Basic,2025-02-28,2025-10-14,Monthly,19.0,Cancelled
S08596,C08596,Business,2025-05-28,2025-08-23,Monthly,99.0,Cancelled
S08597,C08597,Basic,2025-01-06,,Monthly,19.0,Active
S08598,C08598,Business,2025-06-20,,Monthly,99.0,Active
S08599,C08599,Business,2025-08-23,,Monthly,99.0,Active
S08600,C08600,Professional,2025-02-26,,Monthly,49.0,Active
S08601,C08601,Professional,2025-12-29,,Monthly,49.0,Active
S08602,C08602,Professional,2026-05-04,,Monthly,49.0,Active
S08603,C08603,Professional,2025-11-16,,Monthly,49.0,Active
S08604,C08604,Professional,2025-07-18,,Monthly,49.0,Active
S08605,C08605,Professional,2025-11-29,,Annual,41.65,Active
S08606,C08606,Basic,2025-05-05,,Annual,16.15,Active
S08607,C08607,Business,2026-02-27,,Monthly,99.0,Active
S08608,C08608,Professional,2025-03-08,,Monthly,49.0,Active
S08609,C08609,Professional,2025-07-27,2025-09-13,Annual,41.65,Cancelled
S08610,C08610,Business,2025-05-11,,Monthly,99.0,Active
S08611,C08611,Professional,2025-09-07,,Monthly,49.0,Active
S08612,C08612,Professional,2025-05-16,,Monthly,49.0,Active
S08613,C08613,Free,2025-03-18,,Monthly,0.0,Active
S08614,C08614,Professional,2026-05-10,,Monthly,49.0,Active
S08615,C08615,Professional,2025-09-25,,Monthly,49.0,Active
S08616,C08616,Basic,2026-02-05,,Monthly,19.0,Active
S08617,C08617,Professional,2025-12-28,,Monthly,49.0,Active
S08618,C08618,Professional,2025-05-17,,Monthly,49.0,Active
S08619,C08619,Professional,2026-01-17,,Monthly,49.0,Active
S08620,C08620,Basic,2025-05-11,,Monthly,19.0,Active
S08621,C08621,Free,2026-05-04,,Monthly,0.0,Active
S08622,C08622,Free,2025-11-02,,Monthly,0.0,Active
S08623,C08623,Business,2026-03-18,,Monthly,99.0,Active
S08624,C08624,Basic,2026-04-01,,Monthly,19.0,Active
S08625,C08625,Basic,2025-07-01,,Monthly,19.0,Active
S08626,C08626,Basic,2025-09-08,,Annual,16.15,Active
S08627,C08627,Basic,2025-02-27,,Monthly,19.0,Active
S08628,C08628,Basic,2025-06-29,,Annual,16.15,Active
S08629,C08629,Free,2026-01-16,,Annual,0.0,Active
S08630,C08630,Business,2025-02-04,,Annual,84.15,Active
S08631,C08631,Basic,2025-09-11,,Monthly,19.0,Active
S08632,C08632,Business,2025-09-01,,Annual,84.15,Active
S08633,C08633,Basic,2026-01-07,,Annual,16.15,Active
S08634,C08634,Professional,2025-07-11,,Monthly,49.0,Active
S08635,C08635,Professional,2025-09-16,,Monthly,49.0,Active
S08636,C08636,Professional,2025-02-03,,Annual,41.65,Active
S08637,C08637,Professional,2026-04-03,,Monthly,49.0,Active
S08638,C08638,Professional,2025-02-25,,Annual,41.65,Active
S08639,C08639,Free,2026-05-11,2026-06-18,Monthly,0.0,Cancelled
S08640,C08640,Professional,2025-02-20,,Monthly,49.0,Active
S08641,C08641,Business,2025-12-02,,Monthly,99.0,Active
S08642,C08642,Business,2026-01-15,,Monthly,99.0,Active
S08643,C08643,Professional,2025-10-02,,Monthly,49.0,Active
S08644,C08644,Basic,2025-12-07,2026-02-25,Monthly,19.0,Cancelled
S08645,C08645,Professional,2026-01-13,2026-02-15,Monthly,49.0,Cancelled
S08646,C08646,Basic,2025-12-02,,Monthly,19.0,Active
S08647,C08647,Basic,2026-03-02,,Annual,16.15,Active
S08648,C08648,Professional,2025-11-13,,Monthly,49.0,Active
S08649,C08649,Professional,2025-06-27,,Monthly,49.0,Active
S08650,C08650,Basic,2026-03-19,,Annual,16.15,Active
S08651,C08651,Business,2025-09-11,2026-04-12,Monthly,99.0,Cancelled
S08652,C08652,Professional,2025-08-13,,Monthly,49.0,Active
S08653,C08653,Basic,2025-01-11,2025-10-27,Monthly,19.0,Cancelled
S08654,C08654,Business,2025-12-13,,Monthly,99.0,Active
S08655,C08655,Basic,2025-08-09,2026-05-15,Monthly,19.0,Cancelled
S08656,C08656,Professional,2026-02-14,,Annual,41.65,Active
S08657,C08657,Professional,2025-11-03,,Monthly,49.0,Active
S08658,C08658,Basic,2026-02-11,2026-06-19,Annual,16.15,Cancelled
S08659,C08659,Professional,2025-08-01,,Monthly,49.0,Active
S08660,C08660,Professional,2025-10-16,2026-05-02,Monthly,49.0,Cancelled
S08661,C08661,Professional,2025-11-14,,Monthly,49.0,Active
S08662,C08662,Professional,2026-03-18,,Monthly,49.0,Active
S08663,C08663,Basic,2025-08-19,,Monthly,19.0,Active
S08664,C08664,Professional,2025-06-25,,Monthly,49.0,Active
S08665,C08665,Basic,2026-02-13,2026-05-29,Monthly,19.0,Cancelled
S08666,C08666,Basic,2026-04-18,2026-06-17,Monthly,19.0,Cancelled
S08667,C08667,Basic,2025-08-17,,Monthly,19.0,Active
S08668,C08668,Professional,2025-01-07,,Monthly,49.0,Active
S08669,C08669,Professional,2025-06-16,,Annual,41.65,Active
S08670,C08670,Business,2026-01-09,,Monthly,99.0,Active
S08671,C08671,Professional,2025-04-10,,Monthly,49.0,Active
S08672,C08672,Business,2025-12-23,2026-06-23,Monthly,99.0,Cancelled
S08673,C08673,Business,2026-05-13,,Monthly,99.0,Active
S08674,C08674,Professional,2026-05-03,,Monthly,49.0,Active
S08675,C08675,Basic,2026-02-04,2026-03-25,Annual,16.15,Cancelled
S08676,C08676,Professional,2025-02-06,,Monthly,49.0,Active
S08677,C08677,Business,2025-02-13,,Monthly,99.0,Active
S08678,C08678,Basic,2025-10-31,,Monthly,19.0,Active
S08679,C08679,Basic,2025-10-17,,Monthly,19.0,Active
S08680,C08680,Basic,2025-06-06,,Monthly,19.0,Active
S08681,C08681,Basic,2025-07-17,,Monthly,19.0,Active
S08682,C08682,Business,2026-01-18,2026-06-25,Monthly,99.0,Cancelled
S08683,C08683,Professional,2026-04-11,,Annual,41.65,Active
S08684,C08684,Professional,2025-08-14,,Monthly,49.0,Active
S08685,C08685,Professional,2025-05-04,,Annual,41.65,Active
S08686,C08686,Basic,2025-05-13,,Monthly,19.0,Active
S08687,C08687,Professional,2026-04-12,,Monthly,49.0,Active
S08688,C08688,Basic,2025-09-23,,Monthly,19.0,Active
S08689,C08689,Basic,2025-09-05,,Monthly,19.0,Active
S08690,C08690,Basic,2025-09-09,,Monthly,19.0,Active
S08691,C08691,Basic,2026-02-28,2026-06-05,Monthly,19.0,Cancelled
S08692,C08692,Professional,2025-05-31,2026-01-17,Monthly,49.0,Cancelled
S08693,C08693,Professional,2025-09-22,,Monthly,49.0,Active
S08694,C08694,Professional,2026-05-01,,Monthly,49.0,Active
S08695,C08695,Professional,2026-05-01,2026-06-13,Monthly,49.0,Cancelled
S08696,C08696,Basic,2026-02-13,,Annual,16.15,Active
S08697,C08697,Business,2025-08-14,,Annual,84.15,Active
S08698,C08698,Basic,2025-10-24,,Annual,16.15,Active
S08699,C08699,Basic,2026-03-17,,Monthly,19.0,Active
S08700,C08700,Basic,2025-07-10,2026-04-29,Monthly,19.0,Cancelled
S08701,C08701,Basic,2025-04-03,,Monthly,19.0,Active
S08702,C08702,Basic,2025-01-28,,Monthly,19.0,Active
S08703,C08703,Basic,2025-01-14,,Monthly,19.0,Active
S08704,C08704,Business,2026-04-22,,Annual,84.15,Active
S08705,C08705,Professional,2025-06-03,,Monthly,49.0,Active
S08706,C08706,Professional,2025-08-13,2025-12-28,Monthly,49.0,Cancelled
S08707,C08707,Basic,2026-04-11,2026-06-14,Annual,16.15,Cancelled
S08708,C08708,Business,2026-02-04,,Annual,84.15,Active
S08709,C08709,Basic,2025-02-02,,Monthly,19.0,Active
S08710,C08710,Basic,2025-11-21,2025-12-13,Monthly,19.0,Cancelled
S08711,C08711,Professional,2025-08-17,,Annual,41.65,Active
S08712,C08712,Basic,2026-03-27,,Annual,16.15,Active
S08713,C08713,Basic,2025-09-16,,Monthly,19.0,Active
S08714,C08714,Professional,2025-02-23,,Monthly,49.0,Active
S08715,C08715,Professional,2025-10-13,,Monthly,49.0,Active
S08716,C08716,Basic,2025-10-26,,Monthly,19.0,Active
S08717,C08717,Professional,2026-01-28,2026-06-19,Annual,41.65,Cancelled
S08718,C08718,Professional,2025-05-02,,Monthly,49.0,Active
S08719,C08719,Professional,2026-05-16,,Annual,41.65,Active
S08720,C08720,Professional,2026-04-10,,Monthly,49.0,Active
S08721,C08721,Free,2026-01-16,,Annual,0.0,Active
S08722,C08722,Professional,2025-02-11,2025-06-13,Annual,41.65,Cancelled
S08723,C08723,Basic,2025-12-26,2026-05-11,Monthly,19.0,Cancelled
S08724,C08724,Basic,2026-03-05,,Annual,16.15,Active
S08725,C08725,Professional,2025-02-12,,Monthly,49.0,Active
S08726,C08726,Business,2025-04-02,,Monthly,99.0,Active
S08727,C08727,Professional,2025-08-23,2025-11-22,Monthly,49.0,Cancelled
S08728,C08728,Basic,2025-02-12,,Monthly,19.0,Active
S08729,C08729,Professional,2025-02-04,2025-08-03,Annual,41.65,Cancelled
S08730,C08730,Business,2026-02-07,,Monthly,99.0,Active
S08731,C08731,Free,2025-10-26,,Monthly,0.0,Active
S08732,C08732,Free,2025-11-21,,Monthly,0.0,Active
S08733,C08733,Professional,2025-12-04,,Monthly,49.0,Active
S08734,C08734,Business,2025-01-22,,Monthly,99.0,Active
S08735,C08735,Professional,2025-09-09,,Monthly,49.0,Active
S08736,C08736,Professional,2026-04-06,,Monthly,49.0,Active
S08737,C08737,Basic,2026-01-24,,Monthly,19.0,Active
S08738,C08738,Basic,2025-03-19,,Monthly,19.0,Active
S08739,C08739,Business,2025-01-31,,Monthly,99.0,Active
S08740,C08740,Business,2025-10-05,,Monthly,99.0,Active
S08741,C08741,Basic,2026-04-16,2026-06-07,Monthly,19.0,Cancelled
S08742,C08742,Professional,2025-10-10,,Monthly,49.0,Active
S08743,C08743,Basic,2025-11-17,2025-12-11,Monthly,19.0,Cancelled
S08744,C08744,Professional,2026-02-06,,Monthly,49.0,Active
S08745,C08745,Professional,2025-06-02,,Monthly,49.0,Active
S08746,C08746,Free,2025-04-02,,Monthly,0.0,Active
S08747,C08747,Business,2025-10-26,,Monthly,99.0,Active
S08748,C08748,Professional,2025-05-08,,Monthly,49.0,Active
S08749,C08749,Professional,2025-01-12,2025-05-07,Annual,41.65,Cancelled
S08750,C08750,Business,2026-05-16,,Monthly,99.0,Active
S08751,C08751,Basic,2026-03-27,2026-04-28,Monthly,19.0,Cancelled
S08752,C08752,Basic,2025-07-16,,Annual,16.15,Active
S08753,C08753,Professional,2025-10-13,,Annual,41.65,Active
S08754,C08754,Basic,2025-04-13,,Monthly,19.0,Active
S08755,C08755,Basic,2025-04-18,,Monthly,19.0,Active
S08756,C08756,Business,2025-12-27,,Monthly,99.0,Active
S08757,C08757,Business,2026-01-27,2026-03-20,Monthly,99.0,Cancelled
S08758,C08758,Basic,2025-01-04,,Monthly,19.0,Active
S08759,C08759,Basic,2025-01-01,,Monthly,19.0,Active
S08760,C08760,Free,2025-06-09,2026-03-21,Monthly,0.0,Cancelled
S08761,C08761,Basic,2025-03-18,,Annual,16.15,Active
S08762,C08762,Basic,2025-07-11,,Monthly,19.0,Active
S08763,C08763,Basic,2025-01-24,,Monthly,19.0,Active
S08764,C08764,Business,2026-02-22,2026-06-06,Annual,84.15,Cancelled
S08765,C08765,Free,2025-11-24,,Monthly,0.0,Active
S08766,C08766,Basic,2026-04-07,,Annual,16.15,Active
S08767,C08767,Basic,2025-02-02,,Annual,16.15,Active
S08768,C08768,Free,2025-09-20,,Monthly,0.0,Active
S08769,C08769,Professional,2026-04-17,,Annual,41.65,Active
S08770,C08770,Basic,2025-12-08,2026-05-04,Monthly,19.0,Cancelled
S08771,C08771,Basic,2026-02-02,,Annual,16.15,Active
S08772,C08772,Professional,2026-02-21,,Monthly,49.0,Active
S08773,C08773,Basic,2025-03-01,,Monthly,19.0,Active
S08774,C08774,Business,2026-04-16,2026-05-24,Annual,84.15,Cancelled
S08775,C08775,Professional,2026-02-07,,Monthly,49.0,Active
S08776,C08776,Free,2025-04-23,,Annual,0.0,Active
S08777,C08777,Business,2026-04-05,,Monthly,99.0,Active
S08778,C08778,Professional,2025-10-19,,Annual,41.65,Active
S08779,C08779,Free,2026-04-11,,Monthly,0.0,Active
S08780,C08780,Business,2025-02-26,2026-02-24,Monthly,99.0,Cancelled
S08781,C08781,Basic,2025-08-29,,Monthly,19.0,Active
S08782,C08782,Professional,2025-06-07,2025-07-05,Monthly,49.0,Cancelled
S08783,C08783,Basic,2026-05-06,2026-05-31,Monthly,19.0,Cancelled
S08784,C08784,Basic,2025-04-05,2026-01-04,Monthly,19.0,Cancelled
S08785,C08785,Free,2025-09-19,,Monthly,0.0,Active
S08786,C08786,Professional,2025-02-19,,Monthly,49.0,Active
S08787,C08787,Professional,2025-01-01,,Monthly,49.0,Active
S08788,C08788,Basic,2025-01-23,2025-10-05,Annual,16.15,Cancelled
S08789,C08789,Basic,2026-01-25,,Monthly,19.0,Active
S08790,C08790,Business,2025-04-07,,Monthly,99.0,Active
S08791,C08791,Professional,2025-05-31,,Monthly,49.0,Active
S08792,C08792,Professional,2026-02-20,,Annual,41.65,Active
S08793,C08793,Business,2025-03-22,,Monthly,99.0,Active
S08794,C08794,Free,2026-01-05,,Monthly,0.0,Active
S08795,C08795,Free,2025-03-19,,Monthly,0.0,Active
S08796,C08796,Business,2026-04-08,,Monthly,99.0,Active
S08797,C08797,Professional,2025-12-31,2026-05-08,Monthly,49.0,Cancelled
S08798,C08798,Professional,2025-01-16,,Monthly,49.0,Active
S08799,C08799,Basic,2025-07-30,,Monthly,19.0,Active
S08800,C08800,Basic,2025-08-17,,Monthly,19.0,Active
S08801,C08801,Basic,2025-02-07,,Monthly,19.0,Active
S08802,C08802,Free,2025-01-10,,Annual,0.0,Active
S08803,C08803,Basic,2025-10-26,2025-12-27,Monthly,19.0,Cancelled
S08804,C08804,Free,2025-04-26,2026-01-29,Monthly,0.0,Cancelled
S08805,C08805,Basic,2025-10-20,,Monthly,19.0,Active
S08806,C08806,Business,2026-02-14,,Monthly,99.0,Active
S08807,C08807,Basic,2026-01-12,,Monthly,19.0,Active
S08808,C08808,Professional,2025-12-07,,Monthly,49.0,Active
S08809,C08809,Professional,2025-07-18,,Monthly,49.0,Active
S08810,C08810,Professional,2025-01-28,,Monthly,49.0,Active
S08811,C08811,Free,2026-04-19,,Monthly,0.0,Active
S08812,C08812,Professional,2025-12-22,,Monthly,49.0,Active
S08813,C08813,Professional,2025-12-31,,Monthly,49.0,Active
S08814,C08814,Basic,2025-05-26,,Annual,16.15,Active
S08815,C08815,Basic,2025-07-26,2026-06-29,Monthly,19.0,Cancelled
S08816,C08816,Business,2025-07-04,,Monthly,99.0,Active
S08817,C08817,Business,2025-06-30,,Monthly,99.0,Active
S08818,C08818,Professional,2025-06-26,,Monthly,49.0,Active
S08819,C08819,Basic,2025-12-01,,Annual,16.15,Active
S08820,C08820,Basic,2026-04-03,2026-06-22,Annual,16.15,Cancelled
S08821,C08821,Professional,2025-08-12,,Monthly,49.0,Active
S08822,C08822,Professional,2026-01-03,2026-06-11,Annual,41.65,Cancelled
S08823,C08823,Professional,2025-03-28,,Annual,41.65,Active
S08824,C08824,Basic,2025-04-24,,Monthly,19.0,Active
S08825,C08825,Professional,2026-04-24,,Monthly,49.0,Active
S08826,C08826,Basic,2026-05-06,,Monthly,19.0,Active
S08827,C08827,Professional,2025-09-16,,Annual,41.65,Active
S08828,C08828,Professional,2026-01-25,,Monthly,49.0,Active
S08829,C08829,Professional,2025-06-09,,Monthly,49.0,Active
S08830,C08830,Professional,2025-04-05,,Annual,41.65,Active
S08831,C08831,Basic,2025-08-05,,Monthly,19.0,Active
S08832,C08832,Basic,2025-09-10,,Monthly,19.0,Active
S08833,C08833,Free,2025-07-26,2026-01-05,Monthly,0.0,Cancelled
S08834,C08834,Professional,2026-04-03,,Annual,41.65,Active
S08835,C08835,Basic,2025-10-15,,Monthly,19.0,Active
S08836,C08836,Basic,2025-12-12,2026-06-14,Annual,16.15,Cancelled
S08837,C08837,Professional,2025-02-27,,Monthly,49.0,Active
S08838,C08838,Basic,2025-06-24,,Monthly,19.0,Active
S08839,C08839,Professional,2025-08-09,,Monthly,49.0,Active
S08840,C08840,Professional,2025-08-12,,Monthly,49.0,Active
S08841,C08841,Professional,2025-11-07,,Monthly,49.0,Active
S08842,C08842,Free,2025-10-18,,Monthly,0.0,Active
S08843,C08843,Basic,2025-08-17,,Monthly,19.0,Active
S08844,C08844,Business,2025-09-24,,Monthly,99.0,Active
S08845,C08845,Basic,2025-06-06,2025-08-08,Monthly,19.0,Cancelled
S08846,C08846,Business,2025-05-30,,Monthly,99.0,Active
S08847,C08847,Basic,2025-03-14,2025-09-20,Annual,16.15,Cancelled
S08848,C08848,Basic,2025-09-04,,Annual,16.15,Active
S08849,C08849,Professional,2025-10-04,,Annual,41.65,Active
S08850,C08850,Free,2025-01-20,,Monthly,0.0,Active
S08851,C08851,Free,2025-09-09,,Monthly,0.0,Active
S08852,C08852,Business,2025-04-22,,Monthly,99.0,Active
S08853,C08853,Basic,2025-12-14,,Monthly,19.0,Active
S08854,C08854,Basic,2026-01-02,,Monthly,19.0,Active
S08855,C08855,Professional,2025-03-11,,Monthly,49.0,Active
S08856,C08856,Basic,2025-08-01,,Annual,16.15,Active
S08857,C08857,Free,2025-01-19,,Monthly,0.0,Active
S08858,C08858,Business,2026-03-07,2026-04-24,Monthly,99.0,Cancelled
S08859,C08859,Professional,2025-09-28,,Annual,41.65,Active
S08860,C08860,Basic,2025-09-26,,Annual,16.15,Active
S08861,C08861,Free,2025-08-30,,Monthly,0.0,Active
S08862,C08862,Basic,2025-04-23,,Monthly,19.0,Active
S08863,C08863,Business,2026-02-07,,Monthly,99.0,Active
S08864,C08864,Basic,2025-04-16,,Annual,16.15,Active
S08865,C08865,Business,2025-07-12,,Annual,84.15,Active
S08866,C08866,Basic,2026-01-31,2026-04-27,Monthly,19.0,Cancelled
S08867,C08867,Free,2025-11-04,,Annual,0.0,Active
S08868,C08868,Professional,2025-12-10,,Monthly,49.0,Active
S08869,C08869,Professional,2025-03-09,2025-08-20,Annual,41.65,Cancelled
S08870,C08870,Basic,2026-01-04,,Monthly,19.0,Active
S08871,C08871,Business,2025-11-04,,Annual,84.15,Active
S08872,C08872,Basic,2026-01-12,,Monthly,19.0,Active
S08873,C08873,Professional,2025-06-21,,Annual,41.65,Active
S08874,C08874,Basic,2025-03-02,,Monthly,19.0,Active
S08875,C08875,Business,2025-05-22,,Monthly,99.0,Active
S08876,C08876,Basic,2026-03-13,,Monthly,19.0,Active
S08877,C08877,Business,2026-03-15,,Monthly,99.0,Active
S08878,C08878,Professional,2025-10-08,,Monthly,49.0,Active
S08879,C08879,Business,2025-09-29,2026-01-20,Annual,84.15,Cancelled
S08880,C08880,Professional,2025-06-13,2025-07-18,Monthly,49.0,Cancelled
S08881,C08881,Business,2026-02-09,,Monthly,99.0,Active
S08882,C08882,Basic,2025-03-19,,Monthly,19.0,Active
S08883,C08883,Professional,2025-07-16,2026-02-02,Monthly,49.0,Cancelled
S08884,C08884,Basic,2026-03-28,,Monthly,19.0,Active
S08885,C08885,Basic,2025-05-13,2026-04-10,Monthly,19.0,Cancelled
S08886,C08886,Business,2025-02-14,,Monthly,99.0,Active
S08887,C08887,Basic,2025-08-17,2025-10-16,Monthly,19.0,Cancelled
S08888,C08888,Basic,2025-03-15,,Monthly,19.0,Active
S08889,C08889,Basic,2025-11-02,2026-01-30,Monthly,19.0,Cancelled
S08890,C08890,Basic,2026-01-10,,Monthly,19.0,Active
S08891,C08891,Free,2025-07-29,2026-05-27,Monthly,0.0,Cancelled
S08892,C08892,Basic,2025-05-10,,Monthly,19.0,Active
S08893,C08893,Professional,2025-04-19,,Monthly,49.0,Active
S08894,C08894,Business,2025-11-01,,Annual,84.15,Active
S08895,C08895,Professional,2025-12-15,2026-02-01,Monthly,49.0,Cancelled
S08896,C08896,Business,2025-11-10,,Monthly,99.0,Active
S08897,C08897,Business,2025-09-10,,Monthly,99.0,Active
S08898,C08898,Basic,2026-02-25,2026-04-03,Monthly,19.0,Cancelled
S08899,C08899,Professional,2026-03-23,,Annual,41.65,Active
S08900,C08900,Professional,2025-07-08,,Monthly,49.0,Active
S08901,C08901,Business,2025-04-13,,Monthly,99.0,Active
S08902,C08902,Business,2025-04-15,,Monthly,99.0,Active
S08903,C08903,Basic,2025-09-21,,Annual,16.15,Active
S08904,C08904,Professional,2025-07-02,,Monthly,49.0,Active
S08905,C08905,Basic,2025-03-28,2026-01-11,Monthly,19.0,Cancelled
S08906,C08906,Basic,2025-07-25,,Monthly,19.0,Active
S08907,C08907,Free,2025-09-06,,Monthly,0.0,Active
S08908,C08908,Free,2025-11-21,,Monthly,0.0,Active
S08909,C08909,Professional,2025-06-05,,Annual,41.65,Active
S08910,C08910,Professional,2025-11-30,,Monthly,49.0,Active
S08911,C08911,Basic,2025-08-27,,Monthly,19.0,Active
S08912,C08912,Basic,2026-03-06,,Monthly,19.0,Active
S08913,C08913,Professional,2026-03-27,,Monthly,49.0,Active
S08914,C08914,Free,2025-06-29,2025-07-25,Monthly,0.0,Cancelled
S08915,C08915,Business,2025-11-29,,Monthly,99.0,Active
S08916,C08916,Business,2025-01-27,,Monthly,99.0,Active
S08917,C08917,Professional,2026-05-06,,Monthly,49.0,Active
S08918,C08918,Professional,2025-05-12,,Annual,41.65,Active
S08919,C08919,Basic,2025-09-07,,Monthly,19.0,Active
S08920,C08920,Business,2025-01-12,,Monthly,99.0,Active
S08921,C08921,Basic,2026-01-24,,Monthly,19.0,Active
S08922,C08922,Basic,2026-04-21,,Monthly,19.0,Active
S08923,C08923,Basic,2025-01-21,2025-04-29,Monthly,19.0,Cancelled
S08924,C08924,Free,2025-03-02,2026-03-16,Monthly,0.0,Cancelled
S08925,C08925,Business,2025-02-12,,Annual,84.15,Active
S08926,C08926,Free,2026-04-16,2026-05-07,Monthly,0.0,Cancelled
S08927,C08927,Business,2026-04-14,,Monthly,99.0,Active
S08928,C08928,Professional,2026-01-29,,Monthly,49.0,Active
S08929,C08929,Basic,2026-02-10,,Annual,16.15,Active
S08930,C08930,Professional,2025-06-15,,Monthly,49.0,Active
S08931,C08931,Professional,2026-02-27,,Monthly,49.0,Active
S08932,C08932,Basic,2025-02-23,,Monthly,19.0,Active
S08933,C08933,Free,2025-01-31,2025-07-03,Annual,0.0,Cancelled
S08934,C08934,Basic,2025-12-15,,Annual,16.15,Active
S08935,C08935,Basic,2025-08-26,,Monthly,19.0,Active
S08936,C08936,Professional,2025-12-20,2026-02-25,Annual,41.65,Cancelled
S08937,C08937,Free,2026-04-10,,Annual,0.0,Active
S08938,C08938,Basic,2025-12-04,,Monthly,19.0,Active
S08939,C08939,Business,2025-10-25,,Monthly,99.0,Active
S08940,C08940,Basic,2025-03-13,2025-12-03,Monthly,19.0,Cancelled
S08941,C08941,Professional,2026-05-12,,Monthly,49.0,Active
S08942,C08942,Business,2025-09-16,,Monthly,99.0,Active
S08943,C08943,Professional,2026-03-18,,Annual,41.65,Active
S08944,C08944,Professional,2025-07-15,,Monthly,49.0,Active
S08945,C08945,Basic,2026-03-25,,Monthly,19.0,Active
S08946,C08946,Business,2025-06-23,,Annual,84.15,Active
S08947,C08947,Basic,2025-07-31,,Monthly,19.0,Active
S08948,C08948,Free,2025-01-11,2025-05-02,Monthly,0.0,Cancelled
S08949,C08949,Professional,2026-03-26,,Monthly,49.0,Active
S08950,C08950,Professional,2025-10-30,,Monthly,49.0,Active
S08951,C08951,Business,2025-02-18,,Monthly,99.0,Active
S08952,C08952,Basic,2025-04-07,2025-07-26,Annual,16.15,Cancelled
S08953,C08953,Basic,2025-12-06,2026-03-15,Monthly,19.0,Cancelled
S08954,C08954,Professional,2025-05-01,,Monthly,49.0,Active
S08955,C08955,Basic,2025-03-24,,Annual,16.15,Active
S08956,C08956,Business,2025-05-23,,Monthly,99.0,Active
S08957,C08957,Basic,2026-03-29,2026-05-14,Annual,16.15,Cancelled
S08958,C08958,Professional,2025-12-11,2026-03-14,Monthly,49.0,Cancelled
S08959,C08959,Professional,2025-01-28,,Annual,41.65,Active
S08960,C08960,Professional,2025-08-27,,Monthly,49.0,Active
S08961,C08961,Basic,2026-01-20,,Annual,16.15,Active
S08962,C08962,Business,2026-02-06,2026-04-23,Monthly,99.0,Cancelled
S08963,C08963,Free,2025-04-12,,Monthly,0.0,Active
S08964,C08964,Basic,2025-01-26,,Monthly,19.0,Active
S08965,C08965,Free,2025-07-28,2025-09-05,Monthly,0.0,Cancelled
S08966,C08966,Free,2026-02-25,2026-03-23,Monthly,0.0,Cancelled
S08967,C08967,Basic,2025-09-27,,Monthly,19.0,Active
S08968,C08968,Business,2025-06-24,,Monthly,99.0,Active
S08969,C08969,Professional,2025-12-13,,Monthly,49.0,Active
S08970,C08970,Basic,2026-03-22,2026-05-03,Annual,16.15,Cancelled
S08971,C08971,Basic,2025-12-29,,Monthly,19.0,Active
S08972,C08972,Basic,2025-10-17,,Monthly,19.0,Active
S08973,C08973,Basic,2026-01-30,,Monthly,19.0,Active
S08974,C08974,Professional,2025-06-28,,Monthly,49.0,Active
S08975,C08975,Free,2025-12-11,2026-04-28,Monthly,0.0,Cancelled
S08976,C08976,Free,2025-02-18,,Monthly,0.0,Active
S08977,C08977,Basic,2026-04-24,,Annual,16.15,Active
S08978,C08978,Professional,2025-02-01,,Monthly,49.0,Active
S08979,C08979,Basic,2025-09-07,,Monthly,19.0,Active
S08980,C08980,Professional,2025-07-04,,Annual,41.65,Active
S08981,C08981,Business,2025-03-09,,Monthly,99.0,Active
S08982,C08982,Professional,2026-02-13,,Annual,41.65,Active
S08983,C08983,Professional,2025-08-04,,Monthly,49.0,Active
S08984,C08984,Professional,2025-12-04,,Monthly,49.0,Active
S08985,C08985,Professional,2026-04-16,,Annual,41.65,Active
S08986,C08986,Basic,2025-03-09,,Annual,16.15,Active
S08987,C08987,Free,2025-06-26,,Monthly,0.0,Active
S08988,C08988,Business,2026-01-07,2026-02-10,Monthly,99.0,Cancelled
S08989,C08989,Free,2025-02-21,,Monthly,0.0,Active
S08990,C08990,Basic,2025-11-11,,Monthly,19.0,Active
S08991,C08991,Professional,2025-05-29,,Monthly,49.0,Active
S08992,C08992,Business,2025-01-12,,Monthly,99.0,Active
S08993,C08993,Business,2025-09-15,,Monthly,99.0,Active
S08994,C08994,Professional,2025-08-07,,Monthly,49.0,Active
S08995,C08995,Professional,2025-05-17,,Monthly,49.0,Active
S08996,C08996,Professional,2025-09-20,,Monthly,49.0,Active
S08997,C08997,Professional,2025-05-19,,Monthly,49.0,Active
S08998,C08998,Professional,2026-02-02,,Annual,41.65,Active
S08999,C08999,Professional,2025-01-06,,Annual,41.65,Active
S09000,C09000,Professional,2025-09-14,,Monthly,49.0,Active
S09001,C09001,Free,2025-04-19,,Monthly,0.0,Active
S09002,C09002,Professional,2025-03-16,,Annual,41.65,Active
S09003,C09003,Professional,2025-10-21,,Monthly,49.0,Active
S09004,C09004,Basic,2026-04-16,2026-05-25,Monthly,19.0,Cancelled
S09005,C09005,Professional,2025-03-29,2026-05-22,Monthly,49.0,Cancelled
S09006,C09006,Professional,2026-03-12,,Monthly,49.0,Active
S09007,C09007,Professional,2026-04-18,,Annual,41.65,Active
S09008,C09008,Business,2025-07-03,2026-03-26,Monthly,99.0,Cancelled
S09009,C09009,Business,2025-07-28,,Annual,84.15,Active
S09010,C09010,Basic,2025-10-28,2026-04-18,Monthly,19.0,Cancelled
S09011,C09011,Basic,2025-05-31,2026-01-12,Monthly,19.0,Cancelled
S09012,C09012,Basic,2025-04-02,2025-06-19,Monthly,19.0,Cancelled
S09013,C09013,Basic,2025-06-30,,Monthly,19.0,Active
S09014,C09014,Basic,2026-02-26,,Monthly,19.0,Active
S09015,C09015,Professional,2025-09-05,,Monthly,49.0,Active
S09016,C09016,Professional,2026-04-20,,Annual,41.65,Active
S09017,C09017,Professional,2025-05-12,,Monthly,49.0,Active
S09018,C09018,Professional,2025-03-26,,Monthly,49.0,Active
S09019,C09019,Basic,2025-02-13,,Annual,16.15,Active
S09020,C09020,Basic,2025-01-12,,Monthly,19.0,Active
S09021,C09021,Professional,2025-11-23,,Annual,41.65,Active
S09022,C09022,Basic,2025-01-29,,Monthly,19.0,Active
S09023,C09023,Basic,2026-04-05,,Annual,16.15,Active
S09024,C09024,Basic,2025-05-20,,Monthly,19.0,Active
S09025,C09025,Free,2026-03-01,,Monthly,0.0,Active
S09026,C09026,Business,2026-04-10,,Monthly,99.0,Active
S09027,C09027,Business,2025-05-23,,Monthly,99.0,Active
S09028,C09028,Basic,2025-04-19,2025-06-24,Monthly,19.0,Cancelled
S09029,C09029,Basic,2025-10-04,,Monthly,19.0,Active
S09030,C09030,Business,2025-07-06,,Monthly,99.0,Active
S09031,C09031,Professional,2026-03-28,,Annual,41.65,Active
S09032,C09032,Professional,2025-02-13,,Annual,41.65,Active
S09033,C09033,Free,2025-08-08,,Annual,0.0,Active
S09034,C09034,Professional,2025-06-30,,Monthly,49.0,Active
S09035,C09035,Professional,2025-02-09,,Monthly,49.0,Active
S09036,C09036,Business,2025-01-05,,Annual,84.15,Active
S09037,C09037,Basic,2025-10-09,,Monthly,19.0,Active
S09038,C09038,Basic,2026-03-19,,Monthly,19.0,Active
S09039,C09039,Professional,2025-01-07,,Annual,41.65,Active
S09040,C09040,Basic,2025-07-04,,Annual,16.15,Active
S09041,C09041,Basic,2025-01-29,,Monthly,19.0,Active
S09042,C09042,Business,2025-07-12,,Monthly,99.0,Active
S09043,C09043,Business,2025-01-16,2025-10-22,Monthly,99.0,Cancelled
S09044,C09044,Professional,2025-02-11,,Monthly,49.0,Active
S09045,C09045,Professional,2025-07-18,,Annual,41.65,Active
S09046,C09046,Professional,2025-07-12,,Monthly,49.0,Active
S09047,C09047,Business,2025-12-23,,Monthly,99.0,Active
S09048,C09048,Professional,2026-03-28,,Annual,41.65,Active
S09049,C09049,Professional,2025-06-27,,Annual,41.65,Active
S09050,C09050,Basic,2025-12-18,,Monthly,19.0,Active
S09051,C09051,Basic,2026-01-14,,Annual,16.15,Active
S09052,C09052,Professional,2025-02-01,,Monthly,49.0,Active
S09053,C09053,Professional,2025-12-04,,Annual,41.65,Active
S09054,C09054,Free,2025-03-19,2025-06-23,Monthly,0.0,Cancelled
S09055,C09055,Free,2026-03-03,2026-05-03,Monthly,0.0,Cancelled
S09056,C09056,Professional,2026-03-02,,Annual,41.65,Active
S09057,C09057,Basic,2025-06-29,,Monthly,19.0,Active
S09058,C09058,Basic,2025-11-07,2026-02-20,Monthly,19.0,Cancelled
S09059,C09059,Basic,2025-04-07,,Monthly,19.0,Active
S09060,C09060,Basic,2025-06-23,,Monthly,19.0,Active
S09061,C09061,Professional,2025-08-30,,Monthly,49.0,Active
S09062,C09062,Basic,2025-02-13,2026-02-11,Monthly,19.0,Cancelled
S09063,C09063,Basic,2025-11-04,,Monthly,19.0,Active
S09064,C09064,Professional,2026-01-24,,Monthly,49.0,Active
S09065,C09065,Professional,2026-03-09,2026-06-10,Monthly,49.0,Cancelled
S09066,C09066,Basic,2026-04-28,,Monthly,19.0,Active
S09067,C09067,Free,2025-07-18,2026-04-15,Monthly,0.0,Cancelled
S09068,C09068,Basic,2025-09-04,,Monthly,19.0,Active
S09069,C09069,Business,2025-04-22,,Monthly,99.0,Active
S09070,C09070,Professional,2025-04-26,,Monthly,49.0,Active
S09071,C09071,Professional,2025-09-24,2025-11-24,Monthly,49.0,Cancelled
S09072,C09072,Basic,2026-01-12,,Monthly,19.0,Active
S09073,C09073,Basic,2025-04-01,,Monthly,19.0,Active
S09074,C09074,Professional,2025-07-01,,Annual,41.65,Active
S09075,C09075,Professional,2025-04-28,,Annual,41.65,Active
S09076,C09076,Business,2026-03-29,,Monthly,99.0,Active
S09077,C09077,Professional,2025-07-12,,Annual,41.65,Active
S09078,C09078,Business,2026-03-20,2026-05-21,Monthly,99.0,Cancelled
S09079,C09079,Basic,2025-10-20,,Monthly,19.0,Active
S09080,C09080,Basic,2025-06-09,,Annual,16.15,Active
S09081,C09081,Basic,2026-04-29,,Annual,16.15,Active
S09082,C09082,Free,2026-02-20,,Monthly,0.0,Active
S09083,C09083,Professional,2025-04-05,,Monthly,49.0,Active
S09084,C09084,Professional,2025-09-18,2025-10-24,Monthly,49.0,Cancelled
S09085,C09085,Basic,2026-05-02,,Monthly,19.0,Active
S09086,C09086,Basic,2026-01-14,2026-05-01,Monthly,19.0,Cancelled
S09087,C09087,Free,2025-10-29,,Monthly,0.0,Active
S09088,C09088,Business,2025-01-10,,Annual,84.15,Active
S09089,C09089,Professional,2026-03-02,2026-04-23,Monthly,49.0,Cancelled
S09090,C09090,Basic,2026-01-22,,Monthly,19.0,Active
S09091,C09091,Professional,2025-06-21,,Annual,41.65,Active
S09092,C09092,Basic,2025-03-27,,Monthly,19.0,Active
S09093,C09093,Professional,2025-06-25,,Annual,41.65,Active
S09094,C09094,Professional,2026-03-30,,Annual,41.65,Active
S09095,C09095,Basic,2025-03-26,,Monthly,19.0,Active
S09096,C09096,Basic,2025-06-01,,Monthly,19.0,Active
S09097,C09097,Basic,2025-12-11,,Monthly,19.0,Active
S09098,C09098,Professional,2025-01-23,2025-08-26,Annual,41.65,Cancelled
S09099,C09099,Professional,2025-02-28,,Monthly,49.0,Active
S09100,C09100,Business,2025-09-05,,Monthly,99.0,Active
S09101,C09101,Business,2025-08-15,,Monthly,99.0,Active
S09102,C09102,Basic,2026-04-14,2026-06-09,Monthly,19.0,Cancelled
S09103,C09103,Free,2025-09-04,,Annual,0.0,Active
S09104,C09104,Business,2025-07-11,,Monthly,99.0,Active
S09105,C09105,Professional,2026-03-27,2026-06-16,Monthly,49.0,Cancelled
S09106,C09106,Free,2025-03-04,,Monthly,0.0,Active
S09107,C09107,Professional,2026-04-17,2026-06-08,Monthly,49.0,Cancelled
S09108,C09108,Basic,2025-08-29,2026-06-09,Annual,16.15,Cancelled
S09109,C09109,Business,2025-07-01,,Monthly,99.0,Active
S09110,C09110,Basic,2025-12-28,,Annual,16.15,Active
S09111,C09111,Professional,2025-12-05,2026-04-05,Monthly,49.0,Cancelled
S09112,C09112,Business,2025-08-15,2026-04-28,Monthly,99.0,Cancelled
S09113,C09113,Professional,2025-09-29,,Monthly,49.0,Active
S09114,C09114,Basic,2025-12-21,,Monthly,19.0,Active
S09115,C09115,Professional,2025-05-25,,Annual,41.65,Active
S09116,C09116,Basic,2025-01-27,2025-12-20,Annual,16.15,Cancelled
S09117,C09117,Professional,2025-03-18,,Monthly,49.0,Active
S09118,C09118,Basic,2025-12-13,,Monthly,19.0,Active
S09119,C09119,Business,2025-02-03,,Monthly,99.0,Active
S09120,C09120,Professional,2025-02-13,,Monthly,49.0,Active
S09121,C09121,Professional,2025-11-21,,Monthly,49.0,Active
S09122,C09122,Business,2025-06-15,2026-04-16,Monthly,99.0,Cancelled
S09123,C09123,Professional,2025-08-14,,Annual,41.65,Active
S09124,C09124,Free,2026-02-01,2026-03-23,Monthly,0.0,Cancelled
S09125,C09125,Basic,2026-05-06,,Annual,16.15,Active
S09126,C09126,Basic,2025-08-04,,Annual,16.15,Active
S09127,C09127,Professional,2025-07-28,,Annual,41.65,Active
S09128,C09128,Basic,2025-10-04,,Monthly,19.0,Active
S09129,C09129,Professional,2025-04-12,,Annual,41.65,Active
S09130,C09130,Professional,2025-11-21,,Annual,41.65,Active
S09131,C09131,Free,2025-10-09,,Monthly,0.0,Active
S09132,C09132,Basic,2026-05-16,2026-06-06,Monthly,19.0,Cancelled
S09133,C09133,Professional,2025-05-10,,Monthly,49.0,Active
S09134,C09134,Professional,2026-01-29,,Annual,41.65,Active
S09135,C09135,Professional,2026-03-05,,Monthly,49.0,Active
S09136,C09136,Basic,2025-09-23,2026-02-10,Monthly,19.0,Cancelled
S09137,C09137,Basic,2025-11-22,,Monthly,19.0,Active
S09138,C09138,Professional,2025-09-28,,Monthly,49.0,Active
S09139,C09139,Professional,2025-08-01,,Monthly,49.0,Active
S09140,C09140,Basic,2025-09-19,,Monthly,19.0,Active
S09141,C09141,Basic,2026-03-03,2026-04-24,Monthly,19.0,Cancelled
S09142,C09142,Basic,2025-01-16,2025-10-01,Monthly,19.0,Cancelled
S09143,C09143,Professional,2026-02-11,,Annual,41.65,Active
S09144,C09144,Basic,2025-05-02,,Monthly,19.0,Active
S09145,C09145,Business,2026-01-21,,Monthly,99.0,Active
S09146,C09146,Professional,2025-04-13,,Monthly,49.0,Active
S09147,C09147,Professional,2026-04-23,,Monthly,49.0,Active
S09148,C09148,Professional,2025-04-24,,Monthly,49.0,Active
S09149,C09149,Professional,2025-08-23,,Monthly,49.0,Active
S09150,C09150,Professional,2026-04-21,,Monthly,49.0,Active
S09151,C09151,Business,2026-01-05,2026-05-01,Monthly,99.0,Cancelled
S09152,C09152,Professional,2025-11-13,,Monthly,49.0,Active
S09153,C09153,Professional,2025-05-08,,Monthly,49.0,Active
S09154,C09154,Professional,2026-03-02,,Monthly,49.0,Active
S09155,C09155,Free,2025-09-22,,Annual,0.0,Active
S09156,C09156,Professional,2025-08-04,,Monthly,49.0,Active
S09157,C09157,Basic,2025-03-19,,Monthly,19.0,Active
S09158,C09158,Professional,2026-04-25,,Annual,41.65,Active
S09159,C09159,Professional,2025-08-03,,Annual,41.65,Active
S09160,C09160,Professional,2026-03-03,,Annual,41.65,Active
S09161,C09161,Professional,2025-01-22,,Monthly,49.0,Active
S09162,C09162,Professional,2025-03-15,,Monthly,49.0,Active
S09163,C09163,Basic,2026-04-05,,Annual,16.15,Active
S09164,C09164,Professional,2025-12-23,,Monthly,49.0,Active
S09165,C09165,Free,2025-01-14,,Monthly,0.0,Active
S09166,C09166,Professional,2025-11-17,,Monthly,49.0,Active
S09167,C09167,Professional,2026-05-02,,Monthly,49.0,Active
S09168,C09168,Professional,2026-04-03,,Monthly,49.0,Active
S09169,C09169,Professional,2026-02-10,,Monthly,49.0,Active
S09170,C09170,Business,2026-01-16,,Monthly,99.0,Active
S09171,C09171,Free,2025-03-10,,Monthly,0.0,Active
S09172,C09172,Basic,2025-01-05,,Monthly,19.0,Active
S09173,C09173,Professional,2025-07-05,,Annual,41.65,Active
S09174,C09174,Basic,2026-01-23,2026-05-17,Monthly,19.0,Cancelled
S09175,C09175,Professional,2025-08-24,,Monthly,49.0,Active
S09176,C09176,Professional,2025-11-10,,Monthly,49.0,Active
S09177,C09177,Professional,2025-05-10,,Monthly,49.0,Active
S09178,C09178,Business,2025-05-22,,Monthly,99.0,Active
S09179,C09179,Business,2026-02-03,,Monthly,99.0,Active
S09180,C09180,Professional,2025-11-23,,Monthly,49.0,Active
S09181,C09181,Professional,2025-06-10,,Monthly,49.0,Active
S09182,C09182,Basic,2025-03-22,,Annual,16.15,Active
S09183,C09183,Professional,2025-02-20,,Monthly,49.0,Active
S09184,C09184,Basic,2025-12-26,,Annual,16.15,Active
S09185,C09185,Basic,2025-09-05,2026-06-04,Annual,16.15,Cancelled
S09186,C09186,Professional,2025-03-09,,Monthly,49.0,Active
S09187,C09187,Professional,2025-12-02,,Monthly,49.0,Active
S09188,C09188,Business,2026-02-04,,Monthly,99.0,Active
S09189,C09189,Basic,2025-06-22,,Annual,16.15,Active
S09190,C09190,Basic,2025-03-14,,Annual,16.15,Active
S09191,C09191,Basic,2025-06-03,,Monthly,19.0,Active
S09192,C09192,Professional,2026-01-13,,Annual,41.65,Active
S09193,C09193,Professional,2025-10-24,,Annual,41.65,Active
S09194,C09194,Professional,2025-11-05,2026-03-27,Annual,41.65,Cancelled
S09195,C09195,Basic,2025-07-03,,Monthly,19.0,Active
S09196,C09196,Basic,2025-04-19,,Monthly,19.0,Active
S09197,C09197,Professional,2025-01-11,,Annual,41.65,Active
S09198,C09198,Professional,2025-07-09,2026-02-03,Monthly,49.0,Cancelled
S09199,C09199,Business,2025-09-12,,Annual,84.15,Active
S09200,C09200,Professional,2025-08-18,,Annual,41.65,Active
S09201,C09201,Free,2025-10-18,,Monthly,0.0,Active
S09202,C09202,Professional,2026-02-13,,Monthly,49.0,Active
S09203,C09203,Basic,2026-01-02,,Monthly,19.0,Active
S09204,C09204,Free,2025-03-12,,Monthly,0.0,Active
S09205,C09205,Professional,2026-02-24,,Annual,41.65,Active
S09206,C09206,Business,2025-04-11,,Monthly,99.0,Active
S09207,C09207,Professional,2025-10-05,,Monthly,49.0,Active
S09208,C09208,Basic,2025-11-28,,Monthly,19.0,Active
S09209,C09209,Business,2026-03-29,2026-05-29,Annual,84.15,Cancelled
S09210,C09210,Basic,2025-11-25,,Monthly,19.0,Active
S09211,C09211,Basic,2025-11-30,2026-06-05,Annual,16.15,Cancelled
S09212,C09212,Basic,2025-07-11,,Annual,16.15,Active
S09213,C09213,Business,2025-07-20,,Monthly,99.0,Active
S09214,C09214,Basic,2026-01-08,,Monthly,19.0,Active
S09215,C09215,Professional,2025-10-06,2025-11-02,Monthly,49.0,Cancelled
S09216,C09216,Basic,2026-01-27,,Monthly,19.0,Active
S09217,C09217,Free,2025-11-27,2026-06-09,Monthly,0.0,Cancelled
S09218,C09218,Professional,2025-01-24,,Annual,41.65,Active
S09219,C09219,Free,2025-09-17,,Monthly,0.0,Active
S09220,C09220,Basic,2025-08-03,2026-01-29,Monthly,19.0,Cancelled
S09221,C09221,Professional,2025-07-24,,Monthly,49.0,Active
S09222,C09222,Basic,2025-12-03,2026-04-21,Monthly,19.0,Cancelled
S09223,C09223,Professional,2025-06-03,,Monthly,49.0,Active
S09224,C09224,Professional,2026-02-22,,Monthly,49.0,Active
S09225,C09225,Business,2026-01-17,2026-05-19,Monthly,99.0,Cancelled
S09226,C09226,Basic,2025-05-12,,Annual,16.15,Active
S09227,C09227,Basic,2026-04-04,2026-06-20,Monthly,19.0,Cancelled
S09228,C09228,Professional,2026-02-17,2026-06-08,Annual,41.65,Cancelled
S09229,C09229,Free,2025-02-11,,Monthly,0.0,Active
S09230,C09230,Business,2025-10-12,,Monthly,99.0,Active
S09231,C09231,Basic,2025-03-21,,Annual,16.15,Active
S09232,C09232,Free,2026-04-27,,Monthly,0.0,Active
S09233,C09233,Professional,2025-05-28,,Annual,41.65,Active
S09234,C09234,Basic,2025-03-22,,Annual,16.15,Active
S09235,C09235,Basic,2025-07-04,,Monthly,19.0,Active
S09236,C09236,Business,2025-02-19,,Annual,84.15,Active
S09237,C09237,Basic,2025-12-18,2026-01-13,Monthly,19.0,Cancelled
S09238,C09238,Basic,2026-05-06,,Monthly,19.0,Active
S09239,C09239,Professional,2025-03-27,2025-10-09,Monthly,49.0,Cancelled
S09240,C09240,Basic,2026-01-22,2026-04-15,Annual,16.15,Cancelled
S09241,C09241,Basic,2025-05-09,,Monthly,19.0,Active
S09242,C09242,Basic,2025-07-20,,Monthly,19.0,Active
S09243,C09243,Basic,2025-05-09,,Monthly,19.0,Active
S09244,C09244,Professional,2026-04-17,,Annual,41.65,Active
S09245,C09245,Basic,2025-08-02,,Annual,16.15,Active
S09246,C09246,Professional,2025-12-31,,Annual,41.65,Active
S09247,C09247,Free,2025-05-11,,Monthly,0.0,Active
S09248,C09248,Business,2025-08-04,2026-03-16,Monthly,99.0,Cancelled
S09249,C09249,Professional,2025-06-17,,Monthly,49.0,Active
S09250,C09250,Basic,2026-01-12,2026-03-11,Monthly,19.0,Cancelled
S09251,C09251,Basic,2026-05-06,,Monthly,19.0,Active
S09252,C09252,Professional,2025-01-30,,Monthly,49.0,Active
S09253,C09253,Free,2025-02-24,,Monthly,0.0,Active
S09254,C09254,Basic,2025-01-04,,Annual,16.15,Active
S09255,C09255,Free,2025-11-23,2026-04-06,Monthly,0.0,Cancelled
S09256,C09256,Basic,2025-09-22,,Annual,16.15,Active
S09257,C09257,Professional,2025-01-10,,Monthly,49.0,Active
S09258,C09258,Professional,2025-03-13,2025-04-29,Annual,41.65,Cancelled
S09259,C09259,Professional,2025-01-23,,Monthly,49.0,Active
S09260,C09260,Business,2025-09-01,,Monthly,99.0,Active
S09261,C09261,Professional,2025-07-15,,Annual,41.65,Active
S09262,C09262,Professional,2025-06-27,2025-12-21,Monthly,49.0,Cancelled
S09263,C09263,Business,2025-06-13,,Annual,84.15,Active
S09264,C09264,Professional,2025-08-01,2025-09-25,Monthly,49.0,Cancelled
S09265,C09265,Basic,2025-10-25,,Monthly,19.0,Active
S09266,C09266,Basic,2025-08-29,2026-05-29,Monthly,19.0,Cancelled
S09267,C09267,Free,2025-12-14,,Monthly,0.0,Active
S09268,C09268,Professional,2025-12-16,,Monthly,49.0,Active
S09269,C09269,Professional,2025-01-10,,Monthly,49.0,Active
S09270,C09270,Professional,2026-05-15,,Monthly,49.0,Active
S09271,C09271,Professional,2026-04-13,,Monthly,49.0,Active
S09272,C09272,Professional,2026-01-12,,Monthly,49.0,Active
S09273,C09273,Basic,2026-02-05,,Monthly,19.0,Active
S09274,C09274,Basic,2025-08-22,,Monthly,19.0,Active
S09275,C09275,Professional,2025-04-08,,Monthly,49.0,Active
S09276,C09276,Professional,2026-03-21,,Annual,41.65,Active
S09277,C09277,Free,2025-07-03,,Annual,0.0,Active
S09278,C09278,Professional,2025-03-24,,Monthly,49.0,Active
S09279,C09279,Basic,2025-08-03,2025-11-14,Monthly,19.0,Cancelled
S09280,C09280,Free,2026-04-18,,Monthly,0.0,Active
S09281,C09281,Basic,2025-10-27,,Monthly,19.0,Active
S09282,C09282,Business,2025-11-03,,Monthly,99.0,Active
S09283,C09283,Professional,2025-11-21,,Monthly,49.0,Active
S09284,C09284,Basic,2025-04-30,2025-10-13,Monthly,19.0,Cancelled
S09285,C09285,Free,2025-08-23,2026-06-15,Monthly,0.0,Cancelled
S09286,C09286,Business,2025-09-09,,Annual,84.15,Active
S09287,C09287,Professional,2025-02-03,2025-05-10,Annual,41.65,Cancelled
S09288,C09288,Professional,2025-02-17,,Annual,41.65,Active
S09289,C09289,Basic,2025-03-25,,Monthly,19.0,Active
S09290,C09290,Basic,2025-11-13,,Annual,16.15,Active
S09291,C09291,Professional,2025-12-25,,Monthly,49.0,Active
S09292,C09292,Basic,2025-02-07,,Annual,16.15,Active
S09293,C09293,Basic,2026-01-08,,Monthly,19.0,Active
S09294,C09294,Basic,2025-09-14,,Annual,16.15,Active
S09295,C09295,Professional,2025-05-11,2026-05-28,Monthly,49.0,Cancelled
S09296,C09296,Business,2025-05-01,,Monthly,99.0,Active
S09297,C09297,Basic,2025-05-25,,Annual,16.15,Active
S09298,C09298,Basic,2026-04-06,2026-05-08,Monthly,19.0,Cancelled
S09299,C09299,Basic,2025-04-24,2025-08-29,Monthly,19.0,Cancelled
S09300,C09300,Business,2025-06-27,,Monthly,99.0,Active
S09301,C09301,Professional,2025-10-03,,Monthly,49.0,Active
S09302,C09302,Basic,2026-04-20,2026-05-13,Monthly,19.0,Cancelled
S09303,C09303,Basic,2026-02-26,,Monthly,19.0,Active
S09304,C09304,Basic,2025-02-02,,Annual,16.15,Active
S09305,C09305,Business,2026-04-30,,Monthly,99.0,Active
S09306,C09306,Professional,2025-04-03,,Monthly,49.0,Active
S09307,C09307,Basic,2026-01-31,,Annual,16.15,Active
S09308,C09308,Basic,2025-06-10,,Monthly,19.0,Active
S09309,C09309,Basic,2025-02-18,,Monthly,19.0,Active
S09310,C09310,Basic,2025-03-25,,Monthly,19.0,Active
S09311,C09311,Basic,2025-11-01,,Monthly,19.0,Active
S09312,C09312,Professional,2025-11-04,,Annual,41.65,Active
S09313,C09313,Basic,2025-11-02,,Monthly,19.0,Active
S09314,C09314,Professional,2025-04-26,,Monthly,49.0,Active
S09315,C09315,Professional,2025-02-28,,Monthly,49.0,Active
S09316,C09316,Professional,2026-01-05,,Monthly,49.0,Active
S09317,C09317,Professional,2026-03-02,,Monthly,49.0,Active
S09318,C09318,Business,2026-01-30,,Annual,84.15,Active
S09319,C09319,Basic,2026-01-12,,Monthly,19.0,Active
S09320,C09320,Business,2025-04-22,,Monthly,99.0,Active
S09321,C09321,Free,2025-05-06,,Annual,0.0,Active
S09322,C09322,Professional,2025-10-11,,Monthly,49.0,Active
S09323,C09323,Professional,2025-05-07,,Annual,41.65,Active
S09324,C09324,Basic,2025-09-30,2025-11-29,Annual,16.15,Cancelled
S09325,C09325,Basic,2025-08-14,2025-10-20,Monthly,19.0,Cancelled
S09326,C09326,Business,2026-04-02,,Monthly,99.0,Active
S09327,C09327,Professional,2025-02-12,,Monthly,49.0,Active
S09328,C09328,Business,2026-01-13,,Monthly,99.0,Active
S09329,C09329,Free,2025-07-27,2025-09-09,Monthly,0.0,Cancelled
S09330,C09330,Basic,2025-06-24,,Annual,16.15,Active
S09331,C09331,Professional,2025-09-19,,Annual,41.65,Active
S09332,C09332,Basic,2025-05-26,,Annual,16.15,Active
S09333,C09333,Professional,2026-04-25,,Annual,41.65,Active
S09334,C09334,Professional,2025-11-02,,Monthly,49.0,Active
S09335,C09335,Professional,2026-03-20,,Monthly,49.0,Active
S09336,C09336,Basic,2025-10-30,,Monthly,19.0,Active
S09337,C09337,Basic,2025-07-14,2026-02-03,Monthly,19.0,Cancelled
S09338,C09338,Business,2025-11-20,2026-02-27,Monthly,99.0,Cancelled
S09339,C09339,Free,2025-09-12,,Annual,0.0,Active
S09340,C09340,Business,2026-01-31,,Monthly,99.0,Active
S09341,C09341,Basic,2025-11-16,,Monthly,19.0,Active
S09342,C09342,Basic,2025-07-07,,Monthly,19.0,Active
S09343,C09343,Basic,2026-01-14,,Monthly,19.0,Active
S09344,C09344,Free,2026-02-19,,Monthly,0.0,Active
S09345,C09345,Business,2026-04-03,,Annual,84.15,Active
S09346,C09346,Professional,2025-10-25,,Monthly,49.0,Active
S09347,C09347,Professional,2025-10-04,,Annual,41.65,Active
S09348,C09348,Basic,2025-07-14,,Monthly,19.0,Active
S09349,C09349,Business,2025-07-13,,Monthly,99.0,Active
S09350,C09350,Free,2025-07-03,,Monthly,0.0,Active
S09351,C09351,Business,2025-07-18,,Annual,84.15,Active
S09352,C09352,Basic,2026-01-30,,Monthly,19.0,Active
S09353,C09353,Basic,2025-05-16,,Monthly,19.0,Active
S09354,C09354,Basic,2025-11-20,,Monthly,19.0,Active
S09355,C09355,Basic,2025-11-06,,Annual,16.15,Active
S09356,C09356,Professional,2025-01-19,,Annual,41.65,Active
S09357,C09357,Free,2025-05-14,,Annual,0.0,Active
S09358,C09358,Professional,2025-12-04,,Monthly,49.0,Active
S09359,C09359,Professional,2025-10-25,2025-12-03,Monthly,49.0,Cancelled
S09360,C09360,Basic,2026-03-22,,Monthly,19.0,Active
S09361,C09361,Professional,2025-07-15,,Annual,41.65,Active
S09362,C09362,Professional,2025-07-27,,Monthly,49.0,Active
S09363,C09363,Professional,2025-06-28,,Monthly,49.0,Active
S09364,C09364,Professional,2026-01-28,,Monthly,49.0,Active
S09365,C09365,Professional,2025-05-07,,Monthly,49.0,Active
S09366,C09366,Basic,2025-01-09,,Annual,16.15,Active
S09367,C09367,Basic,2025-07-26,,Monthly,19.0,Active
S09368,C09368,Business,2026-01-23,,Monthly,99.0,Active
S09369,C09369,Business,2026-01-17,2026-05-18,Annual,84.15,Cancelled
S09370,C09370,Basic,2025-07-12,,Annual,16.15,Active
S09371,C09371,Basic,2025-11-26,2025-12-23,Monthly,19.0,Cancelled
S09372,C09372,Professional,2025-01-24,,Monthly,49.0,Active
S09373,C09373,Professional,2025-11-17,,Monthly,49.0,Active
S09374,C09374,Professional,2025-10-10,,Monthly,49.0,Active
S09375,C09375,Basic,2025-07-17,,Monthly,19.0,Active
S09376,C09376,Basic,2026-03-13,2026-04-10,Annual,16.15,Cancelled
S09377,C09377,Professional,2025-02-26,,Monthly,49.0,Active
S09378,C09378,Professional,2025-10-02,,Annual,41.65,Active
S09379,C09379,Basic,2025-06-07,,Monthly,19.0,Active
S09380,C09380,Professional,2025-03-16,,Monthly,49.0,Active
S09381,C09381,Professional,2025-10-10,,Monthly,49.0,Active
S09382,C09382,Business,2025-01-19,,Monthly,99.0,Active
S09383,C09383,Basic,2025-07-22,,Monthly,19.0,Active
S09384,C09384,Professional,2025-03-31,,Annual,41.65,Active
S09385,C09385,Basic,2025-06-25,,Monthly,19.0,Active
S09386,C09386,Free,2026-05-11,2026-06-03,Monthly,0.0,Cancelled
S09387,C09387,Business,2025-06-23,,Monthly,99.0,Active
S09388,C09388,Professional,2025-10-28,2026-01-02,Monthly,49.0,Cancelled
S09389,C09389,Free,2025-05-05,,Monthly,0.0,Active
S09390,C09390,Basic,2025-04-05,,Monthly,19.0,Active
S09391,C09391,Basic,2025-06-23,2025-11-23,Monthly,19.0,Cancelled
S09392,C09392,Basic,2025-05-28,,Monthly,19.0,Active
S09393,C09393,Business,2025-07-23,,Monthly,99.0,Active
S09394,C09394,Professional,2025-06-04,2026-01-01,Monthly,49.0,Cancelled
S09395,C09395,Basic,2026-03-24,,Monthly,19.0,Active
S09396,C09396,Professional,2025-12-05,,Monthly,49.0,Active
S09397,C09397,Professional,2025-03-03,,Annual,41.65,Active
S09398,C09398,Basic,2026-04-28,,Annual,16.15,Active
S09399,C09399,Basic,2025-04-07,,Annual,16.15,Active
S09400,C09400,Business,2025-10-14,,Monthly,99.0,Active
S09401,C09401,Business,2025-09-17,,Annual,84.15,Active
S09402,C09402,Professional,2025-05-31,,Monthly,49.0,Active
S09403,C09403,Basic,2025-10-25,,Monthly,19.0,Active
S09404,C09404,Business,2025-02-28,,Monthly,99.0,Active
S09405,C09405,Free,2025-06-28,2025-09-24,Annual,0.0,Cancelled
S09406,C09406,Professional,2025-09-27,,Monthly,49.0,Active
S09407,C09407,Basic,2026-02-07,,Monthly,19.0,Active
S09408,C09408,Basic,2025-03-05,,Monthly,19.0,Active
S09409,C09409,Basic,2025-04-25,,Monthly,19.0,Active
S09410,C09410,Basic,2025-10-01,,Monthly,19.0,Active
S09411,C09411,Professional,2025-05-23,,Annual,41.65,Active
S09412,C09412,Professional,2025-02-19,,Annual,41.65,Active
S09413,C09413,Basic,2025-09-09,,Monthly,19.0,Active
S09414,C09414,Professional,2025-02-13,2025-05-27,Monthly,49.0,Cancelled
S09415,C09415,Basic,2025-02-14,,Annual,16.15,Active
S09416,C09416,Basic,2026-01-01,,Monthly,19.0,Active
S09417,C09417,Professional,2025-07-10,,Monthly,49.0,Active
S09418,C09418,Basic,2026-01-06,,Monthly,19.0,Active
S09419,C09419,Basic,2025-11-13,,Annual,16.15,Active
S09420,C09420,Basic,2026-05-02,,Monthly,19.0,Active
S09421,C09421,Basic,2025-03-29,,Monthly,19.0,Active
S09422,C09422,Basic,2026-04-02,,Monthly,19.0,Active
S09423,C09423,Basic,2026-01-19,2026-05-04,Monthly,19.0,Cancelled
S09424,C09424,Professional,2025-06-06,,Monthly,49.0,Active
S09425,C09425,Business,2026-05-07,,Annual,84.15,Active
S09426,C09426,Professional,2025-12-17,,Annual,41.65,Active
S09427,C09427,Basic,2025-04-26,,Monthly,19.0,Active
S09428,C09428,Basic,2025-02-04,2025-09-25,Monthly,19.0,Cancelled
S09429,C09429,Free,2025-05-17,2026-03-12,Monthly,0.0,Cancelled
S09430,C09430,Business,2025-07-18,,Monthly,99.0,Active
S09431,C09431,Business,2025-07-01,,Annual,84.15,Active
S09432,C09432,Professional,2025-11-23,,Monthly,49.0,Active
S09433,C09433,Professional,2025-09-05,2026-03-27,Annual,41.65,Cancelled
S09434,C09434,Business,2025-12-05,,Monthly,99.0,Active
S09435,C09435,Basic,2025-11-22,,Annual,16.15,Active
S09436,C09436,Business,2025-09-03,,Monthly,99.0,Active
S09437,C09437,Professional,2025-05-08,,Monthly,49.0,Active
S09438,C09438,Basic,2026-01-31,,Monthly,19.0,Active
S09439,C09439,Professional,2025-12-05,,Monthly,49.0,Active
S09440,C09440,Professional,2025-05-16,,Annual,41.65,Active
S09441,C09441,Professional,2025-10-15,,Annual,41.65,Active
S09442,C09442,Free,2025-10-12,,Annual,0.0,Active
S09443,C09443,Professional,2025-10-16,,Monthly,49.0,Active
S09444,C09444,Basic,2025-12-24,2026-03-21,Monthly,19.0,Cancelled
S09445,C09445,Professional,2026-04-02,,Monthly,49.0,Active
S09446,C09446,Basic,2025-01-25,,Monthly,19.0,Active
S09447,C09447,Professional,2026-03-16,,Monthly,49.0,Active
S09448,C09448,Professional,2026-04-01,,Monthly,49.0,Active
S09449,C09449,Basic,2025-10-01,,Monthly,19.0,Active
S09450,C09450,Basic,2025-11-21,,Monthly,19.0,Active
S09451,C09451,Free,2025-04-10,,Monthly,0.0,Active
S09452,C09452,Professional,2025-01-26,,Monthly,49.0,Active
S09453,C09453,Business,2025-08-01,,Annual,84.15,Active
S09454,C09454,Basic,2026-01-25,2026-03-13,Annual,16.15,Cancelled
S09455,C09455,Basic,2026-02-26,2026-05-05,Monthly,19.0,Cancelled
S09456,C09456,Professional,2026-02-18,,Annual,41.65,Active
S09457,C09457,Free,2025-06-28,,Monthly,0.0,Active
S09458,C09458,Business,2025-07-03,,Monthly,99.0,Active
S09459,C09459,Business,2025-06-20,,Annual,84.15,Active
S09460,C09460,Business,2025-03-30,2025-08-07,Annual,84.15,Cancelled
S09461,C09461,Basic,2025-01-30,,Monthly,19.0,Active
S09462,C09462,Professional,2026-02-11,,Monthly,49.0,Active
S09463,C09463,Professional,2025-11-28,,Monthly,49.0,Active
S09464,C09464,Business,2025-01-09,,Monthly,99.0,Active
S09465,C09465,Business,2025-05-20,,Monthly,99.0,Active
S09466,C09466,Basic,2025-09-07,,Monthly,19.0,Active
S09467,C09467,Basic,2025-02-19,2026-03-24,Monthly,19.0,Cancelled
S09468,C09468,Professional,2026-02-26,,Monthly,49.0,Active
S09469,C09469,Basic,2026-01-18,2026-06-26,Annual,16.15,Cancelled
S09470,C09470,Basic,2025-08-26,,Monthly,19.0,Active
S09471,C09471,Free,2026-03-08,,Annual,0.0,Active
S09472,C09472,Basic,2026-04-27,,Annual,16.15,Active
S09473,C09473,Professional,2025-12-17,,Monthly,49.0,Active
S09474,C09474,Professional,2026-01-29,,Monthly,49.0,Active
S09475,C09475,Basic,2025-03-26,,Monthly,19.0,Active
S09476,C09476,Basic,2025-02-02,,Monthly,19.0,Active
S09477,C09477,Business,2026-02-23,2026-03-21,Monthly,99.0,Cancelled
S09478,C09478,Professional,2025-04-20,,Monthly,49.0,Active
S09479,C09479,Basic,2026-02-25,,Monthly,19.0,Active
S09480,C09480,Business,2025-07-30,,Monthly,99.0,Active
S09481,C09481,Free,2025-01-17,,Annual,0.0,Active
S09482,C09482,Free,2025-05-28,,Annual,0.0,Active
S09483,C09483,Professional,2026-04-01,,Monthly,49.0,Active
S09484,C09484,Basic,2026-04-19,,Monthly,19.0,Active
S09485,C09485,Professional,2025-06-17,,Annual,41.65,Active
S09486,C09486,Professional,2025-09-30,,Monthly,49.0,Active
S09487,C09487,Business,2026-03-17,,Monthly,99.0,Active
S09488,C09488,Basic,2026-02-11,2026-03-09,Monthly,19.0,Cancelled
S09489,C09489,Basic,2025-08-31,2026-03-23,Monthly,19.0,Cancelled
S09490,C09490,Professional,2025-11-27,,Annual,41.65,Active
S09491,C09491,Professional,2025-04-18,,Annual,41.65,Active
S09492,C09492,Basic,2026-02-17,,Annual,16.15,Active
S09493,C09493,Professional,2025-03-23,,Monthly,49.0,Active
S09494,C09494,Business,2025-07-16,2026-01-04,Monthly,99.0,Cancelled
S09495,C09495,Professional,2026-02-07,,Monthly,49.0,Active
S09496,C09496,Basic,2025-10-31,,Annual,16.15,Active
S09497,C09497,Basic,2025-11-24,,Monthly,19.0,Active
S09498,C09498,Basic,2025-09-04,,Monthly,19.0,Active
S09499,C09499,Basic,2026-01-05,,Annual,16.15,Active
S09500,C09500,Free,2025-05-20,,Monthly,0.0,Active
S09501,C09501,Basic,2025-02-27,2026-04-13,Annual,16.15,Cancelled
S09502,C09502,Business,2026-03-04,,Monthly,99.0,Active
S09503,C09503,Free,2026-01-26,2026-03-18,Monthly,0.0,Cancelled
S09504,C09504,Basic,2025-12-19,,Monthly,19.0,Active
S09505,C09505,Free,2025-03-27,,Annual,0.0,Active
S09506,C09506,Business,2026-03-20,2026-06-18,Monthly,99.0,Cancelled
S09507,C09507,Basic,2025-10-26,,Monthly,19.0,Active
S09508,C09508,Basic,2026-02-26,,Annual,16.15,Active
S09509,C09509,Professional,2025-08-12,,Annual,41.65,Active
S09510,C09510,Free,2025-08-15,,Monthly,0.0,Active
S09511,C09511,Professional,2025-08-04,,Annual,41.65,Active
S09512,C09512,Business,2025-08-18,2025-11-09,Monthly,99.0,Cancelled
S09513,C09513,Free,2025-10-09,2026-02-27,Annual,0.0,Cancelled
S09514,C09514,Basic,2025-02-26,2025-09-26,Annual,16.15,Cancelled
S09515,C09515,Professional,2025-09-07,,Monthly,49.0,Active
S09516,C09516,Professional,2025-10-12,,Monthly,49.0,Active
S09517,C09517,Basic,2025-08-01,,Monthly,19.0,Active
S09518,C09518,Basic,2026-03-26,,Annual,16.15,Active
S09519,C09519,Basic,2025-11-06,,Monthly,19.0,Active
S09520,C09520,Basic,2025-12-18,,Monthly,19.0,Active
S09521,C09521,Basic,2025-01-09,,Annual,16.15,Active
S09522,C09522,Free,2025-07-17,,Monthly,0.0,Active
S09523,C09523,Basic,2025-01-13,,Annual,16.15,Active
S09524,C09524,Basic,2025-04-12,2026-01-08,Monthly,19.0,Cancelled
S09525,C09525,Basic,2025-08-25,,Annual,16.15,Active
S09526,C09526,Basic,2025-01-28,,Monthly,19.0,Active
S09527,C09527,Basic,2026-02-06,2026-04-23,Monthly,19.0,Cancelled
S09528,C09528,Professional,2025-11-01,,Monthly,49.0,Active
S09529,C09529,Basic,2026-01-02,,Monthly,19.0,Active
S09530,C09530,Basic,2026-02-14,,Monthly,19.0,Active
S09531,C09531,Basic,2026-04-02,,Monthly,19.0,Active
S09532,C09532,Professional,2025-02-11,,Monthly,49.0,Active
S09533,C09533,Free,2025-08-29,,Monthly,0.0,Active
S09534,C09534,Basic,2025-03-08,,Monthly,19.0,Active
S09535,C09535,Professional,2025-08-10,,Monthly,49.0,Active
S09536,C09536,Basic,2025-07-22,,Monthly,19.0,Active
S09537,C09537,Professional,2026-05-10,,Monthly,49.0,Active
S09538,C09538,Basic,2026-05-08,,Monthly,19.0,Active
S09539,C09539,Business,2026-05-08,,Monthly,99.0,Active
S09540,C09540,Professional,2025-08-30,,Annual,41.65,Active
S09541,C09541,Basic,2026-03-26,,Monthly,19.0,Active
S09542,C09542,Basic,2026-01-30,,Monthly,19.0,Active
S09543,C09543,Basic,2026-04-25,,Monthly,19.0,Active
S09544,C09544,Free,2026-03-14,2026-06-20,Annual,0.0,Cancelled
S09545,C09545,Basic,2026-02-15,2026-06-07,Annual,16.15,Cancelled
S09546,C09546,Professional,2025-07-29,,Annual,41.65,Active
S09547,C09547,Professional,2025-01-07,2025-08-09,Monthly,49.0,Cancelled
S09548,C09548,Professional,2025-10-12,,Monthly,49.0,Active
S09549,C09549,Professional,2025-07-04,,Annual,41.65,Active
S09550,C09550,Free,2026-04-15,,Monthly,0.0,Active
S09551,C09551,Free,2025-03-16,,Monthly,0.0,Active
S09552,C09552,Basic,2025-09-01,,Monthly,19.0,Active
S09553,C09553,Business,2025-12-14,2026-03-13,Monthly,99.0,Cancelled
S09554,C09554,Basic,2025-01-27,2026-01-20,Monthly,19.0,Cancelled
S09555,C09555,Free,2026-02-26,,Annual,0.0,Active
S09556,C09556,Basic,2025-04-21,,Monthly,19.0,Active
S09557,C09557,Basic,2025-06-22,2025-09-18,Monthly,19.0,Cancelled
S09558,C09558,Professional,2026-04-21,,Annual,41.65,Active
S09559,C09559,Professional,2025-08-09,2026-05-29,Monthly,49.0,Cancelled
S09560,C09560,Business,2025-09-17,,Annual,84.15,Active
S09561,C09561,Basic,2025-05-06,,Monthly,19.0,Active
S09562,C09562,Basic,2026-03-07,,Monthly,19.0,Active
S09563,C09563,Professional,2026-03-30,,Monthly,49.0,Active
S09564,C09564,Free,2026-01-11,2026-05-02,Monthly,0.0,Cancelled
S09565,C09565,Basic,2026-05-10,2026-06-03,Monthly,19.0,Cancelled
S09566,C09566,Basic,2025-07-12,2025-10-29,Annual,16.15,Cancelled
S09567,C09567,Professional,2026-01-15,,Monthly,49.0,Active
S09568,C09568,Business,2025-03-24,,Monthly,99.0,Active
S09569,C09569,Professional,2025-06-10,,Monthly,49.0,Active
S09570,C09570,Professional,2025-08-10,,Monthly,49.0,Active
S09571,C09571,Professional,2025-10-02,,Annual,41.65,Active
S09572,C09572,Business,2025-04-06,,Monthly,99.0,Active
S09573,C09573,Professional,2025-07-26,,Monthly,49.0,Active
S09574,C09574,Professional,2025-07-19,,Monthly,49.0,Active
S09575,C09575,Basic,2025-04-05,,Monthly,19.0,Active
S09576,C09576,Free,2025-09-02,2025-12-19,Annual,0.0,Cancelled
S09577,C09577,Professional,2025-02-07,,Annual,41.65,Active
S09578,C09578,Basic,2025-12-25,,Monthly,19.0,Active
S09579,C09579,Professional,2026-03-25,,Monthly,49.0,Active
S09580,C09580,Professional,2025-03-31,,Annual,41.65,Active
S09581,C09581,Professional,2025-09-02,,Annual,41.65,Active
S09582,C09582,Basic,2025-09-26,,Monthly,19.0,Active
S09583,C09583,Professional,2025-12-09,2026-06-07,Monthly,49.0,Cancelled
S09584,C09584,Professional,2025-07-14,,Monthly,49.0,Active
S09585,C09585,Business,2025-12-26,,Monthly,99.0,Active
S09586,C09586,Professional,2025-04-12,2025-06-12,Annual,41.65,Cancelled
S09587,C09587,Professional,2025-10-17,,Monthly,49.0,Active
S09588,C09588,Business,2025-06-11,,Monthly,99.0,Active
S09589,C09589,Basic,2026-02-24,,Annual,16.15,Active
S09590,C09590,Basic,2026-02-13,,Annual,16.15,Active
S09591,C09591,Professional,2025-04-19,2025-07-16,Monthly,49.0,Cancelled
S09592,C09592,Basic,2025-06-20,,Monthly,19.0,Active
S09593,C09593,Professional,2025-10-30,,Annual,41.65,Active
S09594,C09594,Business,2025-02-07,,Monthly,99.0,Active
S09595,C09595,Basic,2026-04-12,,Annual,16.15,Active
S09596,C09596,Professional,2025-05-23,,Annual,41.65,Active
S09597,C09597,Basic,2025-10-22,,Monthly,19.0,Active
S09598,C09598,Business,2025-07-27,2026-04-07,Monthly,99.0,Cancelled
S09599,C09599,Basic,2026-03-10,2026-04-20,Monthly,19.0,Cancelled
S09600,C09600,Basic,2025-10-15,2026-03-26,Monthly,19.0,Cancelled
S09601,C09601,Basic,2025-11-03,,Monthly,19.0,Active
S09602,C09602,Professional,2026-01-14,,Monthly,49.0,Active
S09603,C09603,Basic,2026-03-20,,Monthly,19.0,Active
S09604,C09604,Professional,2025-03-04,,Monthly,49.0,Active
S09605,C09605,Professional,2025-04-23,,Monthly,49.0,Active
S09606,C09606,Business,2026-01-20,2026-03-05,Monthly,99.0,Cancelled
S09607,C09607,Basic,2026-03-22,,Monthly,19.0,Active
S09608,C09608,Professional,2025-02-28,,Monthly,49.0,Active
S09609,C09609,Basic,2025-05-08,,Monthly,19.0,Active
S09610,C09610,Professional,2025-10-20,,Monthly,49.0,Active
S09611,C09611,Professional,2026-03-25,,Monthly,49.0,Active
S09612,C09612,Free,2025-07-04,2026-03-24,Monthly,0.0,Cancelled
S09613,C09613,Basic,2026-02-07,,Annual,16.15,Active
S09614,C09614,Professional,2025-08-09,,Annual,41.65,Active
S09615,C09615,Free,2025-07-30,,Monthly,0.0,Active
S09616,C09616,Basic,2025-02-24,2025-11-28,Annual,16.15,Cancelled
S09617,C09617,Professional,2025-02-15,,Annual,41.65,Active
S09618,C09618,Free,2025-04-01,,Annual,0.0,Active
S09619,C09619,Basic,2025-12-02,2026-01-08,Annual,16.15,Cancelled
S09620,C09620,Basic,2026-03-24,,Monthly,19.0,Active
S09621,C09621,Basic,2025-11-24,,Monthly,19.0,Active
S09622,C09622,Professional,2025-07-01,,Annual,41.65,Active
S09623,C09623,Free,2026-03-22,2026-06-01,Annual,0.0,Cancelled
S09624,C09624,Basic,2026-02-24,,Monthly,19.0,Active
S09625,C09625,Basic,2025-06-12,2025-08-03,Monthly,19.0,Cancelled
S09626,C09626,Professional,2025-03-28,2025-06-17,Monthly,49.0,Cancelled
S09627,C09627,Business,2026-03-20,,Monthly,99.0,Active
S09628,C09628,Basic,2026-04-18,,Monthly,19.0,Active
S09629,C09629,Professional,2025-10-16,,Monthly,49.0,Active
S09630,C09630,Free,2025-07-04,,Monthly,0.0,Active
S09631,C09631,Basic,2025-04-07,,Annual,16.15,Active
S09632,C09632,Basic,2025-06-13,,Monthly,19.0,Active
S09633,C09633,Professional,2026-02-20,,Annual,41.65,Active
S09634,C09634,Professional,2026-02-04,,Annual,41.65,Active
S09635,C09635,Professional,2025-04-03,2025-12-14,Monthly,49.0,Cancelled
S09636,C09636,Professional,2025-05-28,,Monthly,49.0,Active
S09637,C09637,Basic,2026-03-12,,Monthly,19.0,Active
S09638,C09638,Basic,2025-12-05,2026-02-11,Monthly,19.0,Cancelled
S09639,C09639,Free,2026-04-07,,Monthly,0.0,Active
S09640,C09640,Professional,2025-12-12,,Annual,41.65,Active
S09641,C09641,Professional,2025-04-18,,Annual,41.65,Active
S09642,C09642,Basic,2025-02-19,2025-10-20,Monthly,19.0,Cancelled
S09643,C09643,Professional,2025-06-03,,Monthly,49.0,Active
S09644,C09644,Basic,2026-03-05,,Monthly,19.0,Active
S09645,C09645,Basic,2025-02-25,,Monthly,19.0,Active
S09646,C09646,Basic,2025-11-15,,Monthly,19.0,Active
S09647,C09647,Basic,2025-03-11,,Monthly,19.0,Active
S09648,C09648,Professional,2025-12-28,2026-06-13,Annual,41.65,Cancelled
S09649,C09649,Business,2026-01-23,,Monthly,99.0,Active
S09650,C09650,Professional,2026-01-10,,Monthly,49.0,Active
S09651,C09651,Basic,2025-03-26,,Annual,16.15,Active
S09652,C09652,Basic,2025-02-10,,Monthly,19.0,Active
S09653,C09653,Basic,2025-12-21,,Monthly,19.0,Active
S09654,C09654,Basic,2026-01-05,,Monthly,19.0,Active
S09655,C09655,Professional,2025-05-17,,Monthly,49.0,Active
S09656,C09656,Professional,2025-12-11,,Monthly,49.0,Active
S09657,C09657,Basic,2025-06-11,,Monthly,19.0,Active
S09658,C09658,Professional,2025-04-16,2025-10-05,Annual,41.65,Cancelled
S09659,C09659,Professional,2025-09-27,,Annual,41.65,Active
S09660,C09660,Business,2026-01-16,,Monthly,99.0,Active
S09661,C09661,Professional,2026-02-23,2026-06-29,Monthly,49.0,Cancelled
S09662,C09662,Professional,2025-06-30,,Monthly,49.0,Active
S09663,C09663,Basic,2025-08-30,,Annual,16.15,Active
S09664,C09664,Professional,2025-03-23,2025-12-16,Monthly,49.0,Cancelled
S09665,C09665,Professional,2025-09-11,,Monthly,49.0,Active
S09666,C09666,Free,2025-01-10,,Monthly,0.0,Active
S09667,C09667,Business,2025-07-19,,Monthly,99.0,Active
S09668,C09668,Professional,2025-01-03,2026-01-19,Monthly,49.0,Cancelled
S09669,C09669,Basic,2025-02-18,,Monthly,19.0,Active
S09670,C09670,Professional,2025-12-20,2026-02-07,Monthly,49.0,Cancelled
S09671,C09671,Basic,2025-06-21,,Annual,16.15,Active
S09672,C09672,Business,2026-03-22,,Monthly,99.0,Active
S09673,C09673,Professional,2026-05-07,,Monthly,49.0,Active
S09674,C09674,Business,2025-10-05,2026-02-26,Annual,84.15,Cancelled
S09675,C09675,Professional,2026-03-05,,Annual,41.65,Active
S09676,C09676,Professional,2025-02-03,2026-03-12,Monthly,49.0,Cancelled
S09677,C09677,Basic,2026-04-02,,Monthly,19.0,Active
S09678,C09678,Professional,2025-10-09,,Annual,41.65,Active
S09679,C09679,Professional,2026-02-25,,Monthly,49.0,Active
S09680,C09680,Professional,2025-06-10,,Monthly,49.0,Active
S09681,C09681,Professional,2025-03-17,,Annual,41.65,Active
S09682,C09682,Basic,2025-09-29,,Monthly,19.0,Active
S09683,C09683,Professional,2026-05-01,,Monthly,49.0,Active
S09684,C09684,Free,2026-03-28,,Monthly,0.0,Active
S09685,C09685,Professional,2025-07-30,,Monthly,49.0,Active
S09686,C09686,Professional,2025-11-29,,Monthly,49.0,Active
S09687,C09687,Professional,2025-06-07,,Monthly,49.0,Active
S09688,C09688,Free,2026-03-22,,Monthly,0.0,Active
S09689,C09689,Basic,2025-12-02,,Annual,16.15,Active
S09690,C09690,Basic,2025-04-08,,Monthly,19.0,Active
S09691,C09691,Basic,2025-12-27,2026-05-04,Monthly,19.0,Cancelled
S09692,C09692,Basic,2026-03-17,,Monthly,19.0,Active
S09693,C09693,Basic,2025-07-19,,Monthly,19.0,Active
S09694,C09694,Basic,2026-04-25,,Annual,16.15,Active
S09695,C09695,Professional,2026-03-23,,Annual,41.65,Active
S09696,C09696,Free,2025-08-21,,Monthly,0.0,Active
S09697,C09697,Basic,2025-01-16,2025-03-11,Monthly,19.0,Cancelled
S09698,C09698,Professional,2025-12-08,2026-02-01,Annual,41.65,Cancelled
S09699,C09699,Professional,2025-05-11,,Monthly,49.0,Active
S09700,C09700,Professional,2025-10-29,2025-12-14,Monthly,49.0,Cancelled
S09701,C09701,Basic,2025-04-27,,Monthly,19.0,Active
S09702,C09702,Basic,2025-02-09,,Monthly,19.0,Active
S09703,C09703,Basic,2026-01-09,,Monthly,19.0,Active
S09704,C09704,Professional,2025-10-27,,Annual,41.65,Active
S09705,C09705,Free,2025-09-29,,Monthly,0.0,Active
S09706,C09706,Professional,2025-04-09,,Monthly,49.0,Active
S09707,C09707,Free,2025-11-29,2026-02-17,Monthly,0.0,Cancelled
S09708,C09708,Basic,2025-10-29,,Monthly,19.0,Active
S09709,C09709,Free,2025-07-07,,Monthly,0.0,Active
S09710,C09710,Business,2025-04-05,,Monthly,99.0,Active
S09711,C09711,Business,2026-04-26,,Monthly,99.0,Active
S09712,C09712,Professional,2025-07-16,,Monthly,49.0,Active
S09713,C09713,Professional,2025-06-13,,Annual,41.65,Active
S09714,C09714,Professional,2026-04-24,,Monthly,49.0,Active
S09715,C09715,Basic,2025-01-10,2025-02-17,Annual,16.15,Cancelled
S09716,C09716,Professional,2026-01-27,,Annual,41.65,Active
S09717,C09717,Professional,2025-11-26,,Monthly,49.0,Active
S09718,C09718,Free,2025-08-05,,Monthly,0.0,Active
S09719,C09719,Professional,2025-06-11,,Monthly,49.0,Active
S09720,C09720,Basic,2025-08-15,,Monthly,19.0,Active
S09721,C09721,Professional,2025-05-22,,Monthly,49.0,Active
S09722,C09722,Basic,2025-04-23,,Monthly,19.0,Active
S09723,C09723,Free,2025-02-01,,Monthly,0.0,Active
S09724,C09724,Professional,2025-07-09,,Monthly,49.0,Active
S09725,C09725,Basic,2025-01-25,,Monthly,19.0,Active
S09726,C09726,Basic,2025-06-27,2026-03-05,Monthly,19.0,Cancelled
S09727,C09727,Professional,2025-07-26,,Monthly,49.0,Active
S09728,C09728,Professional,2025-10-31,,Monthly,49.0,Active
S09729,C09729,Basic,2026-03-16,,Monthly,19.0,Active
S09730,C09730,Basic,2025-11-25,2026-04-27,Monthly,19.0,Cancelled
S09731,C09731,Professional,2025-11-22,,Monthly,49.0,Active
S09732,C09732,Basic,2025-01-04,,Annual,16.15,Active
S09733,C09733,Business,2026-04-21,2026-05-12,Monthly,99.0,Cancelled
S09734,C09734,Professional,2025-05-07,,Monthly,49.0,Active
S09735,C09735,Basic,2025-06-14,,Monthly,19.0,Active
S09736,C09736,Professional,2026-03-15,,Monthly,49.0,Active
S09737,C09737,Basic,2025-10-19,,Monthly,19.0,Active
S09738,C09738,Business,2025-04-02,,Annual,84.15,Active
S09739,C09739,Professional,2025-05-05,,Annual,41.65,Active
S09740,C09740,Professional,2025-07-21,,Monthly,49.0,Active
S09741,C09741,Professional,2025-10-13,2026-06-06,Monthly,49.0,Cancelled
S09742,C09742,Basic,2025-01-13,,Monthly,19.0,Active
S09743,C09743,Professional,2025-12-25,,Monthly,49.0,Active
S09744,C09744,Free,2025-12-19,,Monthly,0.0,Active
S09745,C09745,Basic,2025-06-01,,Monthly,19.0,Active
S09746,C09746,Professional,2025-01-24,,Annual,41.65,Active
S09747,C09747,Professional,2025-02-13,,Monthly,49.0,Active
S09748,C09748,Professional,2025-06-19,,Annual,41.65,Active
S09749,C09749,Basic,2026-05-08,2026-05-29,Annual,16.15,Cancelled
S09750,C09750,Professional,2025-07-23,,Monthly,49.0,Active
S09751,C09751,Basic,2026-03-29,2026-06-09,Monthly,19.0,Cancelled
S09752,C09752,Professional,2026-04-12,2026-06-24,Monthly,49.0,Cancelled
S09753,C09753,Professional,2026-03-09,,Monthly,49.0,Active
S09754,C09754,Basic,2026-02-11,,Monthly,19.0,Active
S09755,C09755,Basic,2025-05-07,,Monthly,19.0,Active
S09756,C09756,Professional,2026-05-03,,Monthly,49.0,Active
S09757,C09757,Professional,2025-06-15,,Monthly,49.0,Active
S09758,C09758,Business,2026-02-21,,Monthly,99.0,Active
S09759,C09759,Professional,2026-02-15,,Monthly,49.0,Active
S09760,C09760,Professional,2025-09-26,,Monthly,49.0,Active
S09761,C09761,Free,2025-08-22,,Monthly,0.0,Active
S09762,C09762,Professional,2025-12-30,,Monthly,49.0,Active
S09763,C09763,Business,2025-09-05,,Monthly,99.0,Active
S09764,C09764,Professional,2025-07-15,2025-08-27,Monthly,49.0,Cancelled
S09765,C09765,Business,2025-12-22,,Monthly,99.0,Active
S09766,C09766,Basic,2025-07-01,,Monthly,19.0,Active
S09767,C09767,Business,2025-02-17,,Monthly,99.0,Active
S09768,C09768,Basic,2026-02-23,2026-05-03,Annual,16.15,Cancelled
S09769,C09769,Business,2026-04-02,,Annual,84.15,Active
S09770,C09770,Basic,2026-03-22,2026-04-17,Monthly,19.0,Cancelled
S09771,C09771,Basic,2025-12-03,2026-02-08,Monthly,19.0,Cancelled
S09772,C09772,Basic,2025-01-12,,Monthly,19.0,Active
S09773,C09773,Professional,2025-09-26,,Monthly,49.0,Active
S09774,C09774,Professional,2025-09-09,,Annual,41.65,Active
S09775,C09775,Professional,2025-02-23,,Annual,41.65,Active
S09776,C09776,Free,2025-03-16,,Monthly,0.0,Active
S09777,C09777,Professional,2025-09-14,,Monthly,49.0,Active
S09778,C09778,Free,2025-02-21,,Monthly,0.0,Active
S09779,C09779,Basic,2025-04-26,,Monthly,19.0,Active
S09780,C09780,Professional,2025-10-27,,Monthly,49.0,Active
S09781,C09781,Basic,2025-08-25,,Monthly,19.0,Active
S09782,C09782,Basic,2026-05-05,2026-05-30,Monthly,19.0,Cancelled
S09783,C09783,Professional,2026-03-12,,Monthly,49.0,Active
S09784,C09784,Professional,2026-03-17,,Monthly,49.0,Active
S09785,C09785,Basic,2025-10-09,,Monthly,19.0,Active
S09786,C09786,Professional,2025-05-18,,Monthly,49.0,Active
S09787,C09787,Basic,2026-02-18,,Monthly,19.0,Active
S09788,C09788,Business,2025-04-01,,Monthly,99.0,Active
S09789,C09789,Business,2026-04-05,,Annual,84.15,Active
S09790,C09790,Professional,2025-02-06,,Annual,41.65,Active
S09791,C09791,Basic,2025-04-18,,Monthly,19.0,Active
S09792,C09792,Free,2025-12-13,,Monthly,0.0,Active
S09793,C09793,Professional,2026-03-06,,Annual,41.65,Active
S09794,C09794,Professional,2025-07-15,,Monthly,49.0,Active
S09795,C09795,Business,2025-08-26,,Monthly,99.0,Active
S09796,C09796,Free,2026-03-07,2026-06-10,Monthly,0.0,Cancelled
S09797,C09797,Professional,2025-03-18,2025-06-24,Monthly,49.0,Cancelled
S09798,C09798,Basic,2026-04-19,,Monthly,19.0,Active
S09799,C09799,Professional,2025-10-23,,Monthly,49.0,Active
S09800,C09800,Basic,2025-01-29,,Annual,16.15,Active
S09801,C09801,Basic,2025-02-13,2025-05-14,Annual,16.15,Cancelled
S09802,C09802,Free,2026-03-04,2026-04-18,Monthly,0.0,Cancelled
S09803,C09803,Basic,2026-01-11,,Annual,16.15,Active
S09804,C09804,Professional,2025-07-23,,Monthly,49.0,Active
S09805,C09805,Free,2026-05-01,,Monthly,0.0,Active
S09806,C09806,Professional,2026-01-29,,Monthly,49.0,Active
S09807,C09807,Professional,2025-08-19,,Monthly,49.0,Active
S09808,C09808,Professional,2025-09-19,,Annual,41.65,Active
S09809,C09809,Professional,2025-03-05,,Annual,41.65,Active
S09810,C09810,Professional,2025-10-10,,Annual,41.65,Active
S09811,C09811,Professional,2025-02-06,,Annual,41.65,Active
S09812,C09812,Professional,2025-05-20,,Annual,41.65,Active
S09813,C09813,Business,2026-04-18,,Monthly,99.0,Active
S09814,C09814,Basic,2025-04-25,,Monthly,19.0,Active
S09815,C09815,Professional,2025-01-07,,Monthly,49.0,Active
S09816,C09816,Professional,2025-08-17,,Monthly,49.0,Active
S09817,C09817,Basic,2025-03-27,,Monthly,19.0,Active
S09818,C09818,Basic,2025-01-09,,Monthly,19.0,Active
S09819,C09819,Basic,2025-11-14,,Monthly,19.0,Active
S09820,C09820,Basic,2026-03-04,,Monthly,19.0,Active
S09821,C09821,Free,2025-08-17,,Monthly,0.0,Active
S09822,C09822,Professional,2025-09-27,,Annual,41.65,Active
S09823,C09823,Professional,2025-11-24,,Annual,41.65,Active
S09824,C09824,Basic,2025-12-02,2026-04-16,Monthly,19.0,Cancelled
S09825,C09825,Basic,2025-03-20,,Annual,16.15,Active
S09826,C09826,Professional,2026-04-15,,Monthly,49.0,Active
S09827,C09827,Professional,2025-01-25,,Monthly,49.0,Active
S09828,C09828,Professional,2025-06-15,,Monthly,49.0,Active
S09829,C09829,Basic,2026-03-18,,Monthly,19.0,Active
S09830,C09830,Business,2025-01-24,,Monthly,99.0,Active
S09831,C09831,Professional,2025-02-07,,Monthly,49.0,Active
S09832,C09832,Professional,2026-01-29,,Monthly,49.0,Active
S09833,C09833,Professional,2025-06-22,,Monthly,49.0,Active
S09834,C09834,Professional,2026-04-09,,Monthly,49.0,Active
S09835,C09835,Business,2025-03-30,2025-09-15,Annual,84.15,Cancelled
S09836,C09836,Free,2025-11-18,,Monthly,0.0,Active
S09837,C09837,Professional,2025-08-28,,Monthly,49.0,Active
S09838,C09838,Basic,2025-07-05,,Monthly,19.0,Active
S09839,C09839,Professional,2025-06-10,,Annual,41.65,Active
S09840,C09840,Basic,2025-02-10,,Monthly,19.0,Active
S09841,C09841,Professional,2025-07-27,,Annual,41.65,Active
S09842,C09842,Business,2025-05-09,,Monthly,99.0,Active
S09843,C09843,Free,2025-07-07,,Monthly,0.0,Active
S09844,C09844,Business,2026-03-15,,Monthly,99.0,Active
S09845,C09845,Business,2025-01-16,,Annual,84.15,Active
S09846,C09846,Basic,2025-11-04,,Monthly,19.0,Active
S09847,C09847,Basic,2025-09-17,2025-10-21,Monthly,19.0,Cancelled
S09848,C09848,Business,2025-08-18,,Annual,84.15,Active
S09849,C09849,Basic,2026-01-18,,Monthly,19.0,Active
S09850,C09850,Professional,2025-02-12,,Annual,41.65,Active
S09851,C09851,Business,2026-02-05,,Monthly,99.0,Active
S09852,C09852,Business,2026-04-18,,Monthly,99.0,Active
S09853,C09853,Basic,2025-08-06,2026-01-18,Monthly,19.0,Cancelled
S09854,C09854,Professional,2025-05-31,,Monthly,49.0,Active
S09855,C09855,Basic,2025-10-29,,Annual,16.15,Active
S09856,C09856,Basic,2025-11-09,,Monthly,19.0,Active
S09857,C09857,Professional,2025-05-26,,Monthly,49.0,Active
S09858,C09858,Basic,2026-01-01,,Annual,16.15,Active
S09859,C09859,Business,2025-12-01,,Monthly,99.0,Active
S09860,C09860,Basic,2025-01-02,,Monthly,19.0,Active
S09861,C09861,Basic,2025-07-26,,Monthly,19.0,Active
S09862,C09862,Basic,2026-01-14,,Monthly,19.0,Active
S09863,C09863,Basic,2025-12-28,,Monthly,19.0,Active
S09864,C09864,Free,2025-02-21,,Monthly,0.0,Active
S09865,C09865,Basic,2026-03-05,,Annual,16.15,Active
S09866,C09866,Professional,2025-11-29,,Monthly,49.0,Active
S09867,C09867,Professional,2025-07-02,,Monthly,49.0,Active
S09868,C09868,Professional,2026-04-09,,Monthly,49.0,Active
S09869,C09869,Business,2025-03-27,,Monthly,99.0,Active
S09870,C09870,Basic,2025-01-18,,Monthly,19.0,Active
S09871,C09871,Professional,2026-02-27,,Monthly,49.0,Active
S09872,C09872,Basic,2025-03-26,,Annual,16.15,Active
S09873,C09873,Business,2025-06-05,,Monthly,99.0,Active
S09874,C09874,Basic,2025-06-13,,Monthly,19.0,Active
S09875,C09875,Business,2025-07-04,,Monthly,99.0,Active
S09876,C09876,Business,2025-01-03,,Annual,84.15,Active
S09877,C09877,Business,2025-10-19,,Monthly,99.0,Active
S09878,C09878,Professional,2025-02-10,,Monthly,49.0,Active
S09879,C09879,Professional,2025-01-29,,Annual,41.65,Active
S09880,C09880,Professional,2025-10-20,,Monthly,49.0,Active
S09881,C09881,Professional,2026-01-24,,Monthly,49.0,Active
S09882,C09882,Professional,2025-12-21,,Annual,41.65,Active
S09883,C09883,Professional,2025-04-25,2025-09-03,Monthly,49.0,Cancelled
S09884,C09884,Professional,2025-12-13,2026-05-04,Monthly,49.0,Cancelled
S09885,C09885,Business,2025-01-24,,Monthly,99.0,Active
S09886,C09886,Professional,2026-04-30,,Annual,41.65,Active
S09887,C09887,Professional,2025-03-12,,Monthly,49.0,Active
S09888,C09888,Professional,2025-07-22,,Monthly,49.0,Active
S09889,C09889,Professional,2025-06-15,,Monthly,49.0,Active
S09890,C09890,Professional,2025-12-06,,Annual,41.65,Active
S09891,C09891,Basic,2025-03-10,,Monthly,19.0,Active
S09892,C09892,Basic,2026-05-06,2026-06-05,Monthly,19.0,Cancelled
S09893,C09893,Basic,2025-06-07,,Monthly,19.0,Active
S09894,C09894,Free,2025-07-17,2026-03-12,Monthly,0.0,Cancelled
S09895,C09895,Business,2025-02-22,,Monthly,99.0,Active
S09896,C09896,Basic,2025-11-01,,Monthly,19.0,Active
S09897,C09897,Business,2025-06-26,,Monthly,99.0,Active
S09898,C09898,Basic,2025-10-14,,Monthly,19.0,Active
S09899,C09899,Basic,2026-03-20,2026-04-27,Monthly,19.0,Cancelled
S09900,C09900,Basic,2026-03-10,,Annual,16.15,Active
S09901,C09901,Free,2025-04-08,,Monthly,0.0,Active
S09902,C09902,Professional,2025-05-18,,Annual,41.65,Active
S09903,C09903,Professional,2025-03-20,,Monthly,49.0,Active
S09904,C09904,Business,2025-12-10,,Monthly,99.0,Active
S09905,C09905,Basic,2025-09-10,,Annual,16.15,Active
S09906,C09906,Professional,2025-09-21,,Monthly,49.0,Active
S09907,C09907,Professional,2025-11-01,,Monthly,49.0,Active
S09908,C09908,Basic,2025-09-20,,Monthly,19.0,Active
S09909,C09909,Free,2025-03-17,,Monthly,0.0,Active
S09910,C09910,Basic,2025-06-07,,Monthly,19.0,Active
S09911,C09911,Professional,2025-09-23,,Monthly,49.0,Active
S09912,C09912,Basic,2026-05-03,,Monthly,19.0,Active
S09913,C09913,Professional,2025-03-08,2025-12-29,Annual,41.65,Cancelled
S09914,C09914,Business,2025-08-30,,Monthly,99.0,Active
S09915,C09915,Basic,2025-04-11,,Monthly,19.0,Active
S09916,C09916,Free,2025-07-16,,Monthly,0.0,Active
S09917,C09917,Basic,2025-03-29,2026-03-18,Monthly,19.0,Cancelled
S09918,C09918,Professional,2025-04-08,,Monthly,49.0,Active
S09919,C09919,Basic,2026-05-16,,Monthly,19.0,Active
S09920,C09920,Professional,2025-02-16,,Annual,41.65,Active
S09921,C09921,Basic,2026-03-10,,Monthly,19.0,Active
S09922,C09922,Professional,2025-03-07,,Monthly,49.0,Active
S09923,C09923,Professional,2025-10-23,,Monthly,49.0,Active
S09924,C09924,Business,2025-03-14,2025-05-16,Monthly,99.0,Cancelled
S09925,C09925,Basic,2026-03-26,2026-06-01,Monthly,19.0,Cancelled
S09926,C09926,Basic,2025-06-24,,Monthly,19.0,Active
S09927,C09927,Professional,2025-12-11,2026-01-03,Monthly,49.0,Cancelled
S09928,C09928,Professional,2026-01-06,,Monthly,49.0,Active
S09929,C09929,Professional,2025-07-04,,Monthly,49.0,Active
S09930,C09930,Basic,2025-02-10,,Monthly,19.0,Active
S09931,C09931,Professional,2025-12-18,2026-05-08,Monthly,49.0,Cancelled
S09932,C09932,Basic,2025-03-08,,Monthly,19.0,Active
S09933,C09933,Basic,2025-07-23,,Monthly,19.0,Active
S09934,C09934,Professional,2026-04-24,,Annual,41.65,Active
S09935,C09935,Basic,2025-05-02,,Monthly,19.0,Active
S09936,C09936,Basic,2026-02-13,,Annual,16.15,Active
S09937,C09937,Professional,2025-06-23,,Monthly,49.0,Active
S09938,C09938,Free,2025-08-24,,Monthly,0.0,Active
S09939,C09939,Basic,2026-03-29,,Monthly,19.0,Active
S09940,C09940,Business,2026-04-30,,Annual,84.15,Active
S09941,C09941,Basic,2025-08-29,2026-02-04,Monthly,19.0,Cancelled
S09942,C09942,Basic,2025-11-12,,Monthly,19.0,Active
S09943,C09943,Basic,2025-07-09,,Monthly,19.0,Active
S09944,C09944,Business,2025-08-16,2025-10-06,Monthly,99.0,Cancelled
S09945,C09945,Professional,2025-11-29,,Annual,41.65,Active
S09946,C09946,Business,2025-11-23,,Monthly,99.0,Active
S09947,C09947,Professional,2026-04-03,,Monthly,49.0,Active
S09948,C09948,Basic,2026-04-20,2026-06-19,Monthly,19.0,Cancelled
S09949,C09949,Basic,2025-07-22,,Monthly,19.0,Active
S09950,C09950,Basic,2025-02-08,,Monthly,19.0,Active
S09951,C09951,Basic,2025-07-20,,Monthly,19.0,Active
S09952,C09952,Basic,2026-04-16,,Annual,16.15,Active
S09953,C09953,Professional,2025-12-27,,Monthly,49.0,Active
S09954,C09954,Professional,2026-04-30,2026-06-02,Monthly,49.0,Cancelled
S09955,C09955,Professional,2025-05-27,,Monthly,49.0,Active
S09956,C09956,Professional,2026-02-15,,Annual,41.65,Active
S09957,C09957,Professional,2025-05-19,,Monthly,49.0,Active
S09958,C09958,Professional,2025-01-23,,Monthly,49.0,Active
S09959,C09959,Basic,2025-05-26,,Monthly,19.0,Active
S09960,C09960,Basic,2026-02-19,,Monthly,19.0,Active
S09961,C09961,Professional,2025-02-19,,Monthly,49.0,Active
S09962,C09962,Basic,2025-06-30,2026-05-20,Monthly,19.0,Cancelled
S09963,C09963,Free,2025-09-12,2026-04-15,Annual,0.0,Cancelled
S09964,C09964,Basic,2026-04-03,,Monthly,19.0,Active
S09965,C09965,Professional,2026-03-03,,Monthly,49.0,Active
S09966,C09966,Basic,2025-04-16,,Monthly,19.0,Active
S09967,C09967,Professional,2025-12-28,,Annual,41.65,Active
S09968,C09968,Professional,2025-05-29,,Monthly,49.0,Active
S09969,C09969,Business,2025-12-24,,Monthly,99.0,Active
S09970,C09970,Basic,2025-12-30,,Monthly,19.0,Active
S09971,C09971,Basic,2025-09-07,,Annual,16.15,Active
S09972,C09972,Professional,2025-10-14,,Annual,41.65,Active
S09973,C09973,Free,2025-06-22,,Annual,0.0,Active
S09974,C09974,Professional,2025-09-14,,Monthly,49.0,Active
S09975,C09975,Professional,2025-11-16,,Monthly,49.0,Active
S09976,C09976,Professional,2026-04-23,,Annual,41.65,Active
S09977,C09977,Business,2025-09-29,,Monthly,99.0,Active
S09978,C09978,Basic,2026-04-06,2026-05-28,Monthly,19.0,Cancelled
S09979,C09979,Free,2026-03-25,2026-06-03,Monthly,0.0,Cancelled
S09980,C09980,Basic,2026-02-05,,Annual,16.15,Active
S09981,C09981,Professional,2026-03-24,,Monthly,49.0,Active
S09982,C09982,Free,2025-05-09,,Monthly,0.0,Active
S09983,C09983,Business,2026-02-27,2026-05-18,Monthly,99.0,Cancelled
S09984,C09984,Basic,2025-05-26,,Annual,16.15,Active
S09985,C09985,Professional,2025-10-13,,Annual,41.65,Active
S09986,C09986,Business,2025-04-26,,Monthly,99.0,Active
S09987,C09987,Professional,2025-06-27,2025-08-20,Monthly,49.0,Cancelled
S09988,C09988,Basic,2025-03-23,,Monthly,19.0,Active
S09989,C09989,Professional,2026-03-03,,Monthly,49.0,Active
S09990,C09990,Business,2025-07-15,,Monthly,99.0,Active
S09991,C09991,Professional,2025-03-10,,Monthly,49.0,Active
S09992,C09992,Basic,2025-08-21,,Annual,16.15,Active
S09993,C09993,Business,2026-02-17,,Annual,84.15,Active
S09994,C09994,Business,2025-09-23,2025-11-20,Monthly,99.0,Cancelled
S09995,C09995,Professional,2025-05-25,,Annual,41.65,Active
S09996,C09996,Basic,2026-02-27,,Monthly,19.0,Active
S09997,C09997,Professional,2025-02-27,,Annual,41.65,Active
S09998,C09998,Business,2025-08-13,,Monthly,99.0,Active
S09999,C09999,Basic,2026-03-18,2026-05-06,Monthly,19.0,Cancelled
S10000,C10000,Free,2025-08-05,,Monthly,0.0,Active
